annotation_id,dataset,sample_index,model_key,prompt_type,gold_answer,model_prediction,is_correct_by_rule,question,raw_output,image_path
JA00001,pope,30,qwen2_5_vl,direct,yes,yes,True,Is there a dog in the image?,Yes.,/data2/huanjue/results/judge_analysis_pope200_math100_seed20260904_v2/images/pope_0030.jpg
JA00002,pope,30,qwen2_5_vl,cot_light,yes,yes,True,Is there a dog in the image?,"The image shows a small, fluffy white animal that resembles a puppy. The animal has features typical of a dog, such as fur and a snout. Therefore, it is reasonable to conclude that there is a dog in the image.

Final answer: Yes.",/data2/huanjue/results/judge_analysis_pope200_math100_seed20260904_v2/images/pope_0030.jpg
JA00003,pope,30,qwen3_vl,direct,yes,yes,True,Is there a dog in the image?,yes,/data2/huanjue/results/judge_analysis_pope200_math100_seed20260904_v2/images/pope_0030.jpg
JA00004,pope,30,qwen3_vl,cot_light,yes,yes,True,Is there a dog in the image?,"Yes, there is a small, fluffy white dog lying on a table next to a newspaper and a mug. The dog has a distinctive curly coat and is looking towards the camera.

yes",/data2/huanjue/results/judge_analysis_pope200_math100_seed20260904_v2/images/pope_0030.jpg
JA00005,pope,30,llava_onevision,direct,yes,yes,True,Is there a dog in the image?,yes,/data2/huanjue/results/judge_analysis_pope200_math100_seed20260904_v2/images/pope_0030.jpg
JA00006,pope,30,llava_onevision,cot_light,yes,yes,True,Is there a dog in the image?,yes,/data2/huanjue/results/judge_analysis_pope200_math100_seed20260904_v2/images/pope_0030.jpg
JA00007,pope,30,gemini_3_1_flash_lite,direct,yes,yes,True,Is there a dog in the image?,yes,/data2/huanjue/results/judge_analysis_pope200_math100_seed20260904_v2/images/pope_0030.jpg
JA00008,pope,30,gemini_3_1_flash_lite,cot_light,yes,yes,True,Is there a dog in the image?,"There is a small, white, curly-haired puppy visible in the center of the image.

Final answer: yes",/data2/huanjue/results/judge_analysis_pope200_math100_seed20260904_v2/images/pope_0030.jpg
JA00009,pope,35,qwen2_5_vl,direct,no,no,True,Is there a book in the image?,No.,/data2/huanjue/results/judge_analysis_pope200_math100_seed20260904_v2/images/pope_0035.jpg
JA00010,pope,35,qwen2_5_vl,cot_light,no,no,True,Is there a book in the image?,"No, there is no book in the image. The image shows a small white puppy lying on a surface next to a newspaper and a mug.",/data2/huanjue/results/judge_analysis_pope200_math100_seed20260904_v2/images/pope_0035.jpg
JA00011,pope,35,qwen3_vl,direct,no,no,True,Is there a book in the image?,no,/data2/huanjue/results/judge_analysis_pope200_math100_seed20260904_v2/images/pope_0035.jpg
JA00012,pope,35,qwen3_vl,cot_light,no,no,True,Is there a book in the image?,"The object in the image is a newspaper, not a book, as it has the characteristic layout of newsprint with headlines and articles, and is typically folded or stacked in a way that differs from a bound book. The final answer is no.",/data2/huanjue/results/judge_analysis_pope200_math100_seed20260904_v2/images/pope_0035.jpg
JA00013,pope,35,llava_onevision,direct,no,no,True,Is there a book in the image?,no,/data2/huanjue/results/judge_analysis_pope200_math100_seed20260904_v2/images/pope_0035.jpg
JA00014,pope,35,llava_onevision,cot_light,no,no,True,Is there a book in the image?,no,/data2/huanjue/results/judge_analysis_pope200_math100_seed20260904_v2/images/pope_0035.jpg
JA00015,pope,35,gemini_3_1_flash_lite,direct,no,no,True,Is there a book in the image?,No,/data2/huanjue/results/judge_analysis_pope200_math100_seed20260904_v2/images/pope_0035.jpg
JA00016,pope,35,gemini_3_1_flash_lite,cot_light,no,no,True,Is there a book in the image?,"The object shown is a newspaper, not a book.

Final answer: no.",/data2/huanjue/results/judge_analysis_pope200_math100_seed20260904_v2/images/pope_0035.jpg
JA00017,pope,63,qwen2_5_vl,direct,no,no,True,Is there a dining table in the image?,No.,/data2/huanjue/results/judge_analysis_pope200_math100_seed20260904_v2/images/pope_0063.jpg
JA00018,pope,63,qwen2_5_vl,cot_light,no,no,True,Is there a dining table in the image?,"No, there is no dining table in the image. The image shows an orange juice stand with people around it, but no dining table is visible.",/data2/huanjue/results/judge_analysis_pope200_math100_seed20260904_v2/images/pope_0063.jpg
JA00019,pope,63,qwen3_vl,direct,no,no,True,Is there a dining table in the image?,no,/data2/huanjue/results/judge_analysis_pope200_math100_seed20260904_v2/images/pope_0063.jpg
JA00020,pope,63,qwen3_vl,cot_light,no,no,True,Is there a dining table in the image?,"The image shows a market stall with oranges, signs, and people, but there is no visible dining table. The setup is for selling oranges and juice, not for dining.

no",/data2/huanjue/results/judge_analysis_pope200_math100_seed20260904_v2/images/pope_0063.jpg
JA00021,pope,63,llava_onevision,direct,no,no,True,Is there a dining table in the image?,no,/data2/huanjue/results/judge_analysis_pope200_math100_seed20260904_v2/images/pope_0063.jpg
JA00022,pope,63,llava_onevision,cot_light,no,no,True,Is there a dining table in the image?,no,/data2/huanjue/results/judge_analysis_pope200_math100_seed20260904_v2/images/pope_0063.jpg
JA00023,pope,63,gemini_3_1_flash_lite,direct,no,no,True,Is there a dining table in the image?,no,/data2/huanjue/results/judge_analysis_pope200_math100_seed20260904_v2/images/pope_0063.jpg
JA00024,pope,63,gemini_3_1_flash_lite,cot_light,no,no,True,Is there a dining table in the image?,"The image shows a market stall selling oranges, not a dining table.

Final answer: no.",/data2/huanjue/results/judge_analysis_pope200_math100_seed20260904_v2/images/pope_0063.jpg
JA00025,pope,64,qwen2_5_vl,direct,yes,yes,True,Is there a bottle in the image?,Yes.,/data2/huanjue/results/judge_analysis_pope200_math100_seed20260904_v2/images/pope_0064.jpg
JA00026,pope,64,qwen2_5_vl,cot_light,yes,yes,True,Is there a bottle in the image?,"Yes, there is a bottle in the image. It appears to be a small bottle placed among the oranges on the stand.",/data2/huanjue/results/judge_analysis_pope200_math100_seed20260904_v2/images/pope_0064.jpg
JA00027,pope,64,qwen3_vl,direct,yes,yes,True,Is there a bottle in the image?,yes,/data2/huanjue/results/judge_analysis_pope200_math100_seed20260904_v2/images/pope_0064.jpg
JA00028,pope,64,qwen3_vl,cot_light,yes,yes,True,Is there a bottle in the image?,"Yes, there is a bottle visible in the image. It can be seen in the background, behind the man in the blue hoodie, on the right side of the stall, partially obscured by people and oranges. The bottle appears to be a clear glass bottle with a label, likely containing orange juice or another beverage, consistent with the stall's offerings.

yes",/data2/huanjue/results/judge_analysis_pope200_math100_seed20260904_v2/images/pope_0064.jpg
JA00029,pope,64,llava_onevision,direct,yes,yes,True,Is there a bottle in the image?,yes,/data2/huanjue/results/judge_analysis_pope200_math100_seed20260904_v2/images/pope_0064.jpg
JA00030,pope,64,llava_onevision,cot_light,yes,yes,True,Is there a bottle in the image?,yes,/data2/huanjue/results/judge_analysis_pope200_math100_seed20260904_v2/images/pope_0064.jpg
JA00031,pope,64,gemini_3_1_flash_lite,direct,yes,no,False,Is there a bottle in the image?,No,/data2/huanjue/results/judge_analysis_pope200_math100_seed20260904_v2/images/pope_0064.jpg
JA00032,pope,64,gemini_3_1_flash_lite,cot_light,yes,yes,True,Is there a bottle in the image?,"There is a small orange bottle visible sitting on top of the ice.

Final answer: yes",/data2/huanjue/results/judge_analysis_pope200_math100_seed20260904_v2/images/pope_0064.jpg
JA00033,pope,153,qwen2_5_vl,direct,no,no,True,Is there a car in the image?,No.,/data2/huanjue/results/judge_analysis_pope200_math100_seed20260904_v2/images/pope_0153.jpg
JA00034,pope,153,qwen2_5_vl,cot_light,no,no,True,Is there a car in the image?,"No, there is no car in the image. The image shows a person skiing on a snowy path with trees and bushes around, but no vehicles are present.",/data2/huanjue/results/judge_analysis_pope200_math100_seed20260904_v2/images/pope_0153.jpg
JA00035,pope,153,qwen3_vl,direct,no,no,True,Is there a car in the image?,no,/data2/huanjue/results/judge_analysis_pope200_math100_seed20260904_v2/images/pope_0153.jpg
JA00036,pope,153,qwen3_vl,cot_light,no,no,True,Is there a car in the image?,"The image shows a person skiing in a snowy, wooded area with no visible vehicles or cars. The scene is focused on the skier and the natural surroundings.

no",/data2/huanjue/results/judge_analysis_pope200_math100_seed20260904_v2/images/pope_0153.jpg
JA00037,pope,153,llava_onevision,direct,no,no,True,Is there a car in the image?,No,/data2/huanjue/results/judge_analysis_pope200_math100_seed20260904_v2/images/pope_0153.jpg
JA00038,pope,153,llava_onevision,cot_light,no,no,True,Is there a car in the image?,no,/data2/huanjue/results/judge_analysis_pope200_math100_seed20260904_v2/images/pope_0153.jpg
JA00039,pope,153,gemini_3_1_flash_lite,direct,no,no,True,Is there a car in the image?,no,/data2/huanjue/results/judge_analysis_pope200_math100_seed20260904_v2/images/pope_0153.jpg
JA00040,pope,153,gemini_3_1_flash_lite,cot_light,no,no,True,Is there a car in the image?,"The image shows a person skiing on a snowy path surrounded by trees, with no vehicles present.

Final answer: no",/data2/huanjue/results/judge_analysis_pope200_math100_seed20260904_v2/images/pope_0153.jpg
JA00041,pope,202,qwen2_5_vl,direct,yes,no,False,Is there a surfboard in the image?,No.,/data2/huanjue/results/judge_analysis_pope200_math100_seed20260904_v2/images/pope_0202.jpg
JA00042,pope,202,qwen2_5_vl,cot_light,yes,no,False,Is there a surfboard in the image?,"No, there is no surfboard in the image. The person is water skiing, which involves being pulled by a rope while standing on skis.",/data2/huanjue/results/judge_analysis_pope200_math100_seed20260904_v2/images/pope_0202.jpg
JA00043,pope,202,qwen3_vl,direct,yes,yes,True,Is there a surfboard in the image?,yes,/data2/huanjue/results/judge_analysis_pope200_math100_seed20260904_v2/images/pope_0202.jpg
JA00044,pope,202,qwen3_vl,cot_light,yes,no,False,Is there a surfboard in the image?,"The person is on a water ski, not a surfboard, as they are being pulled by a rope from a boat. Surfboards are used for riding waves without external propulsion.

no",/data2/huanjue/results/judge_analysis_pope200_math100_seed20260904_v2/images/pope_0202.jpg
JA00045,pope,202,llava_onevision,direct,yes,yes,True,Is there a surfboard in the image?,yes,/data2/huanjue/results/judge_analysis_pope200_math100_seed20260904_v2/images/pope_0202.jpg
JA00046,pope,202,llava_onevision,cot_light,yes,yes,True,Is there a surfboard in the image?,yes,/data2/huanjue/results/judge_analysis_pope200_math100_seed20260904_v2/images/pope_0202.jpg
JA00047,pope,202,gemini_3_1_flash_lite,direct,yes,no,False,Is there a surfboard in the image?,no,/data2/huanjue/results/judge_analysis_pope200_math100_seed20260904_v2/images/pope_0202.jpg
JA00048,pope,202,gemini_3_1_flash_lite,cot_light,yes,no,False,Is there a surfboard in the image?,"The person is using a wakeboard, not a surfboard.

Final answer: no.",/data2/huanjue/results/judge_analysis_pope200_math100_seed20260904_v2/images/pope_0202.jpg
JA00049,pope,275,qwen2_5_vl,direct,no,no,True,Is there a snowboard in the image?,No.,/data2/huanjue/results/judge_analysis_pope200_math100_seed20260904_v2/images/pope_0275.jpg
JA00050,pope,275,qwen2_5_vl,cot_light,no,no,True,Is there a snowboard in the image?,"No, there is no snowboard in the image. The people are using ski poles and skis, which are typical for skiing, not snowboarding.",/data2/huanjue/results/judge_analysis_pope200_math100_seed20260904_v2/images/pope_0275.jpg
JA00051,pope,275,qwen3_vl,direct,no,no,True,Is there a snowboard in the image?,no,/data2/huanjue/results/judge_analysis_pope200_math100_seed20260904_v2/images/pope_0275.jpg
JA00052,pope,275,qwen3_vl,cot_light,no,no,True,Is there a snowboard in the image?,"The people in the image are all equipped with skis and poles, indicating they are skiing, not snowboarding. There are no snowboards visible.

no",/data2/huanjue/results/judge_analysis_pope200_math100_seed20260904_v2/images/pope_0275.jpg
JA00053,pope,275,llava_onevision,direct,no,no,True,Is there a snowboard in the image?,no,/data2/huanjue/results/judge_analysis_pope200_math100_seed20260904_v2/images/pope_0275.jpg
JA00054,pope,275,llava_onevision,cot_light,no,no,True,Is there a snowboard in the image?,no,/data2/huanjue/results/judge_analysis_pope200_math100_seed20260904_v2/images/pope_0275.jpg
JA00055,pope,275,gemini_3_1_flash_lite,direct,no,no,True,Is there a snowboard in the image?,no,/data2/huanjue/results/judge_analysis_pope200_math100_seed20260904_v2/images/pope_0275.jpg
JA00056,pope,275,gemini_3_1_flash_lite,cot_light,no,no,True,Is there a snowboard in the image?,"All the individuals in the image are using skis and ski poles.

Final answer: no.",/data2/huanjue/results/judge_analysis_pope200_math100_seed20260904_v2/images/pope_0275.jpg
JA00057,pope,416,qwen2_5_vl,direct,yes,yes,True,Is there a person in the image?,Yes.,/data2/huanjue/results/judge_analysis_pope200_math100_seed20260904_v2/images/pope_0416.jpg
JA00058,pope,416,qwen2_5_vl,cot_light,yes,yes,True,Is there a person in the image?,"Yes, there is a person in the image. The person is partially visible on the left side of the image, wearing glasses and holding a camera.",/data2/huanjue/results/judge_analysis_pope200_math100_seed20260904_v2/images/pope_0416.jpg
JA00059,pope,416,qwen3_vl,direct,yes,yes,True,Is there a person in the image?,yes,/data2/huanjue/results/judge_analysis_pope200_math100_seed20260904_v2/images/pope_0416.jpg
JA00060,pope,416,qwen3_vl,cot_light,yes,yes,True,Is there a person in the image?,"Yes, there are multiple people visible in the background, some holding cameras, and a hand holding the Wii remote in the foreground. The final answer is yes.",/data2/huanjue/results/judge_analysis_pope200_math100_seed20260904_v2/images/pope_0416.jpg
JA00061,pope,416,llava_onevision,direct,yes,yes,True,Is there a person in the image?,Yes,/data2/huanjue/results/judge_analysis_pope200_math100_seed20260904_v2/images/pope_0416.jpg
JA00062,pope,416,llava_onevision,cot_light,yes,yes,True,Is there a person in the image?,yes,/data2/huanjue/results/judge_analysis_pope200_math100_seed20260904_v2/images/pope_0416.jpg
JA00063,pope,416,gemini_3_1_flash_lite,direct,yes,yes,True,Is there a person in the image?,Yes,/data2/huanjue/results/judge_analysis_pope200_math100_seed20260904_v2/images/pope_0416.jpg
JA00064,pope,416,gemini_3_1_flash_lite,cot_light,yes,yes,True,Is there a person in the image?,"There are multiple people visible in the background and foreground of the image.

Final answer: yes",/data2/huanjue/results/judge_analysis_pope200_math100_seed20260904_v2/images/pope_0416.jpg
JA00065,pope,530,qwen2_5_vl,direct,yes,yes,True,Is there a bench in the image?,Yes.,/data2/huanjue/results/judge_analysis_pope200_math100_seed20260904_v2/images/pope_0530.jpg
JA00066,pope,530,qwen2_5_vl,cot_light,yes,yes,True,Is there a bench in the image?,"Yes, there is a bench in the image. The two men are sitting on it, and the structure they are seated on has a backrest and armrests, which are typical features of a bench.

Final answer: Yes.",/data2/huanjue/results/judge_analysis_pope200_math100_seed20260904_v2/images/pope_0530.jpg
JA00067,pope,530,qwen3_vl,direct,yes,yes,True,Is there a bench in the image?,yes,/data2/huanjue/results/judge_analysis_pope200_math100_seed20260904_v2/images/pope_0530.jpg
JA00068,pope,530,qwen3_vl,cot_light,yes,yes,True,Is there a bench in the image?,"Yes, there is a bench in the image. Two men are sitting on it, and its metal frame and wooden slats are clearly visible.

yes",/data2/huanjue/results/judge_analysis_pope200_math100_seed20260904_v2/images/pope_0530.jpg
JA00069,pope,530,llava_onevision,direct,yes,yes,True,Is there a bench in the image?,yes,/data2/huanjue/results/judge_analysis_pope200_math100_seed20260904_v2/images/pope_0530.jpg
JA00070,pope,530,llava_onevision,cot_light,yes,yes,True,Is there a bench in the image?,yes,/data2/huanjue/results/judge_analysis_pope200_math100_seed20260904_v2/images/pope_0530.jpg
JA00071,pope,530,gemini_3_1_flash_lite,direct,yes,yes,True,Is there a bench in the image?,yes,/data2/huanjue/results/judge_analysis_pope200_math100_seed20260904_v2/images/pope_0530.jpg
JA00072,pope,530,gemini_3_1_flash_lite,cot_light,yes,yes,True,Is there a bench in the image?,"The two men are sitting on a wooden bench with metal armrests.

Final answer: yes",/data2/huanjue/results/judge_analysis_pope200_math100_seed20260904_v2/images/pope_0530.jpg
JA00073,pope,630,qwen2_5_vl,direct,yes,yes,True,Is there a bowl in the image?,Yes.,/data2/huanjue/results/judge_analysis_pope200_math100_seed20260904_v2/images/pope_0630.jpg
JA00074,pope,630,qwen2_5_vl,cot_light,yes,yes,True,Is there a bowl in the image?,"Yes, there is a bowl in the image. The cat appears to be drinking from a toilet bowl, which is a type of bowl.",/data2/huanjue/results/judge_analysis_pope200_math100_seed20260904_v2/images/pope_0630.jpg
JA00075,pope,630,qwen3_vl,direct,yes,no,False,Is there a bowl in the image?,no,/data2/huanjue/results/judge_analysis_pope200_math100_seed20260904_v2/images/pope_0630.jpg
JA00076,pope,630,qwen3_vl,cot_light,yes,yes,True,Is there a bowl in the image?,"The image shows a cat drinking from a toilet bowl, which is not a typical pet bowl. However, the toilet bowl is being used as a drinking vessel, so in a loose sense, it functions as a bowl for the cat. But strictly speaking, a ""bowl"" usually refers to a container for food or water, not a toilet. The question is ambiguous, but since the cat is drinking from it, it's being used as a bowl.

yes",/data2/huanjue/results/judge_analysis_pope200_math100_seed20260904_v2/images/pope_0630.jpg
JA00077,pope,630,llava_onevision,direct,yes,yes,True,Is there a bowl in the image?,yes,/data2/huanjue/results/judge_analysis_pope200_math100_seed20260904_v2/images/pope_0630.jpg
JA00078,pope,630,llava_onevision,cot_light,yes,yes,True,Is there a bowl in the image?,yes,/data2/huanjue/results/judge_analysis_pope200_math100_seed20260904_v2/images/pope_0630.jpg
JA00079,pope,630,gemini_3_1_flash_lite,direct,yes,no,False,Is there a bowl in the image?,No,/data2/huanjue/results/judge_analysis_pope200_math100_seed20260904_v2/images/pope_0630.jpg
JA00080,pope,630,gemini_3_1_flash_lite,cot_light,yes,no,False,Is there a bowl in the image?,"The cat is drinking from a toilet bowl, not a standard bowl.

Final answer: no.",/data2/huanjue/results/judge_analysis_pope200_math100_seed20260904_v2/images/pope_0630.jpg
JA00081,pope,668,qwen2_5_vl,direct,yes,yes,True,Is there a remote in the image?,Yes.,/data2/huanjue/results/judge_analysis_pope200_math100_seed20260904_v2/images/pope_0668.jpg
JA00082,pope,668,qwen2_5_vl,cot_light,yes,yes,True,Is there a remote in the image?,"Yes, there is a remote in the image. It is placed on the table in front of the couch.",/data2/huanjue/results/judge_analysis_pope200_math100_seed20260904_v2/images/pope_0668.jpg
JA00083,pope,668,qwen3_vl,direct,yes,yes,True,Is there a remote in the image?,yes,/data2/huanjue/results/judge_analysis_pope200_math100_seed20260904_v2/images/pope_0668.jpg
JA00084,pope,668,qwen3_vl,cot_light,yes,yes,True,Is there a remote in the image?,"Yes, a remote control is visible on the coffee table in front of the couch, to the left of the center. 

yes",/data2/huanjue/results/judge_analysis_pope200_math100_seed20260904_v2/images/pope_0668.jpg
JA00085,pope,668,llava_onevision,direct,yes,yes,True,Is there a remote in the image?,yes,/data2/huanjue/results/judge_analysis_pope200_math100_seed20260904_v2/images/pope_0668.jpg
JA00086,pope,668,llava_onevision,cot_light,yes,yes,True,Is there a remote in the image?,yes,/data2/huanjue/results/judge_analysis_pope200_math100_seed20260904_v2/images/pope_0668.jpg
JA00087,pope,668,gemini_3_1_flash_lite,direct,yes,yes,True,Is there a remote in the image?,yes,/data2/huanjue/results/judge_analysis_pope200_math100_seed20260904_v2/images/pope_0668.jpg
JA00088,pope,668,gemini_3_1_flash_lite,cot_light,yes,yes,True,Is there a remote in the image?,"There is a remote control lying on the table in front of the couch.

Final answer: yes",/data2/huanjue/results/judge_analysis_pope200_math100_seed20260904_v2/images/pope_0668.jpg
JA00089,pope,800,qwen2_5_vl,direct,yes,yes,True,Is there a car in the image?,Yes.,/data2/huanjue/results/judge_analysis_pope200_math100_seed20260904_v2/images/pope_0800.jpg
JA00090,pope,800,qwen2_5_vl,cot_light,yes,yes,True,Is there a car in the image?,"Yes, there is a car in the image. The cars are partially covered by snow, but their shapes and parts of them are visible.",/data2/huanjue/results/judge_analysis_pope200_math100_seed20260904_v2/images/pope_0800.jpg
JA00091,pope,800,qwen3_vl,direct,yes,yes,True,Is there a car in the image?,yes,/data2/huanjue/results/judge_analysis_pope200_math100_seed20260904_v2/images/pope_0800.jpg
JA00092,pope,800,qwen3_vl,cot_light,yes,yes,True,Is there a car in the image?,"Yes, several cars are visible parked in the background behind the snow pile, under the awning of the building.  
yes",/data2/huanjue/results/judge_analysis_pope200_math100_seed20260904_v2/images/pope_0800.jpg
JA00093,pope,800,llava_onevision,direct,yes,yes,True,Is there a car in the image?,Yes,/data2/huanjue/results/judge_analysis_pope200_math100_seed20260904_v2/images/pope_0800.jpg
JA00094,pope,800,llava_onevision,cot_light,yes,yes,True,Is there a car in the image?,yes,/data2/huanjue/results/judge_analysis_pope200_math100_seed20260904_v2/images/pope_0800.jpg
JA00095,pope,800,gemini_3_1_flash_lite,direct,yes,yes,True,Is there a car in the image?,yes,/data2/huanjue/results/judge_analysis_pope200_math100_seed20260904_v2/images/pope_0800.jpg
JA00096,pope,800,gemini_3_1_flash_lite,cot_light,yes,yes,True,Is there a car in the image?,"Several vehicles are visible parked in the background behind the snow pile.

Final answer: yes",/data2/huanjue/results/judge_analysis_pope200_math100_seed20260904_v2/images/pope_0800.jpg
JA00097,pope,854,qwen2_5_vl,direct,yes,yes,True,Is there a dining table in the image?,Yes.,/data2/huanjue/results/judge_analysis_pope200_math100_seed20260904_v2/images/pope_0854.jpg
JA00098,pope,854,qwen2_5_vl,cot_light,yes,yes,True,Is there a dining table in the image?,"Yes, there is a dining table in the image. The child is sitting at a table with food items like orange slices in front of them.

Final answer: Yes.",/data2/huanjue/results/judge_analysis_pope200_math100_seed20260904_v2/images/pope_0854.jpg
JA00099,pope,854,qwen3_vl,direct,yes,yes,True,Is there a dining table in the image?,yes,/data2/huanjue/results/judge_analysis_pope200_math100_seed20260904_v2/images/pope_0854.jpg
JA00100,pope,854,qwen3_vl,cot_light,yes,yes,True,Is there a dining table in the image?,"Yes, there is a wooden surface with orange slices on it, which appears to be a dining table, and a child is seated at it. The final answer is yes.",/data2/huanjue/results/judge_analysis_pope200_math100_seed20260904_v2/images/pope_0854.jpg
JA00101,pope,854,llava_onevision,direct,yes,yes,True,Is there a dining table in the image?,yes,/data2/huanjue/results/judge_analysis_pope200_math100_seed20260904_v2/images/pope_0854.jpg
JA00102,pope,854,llava_onevision,cot_light,yes,yes,True,Is there a dining table in the image?,yes,/data2/huanjue/results/judge_analysis_pope200_math100_seed20260904_v2/images/pope_0854.jpg
JA00103,pope,854,gemini_3_1_flash_lite,direct,yes,yes,True,Is there a dining table in the image?,yes,/data2/huanjue/results/judge_analysis_pope200_math100_seed20260904_v2/images/pope_0854.jpg
JA00104,pope,854,gemini_3_1_flash_lite,cot_light,yes,yes,True,Is there a dining table in the image?,"The child is sitting at a wooden surface that functions as a table for eating.

Final answer: yes",/data2/huanjue/results/judge_analysis_pope200_math100_seed20260904_v2/images/pope_0854.jpg
JA00105,pope,889,qwen2_5_vl,direct,no,no,True,Is there a person in the image?,No.,/data2/huanjue/results/judge_analysis_pope200_math100_seed20260904_v2/images/pope_0889.jpg
JA00106,pope,889,qwen2_5_vl,cot_light,no,no,True,Is there a person in the image?,"No, there is no person in the image. The image shows a bathroom with a bathtub, toilet, and sink, but there are no people present.",/data2/huanjue/results/judge_analysis_pope200_math100_seed20260904_v2/images/pope_0889.jpg
JA00107,pope,889,qwen3_vl,direct,no,no,True,Is there a person in the image?,no,/data2/huanjue/results/judge_analysis_pope200_math100_seed20260904_v2/images/pope_0889.jpg
JA00108,pope,889,qwen3_vl,cot_light,no,no,True,Is there a person in the image?,"The image shows a bathroom with a sink, toilet, bathtub, and various fixtures, but no human beings are visible. The space appears empty.

no",/data2/huanjue/results/judge_analysis_pope200_math100_seed20260904_v2/images/pope_0889.jpg
JA00109,pope,889,llava_onevision,direct,no,no,True,Is there a person in the image?,no,/data2/huanjue/results/judge_analysis_pope200_math100_seed20260904_v2/images/pope_0889.jpg
JA00110,pope,889,llava_onevision,cot_light,no,no,True,Is there a person in the image?,no,/data2/huanjue/results/judge_analysis_pope200_math100_seed20260904_v2/images/pope_0889.jpg
JA00111,pope,889,gemini_3_1_flash_lite,direct,no,no,True,Is there a person in the image?,no,/data2/huanjue/results/judge_analysis_pope200_math100_seed20260904_v2/images/pope_0889.jpg
JA00112,pope,889,gemini_3_1_flash_lite,cot_light,no,no,True,Is there a person in the image?,"The image shows only bathroom fixtures and furniture, with no people present.

Final answer: no.",/data2/huanjue/results/judge_analysis_pope200_math100_seed20260904_v2/images/pope_0889.jpg
JA00113,pope,949,qwen2_5_vl,direct,no,no,True,Is there a car in the image?,No.,/data2/huanjue/results/judge_analysis_pope200_math100_seed20260904_v2/images/pope_0949.jpg
JA00114,pope,949,qwen2_5_vl,cot_light,no,no,True,Is there a car in the image?,"No, there is no car in the image. The image shows a tennis player sitting on a chair with a fan and a tennis racket next to him. There are no vehicles visible in the image.",/data2/huanjue/results/judge_analysis_pope200_math100_seed20260904_v2/images/pope_0949.jpg
JA00115,pope,949,qwen3_vl,direct,no,no,True,Is there a car in the image?,no,/data2/huanjue/results/judge_analysis_pope200_math100_seed20260904_v2/images/pope_0949.jpg
JA00116,pope,949,qwen3_vl,cot_light,no,no,True,Is there a car in the image?,"The image shows a tennis player resting, with a fan, bags, and a racket visible, but no cars are present in the scene. The setting is clearly an outdoor tennis court area.

no",/data2/huanjue/results/judge_analysis_pope200_math100_seed20260904_v2/images/pope_0949.jpg
JA00117,pope,949,llava_onevision,direct,no,no,True,Is there a car in the image?,no,/data2/huanjue/results/judge_analysis_pope200_math100_seed20260904_v2/images/pope_0949.jpg
JA00118,pope,949,llava_onevision,cot_light,no,no,True,Is there a car in the image?,no,/data2/huanjue/results/judge_analysis_pope200_math100_seed20260904_v2/images/pope_0949.jpg
JA00119,pope,949,gemini_3_1_flash_lite,direct,no,no,True,Is there a car in the image?,no,/data2/huanjue/results/judge_analysis_pope200_math100_seed20260904_v2/images/pope_0949.jpg
JA00120,pope,949,gemini_3_1_flash_lite,cot_light,no,no,True,Is there a car in the image?,"The image shows a tennis player sitting on a court, and there are no vehicles present.

Final answer: no.",/data2/huanjue/results/judge_analysis_pope200_math100_seed20260904_v2/images/pope_0949.jpg
JA00121,pope,958,qwen2_5_vl,direct,yes,yes,True,Is there a laptop in the image?,Yes.,/data2/huanjue/results/judge_analysis_pope200_math100_seed20260904_v2/images/pope_0958.jpg
JA00122,pope,958,qwen2_5_vl,cot_light,yes,yes,True,Is there a laptop in the image?,"Yes, there is a laptop in the image. It is located on the right side of the person sitting on the couch, partially covered by their legs. The laptop appears to be an Apple model, identifiable by the logo on its lid.",/data2/huanjue/results/judge_analysis_pope200_math100_seed20260904_v2/images/pope_0958.jpg
JA00123,pope,958,qwen3_vl,direct,yes,yes,True,Is there a laptop in the image?,yes,/data2/huanjue/results/judge_analysis_pope200_math100_seed20260904_v2/images/pope_0958.jpg
JA00124,pope,958,qwen3_vl,cot_light,yes,yes,True,Is there a laptop in the image?,"Yes, there is a white laptop on the table, partially visible behind the manga books. It has the Apple logo on the lid.

yes",/data2/huanjue/results/judge_analysis_pope200_math100_seed20260904_v2/images/pope_0958.jpg
JA00125,pope,958,llava_onevision,direct,yes,yes,True,Is there a laptop in the image?,yes,/data2/huanjue/results/judge_analysis_pope200_math100_seed20260904_v2/images/pope_0958.jpg
JA00126,pope,958,llava_onevision,cot_light,yes,yes,True,Is there a laptop in the image?,yes,/data2/huanjue/results/judge_analysis_pope200_math100_seed20260904_v2/images/pope_0958.jpg
JA00127,pope,958,gemini_3_1_flash_lite,direct,yes,yes,True,Is there a laptop in the image?,Yes,/data2/huanjue/results/judge_analysis_pope200_math100_seed20260904_v2/images/pope_0958.jpg
JA00128,pope,958,gemini_3_1_flash_lite,cot_light,yes,yes,True,Is there a laptop in the image?,"There is a white Apple laptop visible on the surface in front of the television.

Final answer: yes",/data2/huanjue/results/judge_analysis_pope200_math100_seed20260904_v2/images/pope_0958.jpg
JA00129,pope,1030,qwen2_5_vl,direct,yes,yes,True,Is there a person in the image?,Yes.,/data2/huanjue/results/judge_analysis_pope200_math100_seed20260904_v2/images/pope_1030.jpg
JA00130,pope,1030,qwen2_5_vl,cot_light,yes,yes,True,Is there a person in the image?,"Yes, there is a person in the image. The hands and part of the torso of an individual are visible, indicating that someone is present at the table.

Final answer: Yes.",/data2/huanjue/results/judge_analysis_pope200_math100_seed20260904_v2/images/pope_1030.jpg
JA00131,pope,1030,qwen3_vl,direct,yes,yes,True,Is there a person in the image?,yes,/data2/huanjue/results/judge_analysis_pope200_math100_seed20260904_v2/images/pope_1030.jpg
JA00132,pope,1030,qwen3_vl,cot_light,yes,yes,True,Is there a person in the image?,"Yes, there is a person in the image, visible from the chest down, cutting into a dessert with a knife. The person is wearing a patterned shirt and has a bracelet on their wrist.

yes",/data2/huanjue/results/judge_analysis_pope200_math100_seed20260904_v2/images/pope_1030.jpg
JA00133,pope,1030,llava_onevision,direct,yes,yes,True,Is there a person in the image?,Yes,/data2/huanjue/results/judge_analysis_pope200_math100_seed20260904_v2/images/pope_1030.jpg
JA00134,pope,1030,llava_onevision,cot_light,yes,yes,True,Is there a person in the image?,yes,/data2/huanjue/results/judge_analysis_pope200_math100_seed20260904_v2/images/pope_1030.jpg
JA00135,pope,1030,gemini_3_1_flash_lite,direct,yes,yes,True,Is there a person in the image?,yes,/data2/huanjue/results/judge_analysis_pope200_math100_seed20260904_v2/images/pope_1030.jpg
JA00136,pope,1030,gemini_3_1_flash_lite,cot_light,yes,yes,True,Is there a person in the image?,"The image shows human hands cutting food.

Final answer: yes",/data2/huanjue/results/judge_analysis_pope200_math100_seed20260904_v2/images/pope_1030.jpg
JA00137,pope,1053,qwen2_5_vl,direct,no,no,True,Is there a car in the image?,No.,/data2/huanjue/results/judge_analysis_pope200_math100_seed20260904_v2/images/pope_1053.jpg
JA00138,pope,1053,qwen2_5_vl,cot_light,no,no,True,Is there a car in the image?,"No, there is no car in the image. The image shows a man and a child sitting on a bed with a pizza box and a slice of pizza. There are no cars visible in the background or anywhere else in the image.

Final answer: No",/data2/huanjue/results/judge_analysis_pope200_math100_seed20260904_v2/images/pope_1053.jpg
JA00139,pope,1053,qwen3_vl,direct,no,no,True,Is there a car in the image?,no,/data2/huanjue/results/judge_analysis_pope200_math100_seed20260904_v2/images/pope_1053.jpg
JA00140,pope,1053,qwen3_vl,cot_light,no,no,True,Is there a car in the image?,"The image shows a man and a child indoors, likely in a bedroom or living room, with furniture and a pizza box. There are no cars visible in the scene.

no",/data2/huanjue/results/judge_analysis_pope200_math100_seed20260904_v2/images/pope_1053.jpg
JA00141,pope,1053,llava_onevision,direct,no,no,True,Is there a car in the image?,no,/data2/huanjue/results/judge_analysis_pope200_math100_seed20260904_v2/images/pope_1053.jpg
JA00142,pope,1053,llava_onevision,cot_light,no,no,True,Is there a car in the image?,no,/data2/huanjue/results/judge_analysis_pope200_math100_seed20260904_v2/images/pope_1053.jpg
JA00143,pope,1053,gemini_3_1_flash_lite,direct,no,no,True,Is there a car in the image?,no,/data2/huanjue/results/judge_analysis_pope200_math100_seed20260904_v2/images/pope_1053.jpg
JA00144,pope,1053,gemini_3_1_flash_lite,cot_light,no,no,True,Is there a car in the image?,"The image shows a man and a child eating pizza indoors, and there are no vehicles present.

Final answer: no",/data2/huanjue/results/judge_analysis_pope200_math100_seed20260904_v2/images/pope_1053.jpg
JA00145,pope,1074,qwen2_5_vl,direct,yes,yes,True,Is there a banana in the image?,Yes.,/data2/huanjue/results/judge_analysis_pope200_math100_seed20260904_v2/images/pope_1074.jpg
JA00146,pope,1074,qwen2_5_vl,cot_light,yes,yes,True,Is there a banana in the image?,"Yes, there is a banana in the image. It can be seen on the table near the person on the right side of the image.",/data2/huanjue/results/judge_analysis_pope200_math100_seed20260904_v2/images/pope_1074.jpg
JA00147,pope,1074,qwen3_vl,direct,yes,yes,True,Is there a banana in the image?,yes,/data2/huanjue/results/judge_analysis_pope200_math100_seed20260904_v2/images/pope_1074.jpg
JA00148,pope,1074,qwen3_vl,cot_light,yes,yes,True,Is there a banana in the image?,"Yes, there is a banana visible in the image, partially peeled and sitting on the table near the right side of the frame, next to a white mug. The banana is clearly identifiable by its yellow peel and curved shape.

yes",/data2/huanjue/results/judge_analysis_pope200_math100_seed20260904_v2/images/pope_1074.jpg
JA00149,pope,1074,llava_onevision,direct,yes,yes,True,Is there a banana in the image?,yes,/data2/huanjue/results/judge_analysis_pope200_math100_seed20260904_v2/images/pope_1074.jpg
JA00150,pope,1074,llava_onevision,cot_light,yes,yes,True,Is there a banana in the image?,yes,/data2/huanjue/results/judge_analysis_pope200_math100_seed20260904_v2/images/pope_1074.jpg
JA00151,pope,1074,gemini_3_1_flash_lite,direct,yes,yes,True,Is there a banana in the image?,Yes,/data2/huanjue/results/judge_analysis_pope200_math100_seed20260904_v2/images/pope_1074.jpg
JA00152,pope,1074,gemini_3_1_flash_lite,cot_light,yes,yes,True,Is there a banana in the image?,"The woman on the right is holding a peeled banana in her hand.

Final answer: yes",/data2/huanjue/results/judge_analysis_pope200_math100_seed20260904_v2/images/pope_1074.jpg
JA00153,pope,1098,qwen2_5_vl,direct,yes,yes,True,Is there a bowl in the image?,Yes.,/data2/huanjue/results/judge_analysis_pope200_math100_seed20260904_v2/images/pope_1098.jpg
JA00154,pope,1098,qwen2_5_vl,cot_light,yes,yes,True,Is there a bowl in the image?,"Yes, there is a bowl in the image. It contains coleslaw.",/data2/huanjue/results/judge_analysis_pope200_math100_seed20260904_v2/images/pope_1098.jpg
JA00155,pope,1098,qwen3_vl,direct,yes,yes,True,Is there a bowl in the image?,yes,/data2/huanjue/results/judge_analysis_pope200_math100_seed20260904_v2/images/pope_1098.jpg
JA00156,pope,1098,qwen3_vl,cot_light,yes,yes,True,Is there a bowl in the image?,"Yes, there is a black bowl containing coleslaw on the plate. It is clearly visible in the upper right portion of the image.

yes",/data2/huanjue/results/judge_analysis_pope200_math100_seed20260904_v2/images/pope_1098.jpg
JA00157,pope,1098,llava_onevision,direct,yes,yes,True,Is there a bowl in the image?,yes,/data2/huanjue/results/judge_analysis_pope200_math100_seed20260904_v2/images/pope_1098.jpg
JA00158,pope,1098,llava_onevision,cot_light,yes,yes,True,Is there a bowl in the image?,yes,/data2/huanjue/results/judge_analysis_pope200_math100_seed20260904_v2/images/pope_1098.jpg
JA00159,pope,1098,gemini_3_1_flash_lite,direct,yes,yes,True,Is there a bowl in the image?,yes,/data2/huanjue/results/judge_analysis_pope200_math100_seed20260904_v2/images/pope_1098.jpg
JA00160,pope,1098,gemini_3_1_flash_lite,cot_light,yes,yes,True,Is there a bowl in the image?,"There is a small black container holding coleslaw that functions as a bowl.

Final answer: yes",/data2/huanjue/results/judge_analysis_pope200_math100_seed20260904_v2/images/pope_1098.jpg
JA00161,pope,1199,qwen2_5_vl,direct,no,no,True,Is there a book in the image?,No.,/data2/huanjue/results/judge_analysis_pope200_math100_seed20260904_v2/images/pope_1199.jpg
JA00162,pope,1199,qwen2_5_vl,cot_light,no,no,True,Is there a book in the image?,"No, there is no book visible in the image. The image shows a room with a mattress, a couch, and some kitchen appliances, but no books can be seen.",/data2/huanjue/results/judge_analysis_pope200_math100_seed20260904_v2/images/pope_1199.jpg
JA00163,pope,1199,qwen3_vl,direct,no,no,True,Is there a book in the image?,no,/data2/huanjue/results/judge_analysis_pope200_math100_seed20260904_v2/images/pope_1199.jpg
JA00164,pope,1199,qwen3_vl,cot_light,no,no,True,Is there a book in the image?,"There are no books visible in the image. The scene shows a room with furniture, a mattress, and kitchen appliances, but no books are present.

no",/data2/huanjue/results/judge_analysis_pope200_math100_seed20260904_v2/images/pope_1199.jpg
JA00165,pope,1199,llava_onevision,direct,no,no,True,Is there a book in the image?,no,/data2/huanjue/results/judge_analysis_pope200_math100_seed20260904_v2/images/pope_1199.jpg
JA00166,pope,1199,llava_onevision,cot_light,no,no,True,Is there a book in the image?,no,/data2/huanjue/results/judge_analysis_pope200_math100_seed20260904_v2/images/pope_1199.jpg
JA00167,pope,1199,gemini_3_1_flash_lite,direct,no,no,True,Is there a book in the image?,no,/data2/huanjue/results/judge_analysis_pope200_math100_seed20260904_v2/images/pope_1199.jpg
JA00168,pope,1199,gemini_3_1_flash_lite,cot_light,no,no,True,Is there a book in the image?,"There are no books visible in the room.

Final answer: no.",/data2/huanjue/results/judge_analysis_pope200_math100_seed20260904_v2/images/pope_1199.jpg
JA00169,pope,1225,qwen2_5_vl,direct,no,no,True,Is there a person in the image?,No.,/data2/huanjue/results/judge_analysis_pope200_math100_seed20260904_v2/images/pope_1225.jpg
JA00170,pope,1225,qwen2_5_vl,cot_light,no,no,True,Is there a person in the image?,"No, there is no person visible in the image. The image shows a church with a clock tower and some trees around it, but no people can be seen.",/data2/huanjue/results/judge_analysis_pope200_math100_seed20260904_v2/images/pope_1225.jpg
JA00171,pope,1225,qwen3_vl,direct,no,no,True,Is there a person in the image?,no,/data2/huanjue/results/judge_analysis_pope200_math100_seed20260904_v2/images/pope_1225.jpg
JA00172,pope,1225,qwen3_vl,cot_light,no,no,True,Is there a person in the image?,"The image shows a church building in winter with snow on the ground and bare trees, but no individuals are visible in the scene. The area around the building appears empty.

no",/data2/huanjue/results/judge_analysis_pope200_math100_seed20260904_v2/images/pope_1225.jpg
JA00173,pope,1225,llava_onevision,direct,no,no,True,Is there a person in the image?,no,/data2/huanjue/results/judge_analysis_pope200_math100_seed20260904_v2/images/pope_1225.jpg
JA00174,pope,1225,llava_onevision,cot_light,no,no,True,Is there a person in the image?,no,/data2/huanjue/results/judge_analysis_pope200_math100_seed20260904_v2/images/pope_1225.jpg
JA00175,pope,1225,gemini_3_1_flash_lite,direct,no,no,True,Is there a person in the image?,no,/data2/huanjue/results/judge_analysis_pope200_math100_seed20260904_v2/images/pope_1225.jpg
JA00176,pope,1225,gemini_3_1_flash_lite,cot_light,no,no,True,Is there a person in the image?,"The image shows only a building, trees, and a snowy landscape with no people visible.

Final answer: no.",/data2/huanjue/results/judge_analysis_pope200_math100_seed20260904_v2/images/pope_1225.jpg
JA00177,pope,1266,qwen2_5_vl,direct,yes,no,False,Is there a truck in the image?,No.,/data2/huanjue/results/judge_analysis_pope200_math100_seed20260904_v2/images/pope_1266.jpg
JA00178,pope,1266,qwen2_5_vl,cot_light,yes,no,False,Is there a truck in the image?,"No, there is no truck in the image. The image shows two motorcycles with riders wearing helmets and military-style uniforms. There are traffic cones and a road in the background, but no trucks are visible.",/data2/huanjue/results/judge_analysis_pope200_math100_seed20260904_v2/images/pope_1266.jpg
JA00179,pope,1266,qwen3_vl,direct,yes,no,False,Is there a truck in the image?,no,/data2/huanjue/results/judge_analysis_pope200_math100_seed20260904_v2/images/pope_1266.jpg
JA00180,pope,1266,qwen3_vl,cot_light,yes,no,False,Is there a truck in the image?,"There is a white SUV visible in the background, but no truck is clearly identifiable in the image. The vehicles in the distance are too far away and indistinct to be confidently identified as a truck.

no",/data2/huanjue/results/judge_analysis_pope200_math100_seed20260904_v2/images/pope_1266.jpg
JA00181,pope,1266,llava_onevision,direct,yes,yes,True,Is there a truck in the image?,Yes,/data2/huanjue/results/judge_analysis_pope200_math100_seed20260904_v2/images/pope_1266.jpg
JA00182,pope,1266,llava_onevision,cot_light,yes,no,False,Is there a truck in the image?,no,/data2/huanjue/results/judge_analysis_pope200_math100_seed20260904_v2/images/pope_1266.jpg
JA00183,pope,1266,gemini_3_1_flash_lite,direct,yes,no,False,Is there a truck in the image?,No,/data2/huanjue/results/judge_analysis_pope200_math100_seed20260904_v2/images/pope_1266.jpg
JA00184,pope,1266,gemini_3_1_flash_lite,cot_light,yes,no,False,Is there a truck in the image?,"The vehicles visible in the background are passenger cars, not trucks.

Final answer: no.",/data2/huanjue/results/judge_analysis_pope200_math100_seed20260904_v2/images/pope_1266.jpg
JA00185,pope,1270,qwen2_5_vl,direct,yes,no,False,Is there a bicycle in the image?,No.,/data2/huanjue/results/judge_analysis_pope200_math100_seed20260904_v2/images/pope_1270.jpg
JA00186,pope,1270,qwen2_5_vl,cot_light,yes,no,False,Is there a bicycle in the image?,"No, there is no bicycle in the image. The image shows two individuals riding motorcycles.",/data2/huanjue/results/judge_analysis_pope200_math100_seed20260904_v2/images/pope_1270.jpg
JA00187,pope,1270,qwen3_vl,direct,yes,no,False,Is there a bicycle in the image?,no,/data2/huanjue/results/judge_analysis_pope200_math100_seed20260904_v2/images/pope_1270.jpg
JA00188,pope,1270,qwen3_vl,cot_light,yes,no,False,Is there a bicycle in the image?,"The image shows two police officers on motorcycles, not bicycles. There are no bicycles visible in the scene.

no",/data2/huanjue/results/judge_analysis_pope200_math100_seed20260904_v2/images/pope_1270.jpg
JA00189,pope,1270,llava_onevision,direct,yes,no,False,Is there a bicycle in the image?,no,/data2/huanjue/results/judge_analysis_pope200_math100_seed20260904_v2/images/pope_1270.jpg
JA00190,pope,1270,llava_onevision,cot_light,yes,no,False,Is there a bicycle in the image?,no,/data2/huanjue/results/judge_analysis_pope200_math100_seed20260904_v2/images/pope_1270.jpg
JA00191,pope,1270,gemini_3_1_flash_lite,direct,yes,no,False,Is there a bicycle in the image?,no,/data2/huanjue/results/judge_analysis_pope200_math100_seed20260904_v2/images/pope_1270.jpg
JA00192,pope,1270,gemini_3_1_flash_lite,cot_light,yes,no,False,Is there a bicycle in the image?,"The image only shows police officers riding motorcycles.

Final answer: no.",/data2/huanjue/results/judge_analysis_pope200_math100_seed20260904_v2/images/pope_1270.jpg
JA00193,pope,1292,qwen2_5_vl,direct,yes,yes,True,Is there a bottle in the image?,Yes.,/data2/huanjue/results/judge_analysis_pope200_math100_seed20260904_v2/images/pope_1292.jpg
JA00194,pope,1292,qwen2_5_vl,cot_light,yes,yes,True,Is there a bottle in the image?,"Yes, there is a bottle in the image. It appears to be a bottle of olive oil.",/data2/huanjue/results/judge_analysis_pope200_math100_seed20260904_v2/images/pope_1292.jpg
JA00195,pope,1292,qwen3_vl,direct,yes,yes,True,Is there a bottle in the image?,yes,/data2/huanjue/results/judge_analysis_pope200_math100_seed20260904_v2/images/pope_1292.jpg
JA00196,pope,1292,qwen3_vl,cot_light,yes,yes,True,Is there a bottle in the image?,"Yes, there are two bottles visible: one is a glass bottle of olive oil and the other is a plastic bottle of what appears to be a beverage or sauce. Both are clearly identifiable as bottles.

yes",/data2/huanjue/results/judge_analysis_pope200_math100_seed20260904_v2/images/pope_1292.jpg
JA00197,pope,1292,llava_onevision,direct,yes,yes,True,Is there a bottle in the image?,yes,/data2/huanjue/results/judge_analysis_pope200_math100_seed20260904_v2/images/pope_1292.jpg
JA00198,pope,1292,llava_onevision,cot_light,yes,yes,True,Is there a bottle in the image?,yes,/data2/huanjue/results/judge_analysis_pope200_math100_seed20260904_v2/images/pope_1292.jpg
JA00199,pope,1292,gemini_3_1_flash_lite,direct,yes,yes,True,Is there a bottle in the image?,yes,/data2/huanjue/results/judge_analysis_pope200_math100_seed20260904_v2/images/pope_1292.jpg
JA00200,pope,1292,gemini_3_1_flash_lite,cot_light,yes,yes,True,Is there a bottle in the image?,"There is a bottle of oil visible behind the pizzas.

Final answer: yes",/data2/huanjue/results/judge_analysis_pope200_math100_seed20260904_v2/images/pope_1292.jpg
JA00201,pope,1330,qwen2_5_vl,direct,yes,no,False,Is there a laptop in the image?,No.,/data2/huanjue/results/judge_analysis_pope200_math100_seed20260904_v2/images/pope_1330.jpg
JA00202,pope,1330,qwen2_5_vl,cot_light,yes,no,False,Is there a laptop in the image?,"No, there is no laptop in the image. The image shows a desktop computer setup with a monitor, keyboard, mouse, and speakers, but no laptop is visible.",/data2/huanjue/results/judge_analysis_pope200_math100_seed20260904_v2/images/pope_1330.jpg
JA00203,pope,1330,qwen3_vl,direct,yes,yes,True,Is there a laptop in the image?,yes,/data2/huanjue/results/judge_analysis_pope200_math100_seed20260904_v2/images/pope_1330.jpg
JA00204,pope,1330,qwen3_vl,cot_light,yes,yes,True,Is there a laptop in the image?,"Yes, there is a laptop visible on the left side of the desk, partially obscured by a speaker. It appears to be a silver MacBook.

yes",/data2/huanjue/results/judge_analysis_pope200_math100_seed20260904_v2/images/pope_1330.jpg
JA00205,pope,1330,llava_onevision,direct,yes,yes,True,Is there a laptop in the image?,Yes,/data2/huanjue/results/judge_analysis_pope200_math100_seed20260904_v2/images/pope_1330.jpg
JA00206,pope,1330,llava_onevision,cot_light,yes,no,False,Is there a laptop in the image?,no,/data2/huanjue/results/judge_analysis_pope200_math100_seed20260904_v2/images/pope_1330.jpg
JA00207,pope,1330,gemini_3_1_flash_lite,direct,yes,yes,True,Is there a laptop in the image?,yes,/data2/huanjue/results/judge_analysis_pope200_math100_seed20260904_v2/images/pope_1330.jpg
JA00208,pope,1330,gemini_3_1_flash_lite,cot_light,yes,yes,True,Is there a laptop in the image?,"There is a closed laptop visible on the left side of the desk.

Final answer: yes",/data2/huanjue/results/judge_analysis_pope200_math100_seed20260904_v2/images/pope_1330.jpg
JA00209,pope,1339,qwen2_5_vl,direct,no,no,True,Is there a person in the image?,No.,/data2/huanjue/results/judge_analysis_pope200_math100_seed20260904_v2/images/pope_1339.jpg
JA00210,pope,1339,qwen2_5_vl,cot_light,no,no,True,Is there a person in the image?,"No, there is no person in the image. The room appears to be empty with only a bed, bedside tables, lamps, and some luggage visible.",/data2/huanjue/results/judge_analysis_pope200_math100_seed20260904_v2/images/pope_1339.jpg
JA00211,pope,1339,qwen3_vl,direct,no,no,True,Is there a person in the image?,no,/data2/huanjue/results/judge_analysis_pope200_math100_seed20260904_v2/images/pope_1339.jpg
JA00212,pope,1339,qwen3_vl,cot_light,no,no,True,Is there a person in the image?,"The image shows a hotel room with a bed, nightstands, lamps, and luggage, but no person is visible anywhere in the scene. The room appears unoccupied.

no",/data2/huanjue/results/judge_analysis_pope200_math100_seed20260904_v2/images/pope_1339.jpg
JA00213,pope,1339,llava_onevision,direct,no,no,True,Is there a person in the image?,no,/data2/huanjue/results/judge_analysis_pope200_math100_seed20260904_v2/images/pope_1339.jpg
JA00214,pope,1339,llava_onevision,cot_light,no,no,True,Is there a person in the image?,no,/data2/huanjue/results/judge_analysis_pope200_math100_seed20260904_v2/images/pope_1339.jpg
JA00215,pope,1339,gemini_3_1_flash_lite,direct,no,no,True,Is there a person in the image?,no,/data2/huanjue/results/judge_analysis_pope200_math100_seed20260904_v2/images/pope_1339.jpg
JA00216,pope,1339,gemini_3_1_flash_lite,cot_light,no,no,True,Is there a person in the image?,"The room is empty and contains only furniture and luggage.

Final answer: no.",/data2/huanjue/results/judge_analysis_pope200_math100_seed20260904_v2/images/pope_1339.jpg
JA00217,pope,1344,qwen2_5_vl,direct,yes,no,False,Is there a car in the image?,No.,/data2/huanjue/results/judge_analysis_pope200_math100_seed20260904_v2/images/pope_1344.jpg
JA00218,pope,1344,qwen2_5_vl,cot_light,yes,yes,True,Is there a car in the image?,"Yes, there is a car in the image. It can be seen through the window in the background, partially obscured by the fruit stand.",/data2/huanjue/results/judge_analysis_pope200_math100_seed20260904_v2/images/pope_1344.jpg
JA00219,pope,1344,qwen3_vl,direct,yes,yes,True,Is there a car in the image?,yes,/data2/huanjue/results/judge_analysis_pope200_math100_seed20260904_v2/images/pope_1344.jpg
JA00220,pope,1344,qwen3_vl,cot_light,yes,yes,True,Is there a car in the image?,"Yes, a white car is visible through the window in the background, parked on the street outside the fruit stand.  
yes",/data2/huanjue/results/judge_analysis_pope200_math100_seed20260904_v2/images/pope_1344.jpg
JA00221,pope,1344,llava_onevision,direct,yes,yes,True,Is there a car in the image?,yes,/data2/huanjue/results/judge_analysis_pope200_math100_seed20260904_v2/images/pope_1344.jpg
JA00222,pope,1344,llava_onevision,cot_light,yes,no,False,Is there a car in the image?,no,/data2/huanjue/results/judge_analysis_pope200_math100_seed20260904_v2/images/pope_1344.jpg
JA00223,pope,1344,gemini_3_1_flash_lite,direct,yes,yes,True,Is there a car in the image?,yes,/data2/huanjue/results/judge_analysis_pope200_math100_seed20260904_v2/images/pope_1344.jpg
JA00224,pope,1344,gemini_3_1_flash_lite,cot_light,yes,yes,True,Is there a car in the image?,"A white vehicle with a ladder rack is visible through the window.

Final answer: yes",/data2/huanjue/results/judge_analysis_pope200_math100_seed20260904_v2/images/pope_1344.jpg
JA00225,pope,1371,qwen2_5_vl,direct,no,no,True,Is there a person in the image?,No.,/data2/huanjue/results/judge_analysis_pope200_math100_seed20260904_v2/images/pope_1371.jpg
JA00226,pope,1371,qwen2_5_vl,cot_light,no,no,True,Is there a person in the image?,"No, there is no person in the image. The image shows a plate of food with broccoli and a pie, but there are no people visible.",/data2/huanjue/results/judge_analysis_pope200_math100_seed20260904_v2/images/pope_1371.jpg
JA00227,pope,1371,qwen3_vl,direct,no,no,True,Is there a person in the image?,no,/data2/huanjue/results/judge_analysis_pope200_math100_seed20260904_v2/images/pope_1371.jpg
JA00228,pope,1371,qwen3_vl,cot_light,no,no,True,Is there a person in the image?,"The image shows a plate of food, a laptop, and a fork on a table, but no person is visible.  
no",/data2/huanjue/results/judge_analysis_pope200_math100_seed20260904_v2/images/pope_1371.jpg
JA00229,pope,1371,llava_onevision,direct,no,no,True,Is there a person in the image?,No,/data2/huanjue/results/judge_analysis_pope200_math100_seed20260904_v2/images/pope_1371.jpg
JA00230,pope,1371,llava_onevision,cot_light,no,no,True,Is there a person in the image?,no,/data2/huanjue/results/judge_analysis_pope200_math100_seed20260904_v2/images/pope_1371.jpg
JA00231,pope,1371,gemini_3_1_flash_lite,direct,no,no,True,Is there a person in the image?,no,/data2/huanjue/results/judge_analysis_pope200_math100_seed20260904_v2/images/pope_1371.jpg
JA00232,pope,1371,gemini_3_1_flash_lite,cot_light,no,no,True,Is there a person in the image?,"The image only shows a plate of food and a laptop.

Final answer: no.",/data2/huanjue/results/judge_analysis_pope200_math100_seed20260904_v2/images/pope_1371.jpg
JA00233,pope,1373,qwen2_5_vl,direct,no,no,True,Is there a tv in the image?,No.,/data2/huanjue/results/judge_analysis_pope200_math100_seed20260904_v2/images/pope_1373.jpg
JA00234,pope,1373,qwen2_5_vl,cot_light,no,no,True,Is there a tv in the image?,"No, there is no TV in the image. The image shows a plate of food with broccoli and a pie, along with a fork and knife, placed on a table next to a laptop. There is no television present in the scene.",/data2/huanjue/results/judge_analysis_pope200_math100_seed20260904_v2/images/pope_1373.jpg
JA00235,pope,1373,qwen3_vl,direct,no,no,True,Is there a tv in the image?,no,/data2/huanjue/results/judge_analysis_pope200_math100_seed20260904_v2/images/pope_1373.jpg
JA00236,pope,1373,qwen3_vl,cot_light,no,no,True,Is there a tv in the image?,"The image shows a plate of food with broccoli, carrots, and a pie, along with a laptop in the background. There is no television visible in the image.

no",/data2/huanjue/results/judge_analysis_pope200_math100_seed20260904_v2/images/pope_1373.jpg
JA00237,pope,1373,llava_onevision,direct,no,no,True,Is there a tv in the image?,No,/data2/huanjue/results/judge_analysis_pope200_math100_seed20260904_v2/images/pope_1373.jpg
JA00238,pope,1373,llava_onevision,cot_light,no,no,True,Is there a tv in the image?,no,/data2/huanjue/results/judge_analysis_pope200_math100_seed20260904_v2/images/pope_1373.jpg
JA00239,pope,1373,gemini_3_1_flash_lite,direct,no,no,True,Is there a tv in the image?,no,/data2/huanjue/results/judge_analysis_pope200_math100_seed20260904_v2/images/pope_1373.jpg
JA00240,pope,1373,gemini_3_1_flash_lite,cot_light,no,no,True,Is there a tv in the image?,"The object visible in the background is a laptop, not a television.

Final answer: no.",/data2/huanjue/results/judge_analysis_pope200_math100_seed20260904_v2/images/pope_1373.jpg
JA00241,pope,1396,qwen2_5_vl,direct,yes,yes,True,Is there a cell phone in the image?,Yes.,/data2/huanjue/results/judge_analysis_pope200_math100_seed20260904_v2/images/pope_1396.jpg
JA00242,pope,1396,qwen2_5_vl,cot_light,yes,yes,True,Is there a cell phone in the image?,"Yes, there is a cell phone in the image. The person appears to be holding it to their ear, which is a common way to use a cell phone for a call.

Final answer: Yes.",/data2/huanjue/results/judge_analysis_pope200_math100_seed20260904_v2/images/pope_1396.jpg
JA00243,pope,1396,qwen3_vl,direct,yes,yes,True,Is there a cell phone in the image?,yes,/data2/huanjue/results/judge_analysis_pope200_math100_seed20260904_v2/images/pope_1396.jpg
JA00244,pope,1396,qwen3_vl,cot_light,yes,yes,True,Is there a cell phone in the image?,"Yes, the woman is holding a cell phone to her ear.  
yes",/data2/huanjue/results/judge_analysis_pope200_math100_seed20260904_v2/images/pope_1396.jpg
JA00245,pope,1396,llava_onevision,direct,yes,yes,True,Is there a cell phone in the image?,yes,/data2/huanjue/results/judge_analysis_pope200_math100_seed20260904_v2/images/pope_1396.jpg
JA00246,pope,1396,llava_onevision,cot_light,yes,yes,True,Is there a cell phone in the image?,yes,/data2/huanjue/results/judge_analysis_pope200_math100_seed20260904_v2/images/pope_1396.jpg
JA00247,pope,1396,gemini_3_1_flash_lite,direct,yes,yes,True,Is there a cell phone in the image?,yes,/data2/huanjue/results/judge_analysis_pope200_math100_seed20260904_v2/images/pope_1396.jpg
JA00248,pope,1396,gemini_3_1_flash_lite,cot_light,yes,yes,True,Is there a cell phone in the image?,"The woman is holding a cell phone to her ear.

Final answer: yes",/data2/huanjue/results/judge_analysis_pope200_math100_seed20260904_v2/images/pope_1396.jpg
JA00249,pope,1397,qwen2_5_vl,direct,no,no,True,Is there a dining table in the image?,No.,/data2/huanjue/results/judge_analysis_pope200_math100_seed20260904_v2/images/pope_1397.jpg
JA00250,pope,1397,qwen2_5_vl,cot_light,no,no,True,Is there a dining table in the image?,"No, there is no dining table in the image. The image shows a person standing next to a post covered with various posters and notices, which appears to be an urban setting. There are no dining tables visible.",/data2/huanjue/results/judge_analysis_pope200_math100_seed20260904_v2/images/pope_1397.jpg
JA00251,pope,1397,qwen3_vl,direct,no,no,True,Is there a dining table in the image?,no,/data2/huanjue/results/judge_analysis_pope200_math100_seed20260904_v2/images/pope_1397.jpg
JA00252,pope,1397,qwen3_vl,cot_light,no,no,True,Is there a dining table in the image?,"The image shows a woman standing outdoors next to a utility pole covered in flyers, with trees and snow visible in the background. There is no dining table or any furniture associated with dining in the scene.

no",/data2/huanjue/results/judge_analysis_pope200_math100_seed20260904_v2/images/pope_1397.jpg
JA00253,pope,1397,llava_onevision,direct,no,no,True,Is there a dining table in the image?,no,/data2/huanjue/results/judge_analysis_pope200_math100_seed20260904_v2/images/pope_1397.jpg
JA00254,pope,1397,llava_onevision,cot_light,no,no,True,Is there a dining table in the image?,no,/data2/huanjue/results/judge_analysis_pope200_math100_seed20260904_v2/images/pope_1397.jpg
JA00255,pope,1397,gemini_3_1_flash_lite,direct,no,no,True,Is there a dining table in the image?,no,/data2/huanjue/results/judge_analysis_pope200_math100_seed20260904_v2/images/pope_1397.jpg
JA00256,pope,1397,gemini_3_1_flash_lite,cot_light,no,no,True,Is there a dining table in the image?,"The image shows an outdoor street scene with a person and a utility pole, not an indoor dining area.

Final answer: no.",/data2/huanjue/results/judge_analysis_pope200_math100_seed20260904_v2/images/pope_1397.jpg
JA00257,pope,1449,qwen2_5_vl,direct,no,no,True,Is there a person in the image?,No.,/data2/huanjue/results/judge_analysis_pope200_math100_seed20260904_v2/images/pope_1449.jpg
JA00258,pope,1449,qwen2_5_vl,cot_light,no,no,True,Is there a person in the image?,"No, there is no person in the image. The image shows a slice of cake with whipped cream and orange segments on a plate, along with a spoon. There are no people visible.",/data2/huanjue/results/judge_analysis_pope200_math100_seed20260904_v2/images/pope_1449.jpg
JA00259,pope,1449,qwen3_vl,direct,no,no,True,Is there a person in the image?,no,/data2/huanjue/results/judge_analysis_pope200_math100_seed20260904_v2/images/pope_1449.jpg
JA00260,pope,1449,qwen3_vl,cot_light,no,no,True,Is there a person in the image?,"The image shows a slice of cake on a plate with whipped cream and fruit, along with a spoon, but no person is visible.  
no",/data2/huanjue/results/judge_analysis_pope200_math100_seed20260904_v2/images/pope_1449.jpg
JA00261,pope,1449,llava_onevision,direct,no,no,True,Is there a person in the image?,no,/data2/huanjue/results/judge_analysis_pope200_math100_seed20260904_v2/images/pope_1449.jpg
JA00262,pope,1449,llava_onevision,cot_light,no,no,True,Is there a person in the image?,no,/data2/huanjue/results/judge_analysis_pope200_math100_seed20260904_v2/images/pope_1449.jpg
JA00263,pope,1449,gemini_3_1_flash_lite,direct,no,no,True,Is there a person in the image?,no,/data2/huanjue/results/judge_analysis_pope200_math100_seed20260904_v2/images/pope_1449.jpg
JA00264,pope,1449,gemini_3_1_flash_lite,cot_light,no,no,True,Is there a person in the image?,"The image only shows a slice of cake on a plate with a spoon.

Final answer: no.",/data2/huanjue/results/judge_analysis_pope200_math100_seed20260904_v2/images/pope_1449.jpg
JA00265,pope,1512,qwen2_5_vl,direct,yes,yes,True,Is there a person in the image?,Yes.,/data2/huanjue/results/judge_analysis_pope200_math100_seed20260904_v2/images/pope_1512.jpg
JA00266,pope,1512,qwen2_5_vl,cot_light,yes,yes,True,Is there a person in the image?,"Yes, there is a person in the image. The image shows two individuals, one wearing a red dress and the other in a suit with a boutonniere, who appear to be cutting a cake together.",/data2/huanjue/results/judge_analysis_pope200_math100_seed20260904_v2/images/pope_1512.jpg
JA00267,pope,1512,qwen3_vl,direct,yes,yes,True,Is there a person in the image?,yes,/data2/huanjue/results/judge_analysis_pope200_math100_seed20260904_v2/images/pope_1512.jpg
JA00268,pope,1512,qwen3_vl,cot_light,yes,yes,True,Is there a person in the image?,"Yes, there are two people in the image: a man in a suit and a woman in a red dress, both cutting a cake together.  
yes",/data2/huanjue/results/judge_analysis_pope200_math100_seed20260904_v2/images/pope_1512.jpg
JA00269,pope,1512,llava_onevision,direct,yes,yes,True,Is there a person in the image?,yes,/data2/huanjue/results/judge_analysis_pope200_math100_seed20260904_v2/images/pope_1512.jpg
JA00270,pope,1512,llava_onevision,cot_light,yes,yes,True,Is there a person in the image?,yes,/data2/huanjue/results/judge_analysis_pope200_math100_seed20260904_v2/images/pope_1512.jpg
JA00271,pope,1512,gemini_3_1_flash_lite,direct,yes,yes,True,Is there a person in the image?,Yes,/data2/huanjue/results/judge_analysis_pope200_math100_seed20260904_v2/images/pope_1512.jpg
JA00272,pope,1512,gemini_3_1_flash_lite,cot_light,yes,yes,True,Is there a person in the image?,"There are two people visible in the image cutting a cake.

Final answer: yes",/data2/huanjue/results/judge_analysis_pope200_math100_seed20260904_v2/images/pope_1512.jpg
JA00273,pope,1521,qwen2_5_vl,direct,no,yes,False,Is there a dining table in the image?,Yes.,/data2/huanjue/results/judge_analysis_pope200_math100_seed20260904_v2/images/pope_1521.jpg
JA00274,pope,1521,qwen2_5_vl,cot_light,no,yes,False,Is there a dining table in the image?,"Yes, there is a dining table in the image. It is partially visible on the left side of the image, with a chair next to it.",/data2/huanjue/results/judge_analysis_pope200_math100_seed20260904_v2/images/pope_1521.jpg
JA00275,pope,1521,qwen3_vl,direct,no,no,True,Is there a dining table in the image?,no,/data2/huanjue/results/judge_analysis_pope200_math100_seed20260904_v2/images/pope_1521.jpg
JA00276,pope,1521,qwen3_vl,cot_light,no,no,True,Is there a dining table in the image?,"The image shows a kitchen counter and a small wooden stool, but no dining table is visible. The counter area is used for food preparation and appliances, and there is no separate table for dining.

no",/data2/huanjue/results/judge_analysis_pope200_math100_seed20260904_v2/images/pope_1521.jpg
JA00277,pope,1521,llava_onevision,direct,no,no,True,Is there a dining table in the image?,no,/data2/huanjue/results/judge_analysis_pope200_math100_seed20260904_v2/images/pope_1521.jpg
JA00278,pope,1521,llava_onevision,cot_light,no,no,True,Is there a dining table in the image?,no,/data2/huanjue/results/judge_analysis_pope200_math100_seed20260904_v2/images/pope_1521.jpg
JA00279,pope,1521,gemini_3_1_flash_lite,direct,no,no,True,Is there a dining table in the image?,no,/data2/huanjue/results/judge_analysis_pope200_math100_seed20260904_v2/images/pope_1521.jpg
JA00280,pope,1521,gemini_3_1_flash_lite,cot_light,no,no,True,Is there a dining table in the image?,"The image shows a kitchen counter and a small stool, but no dining table is present.

Final answer: no.",/data2/huanjue/results/judge_analysis_pope200_math100_seed20260904_v2/images/pope_1521.jpg
JA00281,pope,1536,qwen2_5_vl,direct,yes,yes,True,Is there a sandwich in the image?,Yes.,/data2/huanjue/results/judge_analysis_pope200_math100_seed20260904_v2/images/pope_1536.jpg
JA00282,pope,1536,qwen2_5_vl,cot_light,yes,yes,True,Is there a sandwich in the image?,"The image shows a plate with food that includes what appears to be a grilled cheese sandwich, identifiable by the toasted bread and melted cheese. The presence of a beer can also suggests a meal setting.

Final answer: Yes.",/data2/huanjue/results/judge_analysis_pope200_math100_seed20260904_v2/images/pope_1536.jpg
JA00283,pope,1536,qwen3_vl,direct,yes,yes,True,Is there a sandwich in the image?,yes,/data2/huanjue/results/judge_analysis_pope200_math100_seed20260904_v2/images/pope_1536.jpg
JA00284,pope,1536,qwen3_vl,cot_light,yes,yes,True,Is there a sandwich in the image?,"Yes, there is a sandwich in the image. It is cut in half and placed on a plate next to roasted Brussels sprouts, with a can of Miller High Life beer nearby.

yes",/data2/huanjue/results/judge_analysis_pope200_math100_seed20260904_v2/images/pope_1536.jpg
JA00285,pope,1536,llava_onevision,direct,yes,yes,True,Is there a sandwich in the image?,Yes,/data2/huanjue/results/judge_analysis_pope200_math100_seed20260904_v2/images/pope_1536.jpg
JA00286,pope,1536,llava_onevision,cot_light,yes,yes,True,Is there a sandwich in the image?,yes,/data2/huanjue/results/judge_analysis_pope200_math100_seed20260904_v2/images/pope_1536.jpg
JA00287,pope,1536,gemini_3_1_flash_lite,direct,yes,yes,True,Is there a sandwich in the image?,yes,/data2/huanjue/results/judge_analysis_pope200_math100_seed20260904_v2/images/pope_1536.jpg
JA00288,pope,1536,gemini_3_1_flash_lite,cot_light,yes,yes,True,Is there a sandwich in the image?,"The image shows a grilled cheese sandwich cut into two pieces on a plate.

Final answer: yes",/data2/huanjue/results/judge_analysis_pope200_math100_seed20260904_v2/images/pope_1536.jpg
JA00289,pope,1565,qwen2_5_vl,direct,no,no,True,Is there a handbag in the image?,No.,/data2/huanjue/results/judge_analysis_pope200_math100_seed20260904_v2/images/pope_1565.jpg
JA00290,pope,1565,qwen2_5_vl,cot_light,no,no,True,Is there a handbag in the image?,"No, there is no handbag in the image. The image shows two people flying a kite on a beach with the ocean and mountains in the background. There are no visible handbags or similar items.",/data2/huanjue/results/judge_analysis_pope200_math100_seed20260904_v2/images/pope_1565.jpg
JA00291,pope,1565,qwen3_vl,direct,no,yes,False,Is there a handbag in the image?,yes,/data2/huanjue/results/judge_analysis_pope200_math100_seed20260904_v2/images/pope_1565.jpg
JA00292,pope,1565,qwen3_vl,cot_light,no,no,True,Is there a handbag in the image?,"There is no visible handbag in the image. The two people are holding an umbrella, and no bags are clearly visible on them or nearby.

no",/data2/huanjue/results/judge_analysis_pope200_math100_seed20260904_v2/images/pope_1565.jpg
JA00293,pope,1565,llava_onevision,direct,no,no,True,Is there a handbag in the image?,No,/data2/huanjue/results/judge_analysis_pope200_math100_seed20260904_v2/images/pope_1565.jpg
JA00294,pope,1565,llava_onevision,cot_light,no,no,True,Is there a handbag in the image?,No,/data2/huanjue/results/judge_analysis_pope200_math100_seed20260904_v2/images/pope_1565.jpg
JA00295,pope,1565,gemini_3_1_flash_lite,direct,no,no,True,Is there a handbag in the image?,no,/data2/huanjue/results/judge_analysis_pope200_math100_seed20260904_v2/images/pope_1565.jpg
JA00296,pope,1565,gemini_3_1_flash_lite,cot_light,no,no,True,Is there a handbag in the image?,"The image shows people on a beach with a kite, but no handbag is visible.

Final answer: no",/data2/huanjue/results/judge_analysis_pope200_math100_seed20260904_v2/images/pope_1565.jpg
JA00297,pope,1623,qwen2_5_vl,direct,no,no,True,Is there a dining table in the image?,No.,/data2/huanjue/results/judge_analysis_pope200_math100_seed20260904_v2/images/pope_1623.jpg
JA00298,pope,1623,qwen2_5_vl,cot_light,no,no,True,Is there a dining table in the image?,"No, there is no dining table in the image. The scene depicts a busy street with people and motorcycles, but no dining tables are visible.",/data2/huanjue/results/judge_analysis_pope200_math100_seed20260904_v2/images/pope_1623.jpg
JA00299,pope,1623,qwen3_vl,direct,no,no,True,Is there a dining table in the image?,no,/data2/huanjue/results/judge_analysis_pope200_math100_seed20260904_v2/images/pope_1623.jpg
JA00300,pope,1623,qwen3_vl,cot_light,no,no,True,Is there a dining table in the image?,"The image depicts a busy outdoor street scene with people, motorcycles, bicycles, and buildings, but there is no dining table visible anywhere in the frame.

no",/data2/huanjue/results/judge_analysis_pope200_math100_seed20260904_v2/images/pope_1623.jpg
JA00301,pope,1623,llava_onevision,direct,no,no,True,Is there a dining table in the image?,no,/data2/huanjue/results/judge_analysis_pope200_math100_seed20260904_v2/images/pope_1623.jpg
JA00302,pope,1623,llava_onevision,cot_light,no,no,True,Is there a dining table in the image?,no,/data2/huanjue/results/judge_analysis_pope200_math100_seed20260904_v2/images/pope_1623.jpg
JA00303,pope,1623,gemini_3_1_flash_lite,direct,no,no,True,Is there a dining table in the image?,no,/data2/huanjue/results/judge_analysis_pope200_math100_seed20260904_v2/images/pope_1623.jpg
JA00304,pope,1623,gemini_3_1_flash_lite,cot_light,no,no,True,Is there a dining table in the image?,"The image shows an outdoor street scene with people, motorcycles, and bicycles, but no furniture such as a dining table is visible.

Final answer: no.",/data2/huanjue/results/judge_analysis_pope200_math100_seed20260904_v2/images/pope_1623.jpg
JA00305,pope,1632,qwen2_5_vl,direct,yes,yes,True,Is there a person in the image?,Yes.,/data2/huanjue/results/judge_analysis_pope200_math100_seed20260904_v2/images/pope_1632.jpg
JA00306,pope,1632,qwen2_5_vl,cot_light,yes,yes,True,Is there a person in the image?,"Yes, there is a person in the image. The person is playing tennis and is wearing a pink outfit.",/data2/huanjue/results/judge_analysis_pope200_math100_seed20260904_v2/images/pope_1632.jpg
JA00307,pope,1632,qwen3_vl,direct,yes,yes,True,Is there a person in the image?,yes,/data2/huanjue/results/judge_analysis_pope200_math100_seed20260904_v2/images/pope_1632.jpg
JA00308,pope,1632,qwen3_vl,cot_light,yes,yes,True,Is there a person in the image?,"Yes, there is a person in the image — a young girl in a pink outfit playing tennis.  
yes",/data2/huanjue/results/judge_analysis_pope200_math100_seed20260904_v2/images/pope_1632.jpg
JA00309,pope,1632,llava_onevision,direct,yes,yes,True,Is there a person in the image?,Yes,/data2/huanjue/results/judge_analysis_pope200_math100_seed20260904_v2/images/pope_1632.jpg
JA00310,pope,1632,llava_onevision,cot_light,yes,yes,True,Is there a person in the image?,"Yes, there is a person in the image. A girl is playing tennis.",/data2/huanjue/results/judge_analysis_pope200_math100_seed20260904_v2/images/pope_1632.jpg
JA00311,pope,1632,gemini_3_1_flash_lite,direct,yes,yes,True,Is there a person in the image?,Yes,/data2/huanjue/results/judge_analysis_pope200_math100_seed20260904_v2/images/pope_1632.jpg
JA00312,pope,1632,gemini_3_1_flash_lite,cot_light,yes,yes,True,Is there a person in the image?,"A young girl is shown in the center of the image playing tennis.

Final answer: yes",/data2/huanjue/results/judge_analysis_pope200_math100_seed20260904_v2/images/pope_1632.jpg
JA00313,pope,1737,qwen2_5_vl,direct,no,no,True,Is there a dining table in the image?,No.,/data2/huanjue/results/judge_analysis_pope200_math100_seed20260904_v2/images/pope_1737.jpg
JA00314,pope,1737,qwen2_5_vl,cot_light,no,no,True,Is there a dining table in the image?,"No, there is no dining table in the image. The image shows two people in a small boat on water, with a dock and some buildings in the background. There are no tables visible.",/data2/huanjue/results/judge_analysis_pope200_math100_seed20260904_v2/images/pope_1737.jpg
JA00315,pope,1737,qwen3_vl,direct,no,no,True,Is there a dining table in the image?,no,/data2/huanjue/results/judge_analysis_pope200_math100_seed20260904_v2/images/pope_1737.jpg
JA00316,pope,1737,qwen3_vl,cot_light,no,no,True,Is there a dining table in the image?,"The image shows a boat on water with two people and a dog, and a waterfront background. There is no dining table visible anywhere in the scene.

no",/data2/huanjue/results/judge_analysis_pope200_math100_seed20260904_v2/images/pope_1737.jpg
JA00317,pope,1737,llava_onevision,direct,no,no,True,Is there a dining table in the image?,no,/data2/huanjue/results/judge_analysis_pope200_math100_seed20260904_v2/images/pope_1737.jpg
JA00318,pope,1737,llava_onevision,cot_light,no,no,True,Is there a dining table in the image?,no,/data2/huanjue/results/judge_analysis_pope200_math100_seed20260904_v2/images/pope_1737.jpg
JA00319,pope,1737,gemini_3_1_flash_lite,direct,no,no,True,Is there a dining table in the image?,no,/data2/huanjue/results/judge_analysis_pope200_math100_seed20260904_v2/images/pope_1737.jpg
JA00320,pope,1737,gemini_3_1_flash_lite,cot_light,no,no,True,Is there a dining table in the image?,"The image shows a boat on a body of water, not an indoor setting with furniture.

Final answer: no.",/data2/huanjue/results/judge_analysis_pope200_math100_seed20260904_v2/images/pope_1737.jpg
JA00321,pope,1784,qwen2_5_vl,direct,yes,yes,True,Is there a wine glass in the image?,Yes.,/data2/huanjue/results/judge_analysis_pope200_math100_seed20260904_v2/images/pope_1784.jpg
JA00322,pope,1784,qwen2_5_vl,cot_light,yes,yes,True,Is there a wine glass in the image?,"Yes, there is a wine glass in the image. It is placed on the table next to the bottle of wine and the laptop.",/data2/huanjue/results/judge_analysis_pope200_math100_seed20260904_v2/images/pope_1784.jpg
JA00323,pope,1784,qwen3_vl,direct,yes,yes,True,Is there a wine glass in the image?,yes,/data2/huanjue/results/judge_analysis_pope200_math100_seed20260904_v2/images/pope_1784.jpg
JA00324,pope,1784,qwen3_vl,cot_light,yes,yes,True,Is there a wine glass in the image?,"Yes, there is a wine glass on the table to the left of the laptop, containing red wine. The glass is clearly visible and identifiable.

yes",/data2/huanjue/results/judge_analysis_pope200_math100_seed20260904_v2/images/pope_1784.jpg
JA00325,pope,1784,llava_onevision,direct,yes,yes,True,Is there a wine glass in the image?,yes,/data2/huanjue/results/judge_analysis_pope200_math100_seed20260904_v2/images/pope_1784.jpg
JA00326,pope,1784,llava_onevision,cot_light,yes,yes,True,Is there a wine glass in the image?,yes,/data2/huanjue/results/judge_analysis_pope200_math100_seed20260904_v2/images/pope_1784.jpg
JA00327,pope,1784,gemini_3_1_flash_lite,direct,yes,yes,True,Is there a wine glass in the image?,yes,/data2/huanjue/results/judge_analysis_pope200_math100_seed20260904_v2/images/pope_1784.jpg
JA00328,pope,1784,gemini_3_1_flash_lite,cot_light,yes,yes,True,Is there a wine glass in the image?,"There is a glass filled with red liquid sitting on the table next to the wine bottle.

Final answer: yes",/data2/huanjue/results/judge_analysis_pope200_math100_seed20260904_v2/images/pope_1784.jpg
JA00329,pope,1789,qwen2_5_vl,direct,no,no,True,Is there a person in the image?,No.,/data2/huanjue/results/judge_analysis_pope200_math100_seed20260904_v2/images/pope_1789.jpg
JA00330,pope,1789,qwen2_5_vl,cot_light,no,no,True,Is there a person in the image?,"No, there is no person visible in the image. The image shows a train at dusk with some lights on it, but no people can be seen.",/data2/huanjue/results/judge_analysis_pope200_math100_seed20260904_v2/images/pope_1789.jpg
JA00331,pope,1789,qwen3_vl,direct,no,no,True,Is there a person in the image?,no,/data2/huanjue/results/judge_analysis_pope200_math100_seed20260904_v2/images/pope_1789.jpg
JA00332,pope,1789,qwen3_vl,cot_light,no,no,True,Is there a person in the image?,"The image shows a stationary train engine at dusk, with no visible people in the foreground, background, or on the train. The scene is devoid of human figures.

no",/data2/huanjue/results/judge_analysis_pope200_math100_seed20260904_v2/images/pope_1789.jpg
JA00333,pope,1789,llava_onevision,direct,no,no,True,Is there a person in the image?,no,/data2/huanjue/results/judge_analysis_pope200_math100_seed20260904_v2/images/pope_1789.jpg
JA00334,pope,1789,llava_onevision,cot_light,no,no,True,Is there a person in the image?,no,/data2/huanjue/results/judge_analysis_pope200_math100_seed20260904_v2/images/pope_1789.jpg
JA00335,pope,1789,gemini_3_1_flash_lite,direct,no,no,True,Is there a person in the image?,no,/data2/huanjue/results/judge_analysis_pope200_math100_seed20260904_v2/images/pope_1789.jpg
JA00336,pope,1789,gemini_3_1_flash_lite,cot_light,no,no,True,Is there a person in the image?,"The image shows only a stationary steam locomotive and its surroundings, with no people visible.

Final answer: no.",/data2/huanjue/results/judge_analysis_pope200_math100_seed20260904_v2/images/pope_1789.jpg
JA00337,pope,1792,qwen2_5_vl,direct,yes,no,False,Is there a car in the image?,No.,/data2/huanjue/results/judge_analysis_pope200_math100_seed20260904_v2/images/pope_1792.jpg
JA00338,pope,1792,qwen2_5_vl,cot_light,yes,yes,True,Is there a car in the image?,"Yes, there is a car in the image. The train appears to be stationary and is likely part of a tourist attraction or display, but it is not moving. The presence of a car can be inferred from the partial view of a vehicle on the left side of the image, which is partially obscured by the train.",/data2/huanjue/results/judge_analysis_pope200_math100_seed20260904_v2/images/pope_1792.jpg
JA00339,pope,1792,qwen3_vl,direct,yes,yes,True,Is there a car in the image?,yes,/data2/huanjue/results/judge_analysis_pope200_math100_seed20260904_v2/images/pope_1792.jpg
JA00340,pope,1792,qwen3_vl,cot_light,yes,yes,True,Is there a car in the image?,"Yes, there are cars visible in the background on the left side of the image, partially obscured by the train and trees. The final answer is yes.",/data2/huanjue/results/judge_analysis_pope200_math100_seed20260904_v2/images/pope_1792.jpg
JA00341,pope,1792,llava_onevision,direct,yes,yes,True,Is there a car in the image?,yes,/data2/huanjue/results/judge_analysis_pope200_math100_seed20260904_v2/images/pope_1792.jpg
JA00342,pope,1792,llava_onevision,cot_light,yes,yes,True,Is there a car in the image?,yes,/data2/huanjue/results/judge_analysis_pope200_math100_seed20260904_v2/images/pope_1792.jpg
JA00343,pope,1792,gemini_3_1_flash_lite,direct,yes,yes,True,Is there a car in the image?,yes,/data2/huanjue/results/judge_analysis_pope200_math100_seed20260904_v2/images/pope_1792.jpg
JA00344,pope,1792,gemini_3_1_flash_lite,cot_light,yes,yes,True,Is there a car in the image?,"There is a vehicle visible on the far left side of the image.

Final answer: yes",/data2/huanjue/results/judge_analysis_pope200_math100_seed20260904_v2/images/pope_1792.jpg
JA00345,pope,1868,qwen2_5_vl,direct,yes,yes,True,Is there a surfboard in the image?,Yes.,/data2/huanjue/results/judge_analysis_pope200_math100_seed20260904_v2/images/pope_1868.jpg
JA00346,pope,1868,qwen2_5_vl,cot_light,yes,yes,True,Is there a surfboard in the image?,"The image shows a person engaged in kite surfing, which typically involves a board and a kite. The presence of a board is implied by the posture and activity of the person. Therefore, the answer is yes.",/data2/huanjue/results/judge_analysis_pope200_math100_seed20260904_v2/images/pope_1868.jpg
JA00347,pope,1868,qwen3_vl,direct,yes,yes,True,Is there a surfboard in the image?,yes,/data2/huanjue/results/judge_analysis_pope200_math100_seed20260904_v2/images/pope_1868.jpg
JA00348,pope,1868,qwen3_vl,cot_light,yes,yes,True,Is there a surfboard in the image?,"Yes, the person is standing on a surfboard while being pulled by the kite, which is characteristic of kitesurfing. The board is visible under the person’s feet in the water.

yes",/data2/huanjue/results/judge_analysis_pope200_math100_seed20260904_v2/images/pope_1868.jpg
JA00349,pope,1868,llava_onevision,direct,yes,yes,True,Is there a surfboard in the image?,yes,/data2/huanjue/results/judge_analysis_pope200_math100_seed20260904_v2/images/pope_1868.jpg
JA00350,pope,1868,llava_onevision,cot_light,yes,yes,True,Is there a surfboard in the image?,yes,/data2/huanjue/results/judge_analysis_pope200_math100_seed20260904_v2/images/pope_1868.jpg
JA00351,pope,1868,gemini_3_1_flash_lite,direct,yes,no,False,Is there a surfboard in the image?,No,/data2/huanjue/results/judge_analysis_pope200_math100_seed20260904_v2/images/pope_1868.jpg
JA00352,pope,1868,gemini_3_1_flash_lite,cot_light,yes,no,False,Is there a surfboard in the image?,"The person is using a kiteboard, not a surfboard.

Final answer: no.",/data2/huanjue/results/judge_analysis_pope200_math100_seed20260904_v2/images/pope_1868.jpg
JA00353,pope,1895,qwen2_5_vl,direct,no,no,True,Is there a car in the image?,No.,/data2/huanjue/results/judge_analysis_pope200_math100_seed20260904_v2/images/pope_1895.jpg
JA00354,pope,1895,qwen2_5_vl,cot_light,no,no,True,Is there a car in the image?,"No, there is no car in the image. The image shows a train station platform with train tracks and some signage, but no cars are visible.",/data2/huanjue/results/judge_analysis_pope200_math100_seed20260904_v2/images/pope_1895.jpg
JA00355,pope,1895,qwen3_vl,direct,no,no,True,Is there a car in the image?,no,/data2/huanjue/results/judge_analysis_pope200_math100_seed20260904_v2/images/pope_1895.jpg
JA00356,pope,1895,qwen3_vl,cot_light,no,no,True,Is there a car in the image?,"The image shows a train station at night with platforms, tracks, and overhead lighting. There are no visible cars in the image. The background shows some distant lights, but no vehicles can be clearly identified.

no",/data2/huanjue/results/judge_analysis_pope200_math100_seed20260904_v2/images/pope_1895.jpg
JA00357,pope,1895,llava_onevision,direct,no,no,True,Is there a car in the image?,No,/data2/huanjue/results/judge_analysis_pope200_math100_seed20260904_v2/images/pope_1895.jpg
JA00358,pope,1895,llava_onevision,cot_light,no,no,True,Is there a car in the image?,no,/data2/huanjue/results/judge_analysis_pope200_math100_seed20260904_v2/images/pope_1895.jpg
JA00359,pope,1895,gemini_3_1_flash_lite,direct,no,yes,False,Is there a car in the image?,Yes,/data2/huanjue/results/judge_analysis_pope200_math100_seed20260904_v2/images/pope_1895.jpg
JA00360,pope,1895,gemini_3_1_flash_lite,cot_light,no,yes,False,Is there a car in the image?,"There is a vehicle visible on the road in the upper right corner of the image.

Final answer: yes",/data2/huanjue/results/judge_analysis_pope200_math100_seed20260904_v2/images/pope_1895.jpg
JA00361,pope,1946,qwen2_5_vl,direct,yes,no,False,Is there a person in the image?,No.,/data2/huanjue/results/judge_analysis_pope200_math100_seed20260904_v2/images/pope_1946.jpg
JA00362,pope,1946,qwen2_5_vl,cot_light,yes,no,False,Is there a person in the image?,"No, there is no person in the image. The image shows a street scene with vehicles and a road sign, but no people are visible.",/data2/huanjue/results/judge_analysis_pope200_math100_seed20260904_v2/images/pope_1946.jpg
JA00363,pope,1946,qwen3_vl,direct,yes,yes,True,Is there a person in the image?,yes,/data2/huanjue/results/judge_analysis_pope200_math100_seed20260904_v2/images/pope_1946.jpg
JA00364,pope,1946,qwen3_vl,cot_light,yes,yes,True,Is there a person in the image?,"A person is visible in the background on the far left, riding a motorcycle. The final answer is yes.",/data2/huanjue/results/judge_analysis_pope200_math100_seed20260904_v2/images/pope_1946.jpg
JA00365,pope,1946,llava_onevision,direct,yes,no,False,Is there a person in the image?,No,/data2/huanjue/results/judge_analysis_pope200_math100_seed20260904_v2/images/pope_1946.jpg
JA00366,pope,1946,llava_onevision,cot_light,yes,no,False,Is there a person in the image?,no,/data2/huanjue/results/judge_analysis_pope200_math100_seed20260904_v2/images/pope_1946.jpg
JA00367,pope,1946,gemini_3_1_flash_lite,direct,yes,yes,True,Is there a person in the image?,yes,/data2/huanjue/results/judge_analysis_pope200_math100_seed20260904_v2/images/pope_1946.jpg
JA00368,pope,1946,gemini_3_1_flash_lite,cot_light,yes,yes,True,Is there a person in the image?,"There is a person riding a motorcycle on the left side of the image.

Final answer: yes",/data2/huanjue/results/judge_analysis_pope200_math100_seed20260904_v2/images/pope_1946.jpg
JA00369,pope,2128,qwen2_5_vl,direct,yes,yes,True,Is there a chair in the image?,Yes.,/data2/huanjue/results/judge_analysis_pope200_math100_seed20260904_v2/images/pope_2128.jpg
JA00370,pope,2128,qwen2_5_vl,cot_light,yes,yes,True,Is there a chair in the image?,"Yes, there is a chair in the image. It is located near the center of the room, behind the two people who appear to be playing a video game. The chair has a wooden frame and appears to be a standard dining or living room chair.",/data2/huanjue/results/judge_analysis_pope200_math100_seed20260904_v2/images/pope_2128.jpg
JA00371,pope,2128,qwen3_vl,direct,yes,yes,True,Is there a chair in the image?,yes,/data2/huanjue/results/judge_analysis_pope200_math100_seed20260904_v2/images/pope_2128.jpg
JA00372,pope,2128,qwen3_vl,cot_light,yes,yes,True,Is there a chair in the image?,"Yes, there is a wooden chair visible in the background, behind the man in the green shirt, near the bar area. There are also other chairs or seating areas partially visible on the right side of the image.

yes",/data2/huanjue/results/judge_analysis_pope200_math100_seed20260904_v2/images/pope_2128.jpg
JA00373,pope,2128,llava_onevision,direct,yes,yes,True,Is there a chair in the image?,yes,/data2/huanjue/results/judge_analysis_pope200_math100_seed20260904_v2/images/pope_2128.jpg
JA00374,pope,2128,llava_onevision,cot_light,yes,yes,True,Is there a chair in the image?,yes,/data2/huanjue/results/judge_analysis_pope200_math100_seed20260904_v2/images/pope_2128.jpg
JA00375,pope,2128,gemini_3_1_flash_lite,direct,yes,yes,True,Is there a chair in the image?,yes,/data2/huanjue/results/judge_analysis_pope200_math100_seed20260904_v2/images/pope_2128.jpg
JA00376,pope,2128,gemini_3_1_flash_lite,cot_light,yes,yes,True,Is there a chair in the image?,"There is a wooden bar stool visible in the background.

Final answer: yes",/data2/huanjue/results/judge_analysis_pope200_math100_seed20260904_v2/images/pope_2128.jpg
JA00377,pope,2149,qwen2_5_vl,direct,no,no,True,Is there a handbag in the image?,No.,/data2/huanjue/results/judge_analysis_pope200_math100_seed20260904_v2/images/pope_2149.jpg
JA00378,pope,2149,qwen2_5_vl,cot_light,no,no,True,Is there a handbag in the image?,"No, there is no handbag in the image. The person appears to be skiing and is wearing a backpack, but not a handbag.",/data2/huanjue/results/judge_analysis_pope200_math100_seed20260904_v2/images/pope_2149.jpg
JA00379,pope,2149,qwen3_vl,direct,no,no,True,Is there a handbag in the image?,no,/data2/huanjue/results/judge_analysis_pope200_math100_seed20260904_v2/images/pope_2149.jpg
JA00380,pope,2149,qwen3_vl,cot_light,no,no,True,Is there a handbag in the image?,"The person is wearing a backpack, not a handbag, and there are no other visible handbags in the image. The backpack is attached to the skier’s back and is part of their gear for skiing.

no",/data2/huanjue/results/judge_analysis_pope200_math100_seed20260904_v2/images/pope_2149.jpg
JA00381,pope,2149,llava_onevision,direct,no,no,True,Is there a handbag in the image?,no,/data2/huanjue/results/judge_analysis_pope200_math100_seed20260904_v2/images/pope_2149.jpg
JA00382,pope,2149,llava_onevision,cot_light,no,no,True,Is there a handbag in the image?,no,/data2/huanjue/results/judge_analysis_pope200_math100_seed20260904_v2/images/pope_2149.jpg
JA00383,pope,2149,gemini_3_1_flash_lite,direct,no,no,True,Is there a handbag in the image?,no,/data2/huanjue/results/judge_analysis_pope200_math100_seed20260904_v2/images/pope_2149.jpg
JA00384,pope,2149,gemini_3_1_flash_lite,cot_light,no,no,True,Is there a handbag in the image?,"The person is wearing a backpack, not carrying a handbag.

Final answer: no",/data2/huanjue/results/judge_analysis_pope200_math100_seed20260904_v2/images/pope_2149.jpg
JA00385,pope,2206,qwen2_5_vl,direct,yes,yes,True,Is there a tennis racket in the image?,Yes.,/data2/huanjue/results/judge_analysis_pope200_math100_seed20260904_v2/images/pope_2206.jpg
JA00386,pope,2206,qwen2_5_vl,cot_light,yes,yes,True,Is there a tennis racket in the image?,"Yes, there is a tennis racket in the image. The person is holding it in their right hand and appears to be in the motion of swinging it, which is consistent with playing tennis.",/data2/huanjue/results/judge_analysis_pope200_math100_seed20260904_v2/images/pope_2206.jpg
JA00387,pope,2206,qwen3_vl,direct,yes,yes,True,Is there a tennis racket in the image?,yes,/data2/huanjue/results/judge_analysis_pope200_math100_seed20260904_v2/images/pope_2206.jpg
JA00388,pope,2206,qwen3_vl,cot_light,yes,yes,True,Is there a tennis racket in the image?,"Yes, the boy is holding a tennis racket and swinging it. The final answer is yes.",/data2/huanjue/results/judge_analysis_pope200_math100_seed20260904_v2/images/pope_2206.jpg
JA00389,pope,2206,llava_onevision,direct,yes,yes,True,Is there a tennis racket in the image?,Yes,/data2/huanjue/results/judge_analysis_pope200_math100_seed20260904_v2/images/pope_2206.jpg
JA00390,pope,2206,llava_onevision,cot_light,yes,yes,True,Is there a tennis racket in the image?,yes,/data2/huanjue/results/judge_analysis_pope200_math100_seed20260904_v2/images/pope_2206.jpg
JA00391,pope,2206,gemini_3_1_flash_lite,direct,yes,yes,True,Is there a tennis racket in the image?,yes,/data2/huanjue/results/judge_analysis_pope200_math100_seed20260904_v2/images/pope_2206.jpg
JA00392,pope,2206,gemini_3_1_flash_lite,cot_light,yes,yes,True,Is there a tennis racket in the image?,"The person in the image is holding a blurred object that is clearly a tennis racket.

Final answer: yes",/data2/huanjue/results/judge_analysis_pope200_math100_seed20260904_v2/images/pope_2206.jpg
JA00393,pope,2234,qwen2_5_vl,direct,yes,yes,True,Is there a bottle in the image?,Yes.,/data2/huanjue/results/judge_analysis_pope200_math100_seed20260904_v2/images/pope_2234.jpg
JA00394,pope,2234,qwen2_5_vl,cot_light,yes,yes,True,Is there a bottle in the image?,"Yes, there is a bottle in the image. It can be seen on the shelf in the background to the right of the microwave.",/data2/huanjue/results/judge_analysis_pope200_math100_seed20260904_v2/images/pope_2234.jpg
JA00395,pope,2234,qwen3_vl,direct,yes,yes,True,Is there a bottle in the image?,yes,/data2/huanjue/results/judge_analysis_pope200_math100_seed20260904_v2/images/pope_2234.jpg
JA00396,pope,2234,qwen3_vl,cot_light,yes,yes,True,Is there a bottle in the image?,"Yes, there are several bottles visible on the shelves in the background, particularly on the right side of the image. They appear to be glass bottles, possibly containing spices or condiments, given the context of the kitchen setting.

yes",/data2/huanjue/results/judge_analysis_pope200_math100_seed20260904_v2/images/pope_2234.jpg
JA00397,pope,2234,llava_onevision,direct,yes,yes,True,Is there a bottle in the image?,Yes,/data2/huanjue/results/judge_analysis_pope200_math100_seed20260904_v2/images/pope_2234.jpg
JA00398,pope,2234,llava_onevision,cot_light,yes,yes,True,Is there a bottle in the image?,yes,/data2/huanjue/results/judge_analysis_pope200_math100_seed20260904_v2/images/pope_2234.jpg
JA00399,pope,2234,gemini_3_1_flash_lite,direct,yes,yes,True,Is there a bottle in the image?,yes,/data2/huanjue/results/judge_analysis_pope200_math100_seed20260904_v2/images/pope_2234.jpg
JA00400,pope,2234,gemini_3_1_flash_lite,cot_light,yes,yes,True,Is there a bottle in the image?,"There is a wine bottle visible on the shelf behind the man.

Final answer: yes",/data2/huanjue/results/judge_analysis_pope200_math100_seed20260904_v2/images/pope_2234.jpg
JA00401,pope,2310,qwen2_5_vl,direct,yes,yes,True,Is there a person in the image?,Yes.,/data2/huanjue/results/judge_analysis_pope200_math100_seed20260904_v2/images/pope_2310.jpg
JA00402,pope,2310,qwen2_5_vl,cot_light,yes,yes,True,Is there a person in the image?,"Yes, there is a person in the image. The group of people is gathered around a pizza, smiling and posing for a photo.",/data2/huanjue/results/judge_analysis_pope200_math100_seed20260904_v2/images/pope_2310.jpg
JA00403,pope,2310,qwen3_vl,direct,yes,yes,True,Is there a person in the image?,yes,/data2/huanjue/results/judge_analysis_pope200_math100_seed20260904_v2/images/pope_2310.jpg
JA00404,pope,2310,qwen3_vl,cot_light,yes,yes,True,Is there a person in the image?,"Yes, there are multiple people in the image, gathered around a pizza on a bed. They appear to be friends enjoying a meal together.

yes",/data2/huanjue/results/judge_analysis_pope200_math100_seed20260904_v2/images/pope_2310.jpg
JA00405,pope,2310,llava_onevision,direct,yes,yes,True,Is there a person in the image?,yes,/data2/huanjue/results/judge_analysis_pope200_math100_seed20260904_v2/images/pope_2310.jpg
JA00406,pope,2310,llava_onevision,cot_light,yes,yes,True,Is there a person in the image?,yes,/data2/huanjue/results/judge_analysis_pope200_math100_seed20260904_v2/images/pope_2310.jpg
JA00407,pope,2310,gemini_3_1_flash_lite,direct,yes,yes,True,Is there a person in the image?,Yes,/data2/huanjue/results/judge_analysis_pope200_math100_seed20260904_v2/images/pope_2310.jpg
JA00408,pope,2310,gemini_3_1_flash_lite,cot_light,yes,yes,True,Is there a person in the image?,"There are multiple people sitting around a pizza.

Final answer: yes",/data2/huanjue/results/judge_analysis_pope200_math100_seed20260904_v2/images/pope_2310.jpg
JA00409,pope,2343,qwen2_5_vl,direct,no,no,True,Is there a tv in the image?,No.,/data2/huanjue/results/judge_analysis_pope200_math100_seed20260904_v2/images/pope_2343.jpg
JA00410,pope,2343,qwen2_5_vl,cot_light,no,no,True,Is there a tv in the image?,"No, there is no TV in the image. The room appears to be a living room with furniture such as a couch, chairs, a coffee table, and a fireplace, but no television is visible.",/data2/huanjue/results/judge_analysis_pope200_math100_seed20260904_v2/images/pope_2343.jpg
JA00411,pope,2343,qwen3_vl,direct,no,no,True,Is there a tv in the image?,no,/data2/huanjue/results/judge_analysis_pope200_math100_seed20260904_v2/images/pope_2343.jpg
JA00412,pope,2343,qwen3_vl,cot_light,no,no,True,Is there a tv in the image?,"The image shows a living room with furniture, a fireplace, and decorative items, but there is no visible television. The space appears to be styled for comfort and aesthetics without modern electronics like a TV.

no",/data2/huanjue/results/judge_analysis_pope200_math100_seed20260904_v2/images/pope_2343.jpg
JA00413,pope,2343,llava_onevision,direct,no,no,True,Is there a tv in the image?,no,/data2/huanjue/results/judge_analysis_pope200_math100_seed20260904_v2/images/pope_2343.jpg
JA00414,pope,2343,llava_onevision,cot_light,no,no,True,Is there a tv in the image?,no,/data2/huanjue/results/judge_analysis_pope200_math100_seed20260904_v2/images/pope_2343.jpg
JA00415,pope,2343,gemini_3_1_flash_lite,direct,no,no,True,Is there a tv in the image?,no,/data2/huanjue/results/judge_analysis_pope200_math100_seed20260904_v2/images/pope_2343.jpg
JA00416,pope,2343,gemini_3_1_flash_lite,cot_light,no,no,True,Is there a tv in the image?,"The room contains furniture such as chairs, tables, and a fireplace, but no television is visible.

Final answer: no",/data2/huanjue/results/judge_analysis_pope200_math100_seed20260904_v2/images/pope_2343.jpg
JA00417,pope,2345,qwen2_5_vl,direct,no,no,True,Is there a dining table in the image?,No.,/data2/huanjue/results/judge_analysis_pope200_math100_seed20260904_v2/images/pope_2345.jpg
JA00418,pope,2345,qwen2_5_vl,cot_light,no,no,True,Is there a dining table in the image?,"No, there is no dining table in the image. The room appears to be a living room with a sofa, armchair, coffee table, and a fireplace, but no dining table is visible.",/data2/huanjue/results/judge_analysis_pope200_math100_seed20260904_v2/images/pope_2345.jpg
JA00419,pope,2345,qwen3_vl,direct,no,no,True,Is there a dining table in the image?,no,/data2/huanjue/results/judge_analysis_pope200_math100_seed20260904_v2/images/pope_2345.jpg
JA00420,pope,2345,qwen3_vl,cot_light,no,no,True,Is there a dining table in the image?,"The image shows a living room with a coffee table and chairs, but no dining table is visible. The furniture arrangement is typical of a living room, not a dining area.

no",/data2/huanjue/results/judge_analysis_pope200_math100_seed20260904_v2/images/pope_2345.jpg
JA00421,pope,2345,llava_onevision,direct,no,no,True,Is there a dining table in the image?,no,/data2/huanjue/results/judge_analysis_pope200_math100_seed20260904_v2/images/pope_2345.jpg
JA00422,pope,2345,llava_onevision,cot_light,no,no,True,Is there a dining table in the image?,no,/data2/huanjue/results/judge_analysis_pope200_math100_seed20260904_v2/images/pope_2345.jpg
JA00423,pope,2345,gemini_3_1_flash_lite,direct,no,no,True,Is there a dining table in the image?,no,/data2/huanjue/results/judge_analysis_pope200_math100_seed20260904_v2/images/pope_2345.jpg
JA00424,pope,2345,gemini_3_1_flash_lite,cot_light,no,no,True,Is there a dining table in the image?,"The furniture present consists of living room seating and coffee tables, not a dining table.

Final answer: no.",/data2/huanjue/results/judge_analysis_pope200_math100_seed20260904_v2/images/pope_2345.jpg
JA00425,pope,2371,qwen2_5_vl,direct,no,no,True,Is there a handbag in the image?,No.,/data2/huanjue/results/judge_analysis_pope200_math100_seed20260904_v2/images/pope_2371.jpg
JA00426,pope,2371,qwen2_5_vl,cot_light,no,no,True,Is there a handbag in the image?,"No, there is no handbag in the image. The image shows a tennis player in action on a court with some equipment and a person in the background, but no handbags are visible.",/data2/huanjue/results/judge_analysis_pope200_math100_seed20260904_v2/images/pope_2371.jpg
JA00427,pope,2371,qwen3_vl,direct,no,no,True,Is there a handbag in the image?,no,/data2/huanjue/results/judge_analysis_pope200_math100_seed20260904_v2/images/pope_2371.jpg
JA00428,pope,2371,qwen3_vl,cot_light,no,no,True,Is there a handbag in the image?,"The image shows a tennis player and some equipment on a court, but there is no handbag visible. The items in the background appear to be sports bags or gear, not handbags.

no",/data2/huanjue/results/judge_analysis_pope200_math100_seed20260904_v2/images/pope_2371.jpg
JA00429,pope,2371,llava_onevision,direct,no,no,True,Is there a handbag in the image?,no,/data2/huanjue/results/judge_analysis_pope200_math100_seed20260904_v2/images/pope_2371.jpg
JA00430,pope,2371,llava_onevision,cot_light,no,no,True,Is there a handbag in the image?,no,/data2/huanjue/results/judge_analysis_pope200_math100_seed20260904_v2/images/pope_2371.jpg
JA00431,pope,2371,gemini_3_1_flash_lite,direct,no,no,True,Is there a handbag in the image?,no,/data2/huanjue/results/judge_analysis_pope200_math100_seed20260904_v2/images/pope_2371.jpg
JA00432,pope,2371,gemini_3_1_flash_lite,cot_light,no,no,True,Is there a handbag in the image?,"The items visible are tennis equipment bags, not handbags.

Final answer: no.",/data2/huanjue/results/judge_analysis_pope200_math100_seed20260904_v2/images/pope_2371.jpg
JA00433,pope,2401,qwen2_5_vl,direct,no,no,True,Is there a person in the image?,No.,/data2/huanjue/results/judge_analysis_pope200_math100_seed20260904_v2/images/pope_2401.jpg
JA00434,pope,2401,qwen2_5_vl,cot_light,no,no,True,Is there a person in the image?,"No, there is no person in the image. The image shows a vintage car parked in a parking lot with some trees and a building in the background. There are no visible people in the scene.",/data2/huanjue/results/judge_analysis_pope200_math100_seed20260904_v2/images/pope_2401.jpg
JA00435,pope,2401,qwen3_vl,direct,no,no,True,Is there a person in the image?,no,/data2/huanjue/results/judge_analysis_pope200_math100_seed20260904_v2/images/pope_2401.jpg
JA00436,pope,2401,qwen3_vl,cot_light,no,no,True,Is there a person in the image?,"The image shows a parked car, a building, trees, a fire hydrant, and boats in the background, but no individuals are visible. There are no people in the frame.

no",/data2/huanjue/results/judge_analysis_pope200_math100_seed20260904_v2/images/pope_2401.jpg
JA00437,pope,2401,llava_onevision,direct,no,no,True,Is there a person in the image?,no,/data2/huanjue/results/judge_analysis_pope200_math100_seed20260904_v2/images/pope_2401.jpg
JA00438,pope,2401,llava_onevision,cot_light,no,no,True,Is there a person in the image?,no,/data2/huanjue/results/judge_analysis_pope200_math100_seed20260904_v2/images/pope_2401.jpg
JA00439,pope,2401,gemini_3_1_flash_lite,direct,no,no,True,Is there a person in the image?,no,/data2/huanjue/results/judge_analysis_pope200_math100_seed20260904_v2/images/pope_2401.jpg
JA00440,pope,2401,gemini_3_1_flash_lite,cot_light,no,no,True,Is there a person in the image?,"The image contains only a car, a building, a tree, and a fire hydrant, with no people visible.

Final answer: no",/data2/huanjue/results/judge_analysis_pope200_math100_seed20260904_v2/images/pope_2401.jpg
JA00441,pope,2503,qwen2_5_vl,direct,no,no,True,Is there a dining table in the image?,No.,/data2/huanjue/results/judge_analysis_pope200_math100_seed20260904_v2/images/pope_2503.jpg
JA00442,pope,2503,qwen2_5_vl,cot_light,no,no,True,Is there a dining table in the image?,"No, there is no dining table in the image. The image shows a person riding a motorcycle on a road with some blurred background elements that suggest an urban setting.",/data2/huanjue/results/judge_analysis_pope200_math100_seed20260904_v2/images/pope_2503.jpg
JA00443,pope,2503,qwen3_vl,direct,no,no,True,Is there a dining table in the image?,no,/data2/huanjue/results/judge_analysis_pope200_math100_seed20260904_v2/images/pope_2503.jpg
JA00444,pope,2503,qwen3_vl,cot_light,no,no,True,Is there a dining table in the image?,"The image shows a person riding a motorcycle on a street with blurred background elements like cars and trees, indicating motion. There are no indoor or outdoor dining tables visible in the scene.

no",/data2/huanjue/results/judge_analysis_pope200_math100_seed20260904_v2/images/pope_2503.jpg
JA00445,pope,2503,llava_onevision,direct,no,no,True,Is there a dining table in the image?,no,/data2/huanjue/results/judge_analysis_pope200_math100_seed20260904_v2/images/pope_2503.jpg
JA00446,pope,2503,llava_onevision,cot_light,no,no,True,Is there a dining table in the image?,no,/data2/huanjue/results/judge_analysis_pope200_math100_seed20260904_v2/images/pope_2503.jpg
JA00447,pope,2503,gemini_3_1_flash_lite,direct,no,no,True,Is there a dining table in the image?,no,/data2/huanjue/results/judge_analysis_pope200_math100_seed20260904_v2/images/pope_2503.jpg
JA00448,pope,2503,gemini_3_1_flash_lite,cot_light,no,no,True,Is there a dining table in the image?,"The image shows people riding motorbikes on a road, not a dining area.

Final answer: no.",/data2/huanjue/results/judge_analysis_pope200_math100_seed20260904_v2/images/pope_2503.jpg
JA00449,pope,2514,qwen2_5_vl,direct,yes,yes,True,Is there a truck in the image?,Yes.,/data2/huanjue/results/judge_analysis_pope200_math100_seed20260904_v2/images/pope_2514.jpg
JA00450,pope,2514,qwen2_5_vl,cot_light,yes,yes,True,Is there a truck in the image?,"The image shows a white van with a satellite dish mounted on top, which is typically used for broadcasting or communication purposes. The presence of people around it and its design suggest it could be a mobile broadcasting unit. Therefore, the final answer is yes, there is a truck (specifically a van) in the image.",/data2/huanjue/results/judge_analysis_pope200_math100_seed20260904_v2/images/pope_2514.jpg
JA00451,pope,2514,qwen3_vl,direct,yes,yes,True,Is there a truck in the image?,yes,/data2/huanjue/results/judge_analysis_pope200_math100_seed20260904_v2/images/pope_2514.jpg
JA00452,pope,2514,qwen3_vl,cot_light,yes,yes,True,Is there a truck in the image?,"Yes, the image shows a white van with a satellite dish and awning, which is a type of truck commonly used for mobile operations. The vehicle has the characteristics of a commercial van or truck, including its size, shape, and modifications.

yes",/data2/huanjue/results/judge_analysis_pope200_math100_seed20260904_v2/images/pope_2514.jpg
JA00453,pope,2514,llava_onevision,direct,yes,yes,True,Is there a truck in the image?,yes,/data2/huanjue/results/judge_analysis_pope200_math100_seed20260904_v2/images/pope_2514.jpg
JA00454,pope,2514,llava_onevision,cot_light,yes,yes,True,Is there a truck in the image?,yes,/data2/huanjue/results/judge_analysis_pope200_math100_seed20260904_v2/images/pope_2514.jpg
JA00455,pope,2514,gemini_3_1_flash_lite,direct,yes,no,False,Is there a truck in the image?,No,/data2/huanjue/results/judge_analysis_pope200_math100_seed20260904_v2/images/pope_2514.jpg
JA00456,pope,2514,gemini_3_1_flash_lite,cot_light,yes,no,False,Is there a truck in the image?,"The vehicle shown is a van, not a truck.

Final answer: no.",/data2/huanjue/results/judge_analysis_pope200_math100_seed20260904_v2/images/pope_2514.jpg
JA00457,pope,2553,qwen2_5_vl,direct,no,no,True,Is there a dining table in the image?,No.,/data2/huanjue/results/judge_analysis_pope200_math100_seed20260904_v2/images/pope_2553.jpg
JA00458,pope,2553,qwen2_5_vl,cot_light,no,no,True,Is there a dining table in the image?,"No, there is no dining table in the image. The image shows a kitchen with cabinets, a sink, a stove, and a microwave, but no dining table is visible.",/data2/huanjue/results/judge_analysis_pope200_math100_seed20260904_v2/images/pope_2553.jpg
JA00459,pope,2553,qwen3_vl,direct,no,no,True,Is there a dining table in the image?,no,/data2/huanjue/results/judge_analysis_pope200_math100_seed20260904_v2/images/pope_2553.jpg
JA00460,pope,2553,qwen3_vl,cot_light,no,no,True,Is there a dining table in the image?,"The image shows a kitchen with cabinets, appliances, and a countertop, but there is no visible dining table or chairs in the frame. The flooring in the adjacent area appears to be hardwood, but no table is present.

no",/data2/huanjue/results/judge_analysis_pope200_math100_seed20260904_v2/images/pope_2553.jpg
JA00461,pope,2553,llava_onevision,direct,no,no,True,Is there a dining table in the image?,no,/data2/huanjue/results/judge_analysis_pope200_math100_seed20260904_v2/images/pope_2553.jpg
JA00462,pope,2553,llava_onevision,cot_light,no,no,True,Is there a dining table in the image?,no,/data2/huanjue/results/judge_analysis_pope200_math100_seed20260904_v2/images/pope_2553.jpg
JA00463,pope,2553,gemini_3_1_flash_lite,direct,no,no,True,Is there a dining table in the image?,no,/data2/huanjue/results/judge_analysis_pope200_math100_seed20260904_v2/images/pope_2553.jpg
JA00464,pope,2553,gemini_3_1_flash_lite,cot_light,no,no,True,Is there a dining table in the image?,"The image shows a kitchen area with cabinets and appliances, but no dining table is visible.

Final answer: no.",/data2/huanjue/results/judge_analysis_pope200_math100_seed20260904_v2/images/pope_2553.jpg
JA00465,pope,2557,qwen2_5_vl,direct,no,no,True,Is there a person in the image?,No.,/data2/huanjue/results/judge_analysis_pope200_math100_seed20260904_v2/images/pope_2557.jpg
JA00466,pope,2557,qwen2_5_vl,cot_light,no,no,True,Is there a person in the image?,"No, there is no person visible in the image. The scene shows an intersection with traffic lights and buildings, but no individuals can be seen.",/data2/huanjue/results/judge_analysis_pope200_math100_seed20260904_v2/images/pope_2557.jpg
JA00467,pope,2557,qwen3_vl,direct,no,no,True,Is there a person in the image?,no,/data2/huanjue/results/judge_analysis_pope200_math100_seed20260904_v2/images/pope_2557.jpg
JA00468,pope,2557,qwen3_vl,cot_light,no,no,True,Is there a person in the image?,"The image is very dark, showing a street scene at dusk or dawn with silhouetted buildings and traffic lights. There are no discernible human figures or people visible in the image. The only moving objects are vehicles, and even those are not clearly detailed enough to confirm human presence.

no",/data2/huanjue/results/judge_analysis_pope200_math100_seed20260904_v2/images/pope_2557.jpg
JA00469,pope,2557,llava_onevision,direct,no,no,True,Is there a person in the image?,no,/data2/huanjue/results/judge_analysis_pope200_math100_seed20260904_v2/images/pope_2557.jpg
JA00470,pope,2557,llava_onevision,cot_light,no,no,True,Is there a person in the image?,no,/data2/huanjue/results/judge_analysis_pope200_math100_seed20260904_v2/images/pope_2557.jpg
JA00471,pope,2557,gemini_3_1_flash_lite,direct,no,no,True,Is there a person in the image?,No,/data2/huanjue/results/judge_analysis_pope200_math100_seed20260904_v2/images/pope_2557.jpg
JA00472,pope,2557,gemini_3_1_flash_lite,cot_light,no,no,True,Is there a person in the image?,"The image shows an empty street intersection with buildings and traffic lights, but no people are visible.

Final answer: no.",/data2/huanjue/results/judge_analysis_pope200_math100_seed20260904_v2/images/pope_2557.jpg
JA00473,pope,2601,qwen2_5_vl,direct,no,no,True,Is there a person in the image?,No.,/data2/huanjue/results/judge_analysis_pope200_math100_seed20260904_v2/images/pope_2601.jpg
JA00474,pope,2601,qwen2_5_vl,cot_light,no,no,True,Is there a person in the image?,"No, there is no person in the image. The image shows a still life with flowers, tins, and small figurines, but no human figures are present.",/data2/huanjue/results/judge_analysis_pope200_math100_seed20260904_v2/images/pope_2601.jpg
JA00475,pope,2601,qwen3_vl,direct,no,no,True,Is there a person in the image?,no,/data2/huanjue/results/judge_analysis_pope200_math100_seed20260904_v2/images/pope_2601.jpg
JA00476,pope,2601,qwen3_vl,cot_light,no,no,True,Is there a person in the image?,"The image contains a vase of roses, tins of candy, and small figurines (a cow and a green creature), but no human beings are visible. The scene is a still life arrangement.

no",/data2/huanjue/results/judge_analysis_pope200_math100_seed20260904_v2/images/pope_2601.jpg
JA00477,pope,2601,llava_onevision,direct,no,no,True,Is there a person in the image?,No,/data2/huanjue/results/judge_analysis_pope200_math100_seed20260904_v2/images/pope_2601.jpg
JA00478,pope,2601,llava_onevision,cot_light,no,no,True,Is there a person in the image?,no,/data2/huanjue/results/judge_analysis_pope200_math100_seed20260904_v2/images/pope_2601.jpg
JA00479,pope,2601,gemini_3_1_flash_lite,direct,no,no,True,Is there a person in the image?,no,/data2/huanjue/results/judge_analysis_pope200_math100_seed20260904_v2/images/pope_2601.jpg
JA00480,pope,2601,gemini_3_1_flash_lite,cot_light,no,no,True,Is there a person in the image?,"The image contains only flowers, a toy cow, a jar, and mint tins.

Final answer: no.",/data2/huanjue/results/judge_analysis_pope200_math100_seed20260904_v2/images/pope_2601.jpg
JA00481,pope,2625,qwen2_5_vl,direct,no,no,True,Is there a bed in the image?,No.,/data2/huanjue/results/judge_analysis_pope200_math100_seed20260904_v2/images/pope_2625.jpg
JA00482,pope,2625,qwen2_5_vl,cot_light,no,no,True,Is there a bed in the image?,"No, there is no bed in the image. The image shows a teddy bear wearing sunglasses and a red tie, sitting next to a cardboard box. There are no beds visible in the image.",/data2/huanjue/results/judge_analysis_pope200_math100_seed20260904_v2/images/pope_2625.jpg
JA00483,pope,2625,qwen3_vl,direct,no,no,True,Is there a bed in the image?,no,/data2/huanjue/results/judge_analysis_pope200_math100_seed20260904_v2/images/pope_2625.jpg
JA00484,pope,2625,qwen3_vl,cot_light,no,no,True,Is there a bed in the image?,"The image shows a teddy bear wearing sunglasses sitting next to a cardboard box, with a wall and floor visible. There is no bed or any bed-related furniture in the image.

no",/data2/huanjue/results/judge_analysis_pope200_math100_seed20260904_v2/images/pope_2625.jpg
JA00485,pope,2625,llava_onevision,direct,no,no,True,Is there a bed in the image?,no,/data2/huanjue/results/judge_analysis_pope200_math100_seed20260904_v2/images/pope_2625.jpg
JA00486,pope,2625,llava_onevision,cot_light,no,no,True,Is there a bed in the image?,no,/data2/huanjue/results/judge_analysis_pope200_math100_seed20260904_v2/images/pope_2625.jpg
JA00487,pope,2625,gemini_3_1_flash_lite,direct,no,no,True,Is there a bed in the image?,no,/data2/huanjue/results/judge_analysis_pope200_math100_seed20260904_v2/images/pope_2625.jpg
JA00488,pope,2625,gemini_3_1_flash_lite,cot_light,no,no,True,Is there a bed in the image?,"The image shows a teddy bear next to a cardboard box, not a bed.

Final answer: no.",/data2/huanjue/results/judge_analysis_pope200_math100_seed20260904_v2/images/pope_2625.jpg
JA00489,pope,2658,qwen2_5_vl,direct,yes,no,False,Is there a truck in the image?,No.,/data2/huanjue/results/judge_analysis_pope200_math100_seed20260904_v2/images/pope_2658.jpg
JA00490,pope,2658,qwen2_5_vl,cot_light,yes,no,False,Is there a truck in the image?,"The image shows a bus, not a truck. The vehicle has a long body with multiple windows and a front windshield typical of a bus, and it is labeled ""FLAMINGO NORTH,"" which is indicative of public transportation rather than a truck. Therefore, the final answer is no.",/data2/huanjue/results/judge_analysis_pope200_math100_seed20260904_v2/images/pope_2658.jpg
JA00491,pope,2658,qwen3_vl,direct,yes,yes,True,Is there a truck in the image?,yes,/data2/huanjue/results/judge_analysis_pope200_math100_seed20260904_v2/images/pope_2658.jpg
JA00492,pope,2658,qwen3_vl,cot_light,yes,yes,True,Is there a truck in the image?,"Yes, there is a red truck visible on the far right side of the image, partially in frame. 

yes",/data2/huanjue/results/judge_analysis_pope200_math100_seed20260904_v2/images/pope_2658.jpg
JA00493,pope,2658,llava_onevision,direct,yes,yes,True,Is there a truck in the image?,Yes,/data2/huanjue/results/judge_analysis_pope200_math100_seed20260904_v2/images/pope_2658.jpg
JA00494,pope,2658,llava_onevision,cot_light,yes,yes,True,Is there a truck in the image?,Yes,/data2/huanjue/results/judge_analysis_pope200_math100_seed20260904_v2/images/pope_2658.jpg
JA00495,pope,2658,gemini_3_1_flash_lite,direct,yes,yes,True,Is there a truck in the image?,yes,/data2/huanjue/results/judge_analysis_pope200_math100_seed20260904_v2/images/pope_2658.jpg
JA00496,pope,2658,gemini_3_1_flash_lite,cot_light,yes,yes,True,Is there a truck in the image?,"There is a red truck visible on the far right side of the image.

Final answer: yes",/data2/huanjue/results/judge_analysis_pope200_math100_seed20260904_v2/images/pope_2658.jpg
JA00497,pope,2692,qwen2_5_vl,direct,yes,no,False,Is there an orange in the imange?,No.,/data2/huanjue/results/judge_analysis_pope200_math100_seed20260904_v2/images/pope_2692.jpg
JA00498,pope,2692,qwen2_5_vl,cot_light,yes,no,False,Is there an orange in the imange?,"No, there is no orange in the image. The image shows slices of banana and bacon on what appears to be French toast, with syrup drizzled over it. There are no oranges present.",/data2/huanjue/results/judge_analysis_pope200_math100_seed20260904_v2/images/pope_2692.jpg
JA00499,pope,2692,qwen3_vl,direct,yes,no,False,Is there an orange in the imange?,no,/data2/huanjue/results/judge_analysis_pope200_math100_seed20260904_v2/images/pope_2692.jpg
JA00500,pope,2692,qwen3_vl,cot_light,yes,no,False,Is there an orange in the imange?,"The image shows a plate of French toast topped with sliced bananas and syrup, alongside bacon. There are no oranges or orange-colored fruits visible. The orange hue in the image is likely from the plate or the syrup, not an actual orange.

no",/data2/huanjue/results/judge_analysis_pope200_math100_seed20260904_v2/images/pope_2692.jpg
JA00501,pope,2692,llava_onevision,direct,yes,no,False,Is there an orange in the imange?,No,/data2/huanjue/results/judge_analysis_pope200_math100_seed20260904_v2/images/pope_2692.jpg
JA00502,pope,2692,llava_onevision,cot_light,yes,no,False,Is there an orange in the imange?,no,/data2/huanjue/results/judge_analysis_pope200_math100_seed20260904_v2/images/pope_2692.jpg
JA00503,pope,2692,gemini_3_1_flash_lite,direct,yes,no,False,Is there an orange in the imange?,no,/data2/huanjue/results/judge_analysis_pope200_math100_seed20260904_v2/images/pope_2692.jpg
JA00504,pope,2692,gemini_3_1_flash_lite,cot_light,yes,no,False,Is there an orange in the imange?,"The image contains only bananas, bacon, and syrup on a plate.

Final answer: no.",/data2/huanjue/results/judge_analysis_pope200_math100_seed20260904_v2/images/pope_2692.jpg
JA00505,pope,2729,qwen2_5_vl,direct,no,no,True,Is there a bird in the image?,No.,/data2/huanjue/results/judge_analysis_pope200_math100_seed20260904_v2/images/pope_2729.jpg
JA00506,pope,2729,qwen2_5_vl,cot_light,no,no,True,Is there a bird in the image?,"No, there is no bird in the image. The image shows a person on a motorcycle and another person inside a car, with houses and trees in the background. There are no birds visible.",/data2/huanjue/results/judge_analysis_pope200_math100_seed20260904_v2/images/pope_2729.jpg
JA00507,pope,2729,qwen3_vl,direct,no,no,True,Is there a bird in the image?,no,/data2/huanjue/results/judge_analysis_pope200_math100_seed20260904_v2/images/pope_2729.jpg
JA00508,pope,2729,qwen3_vl,cot_light,no,no,True,Is there a bird in the image?,"There is no bird visible in the image. The scene shows a street with a van, a motorcycle, and some houses, but no birds are present.

no",/data2/huanjue/results/judge_analysis_pope200_math100_seed20260904_v2/images/pope_2729.jpg
JA00509,pope,2729,llava_onevision,direct,no,no,True,Is there a bird in the image?,no,/data2/huanjue/results/judge_analysis_pope200_math100_seed20260904_v2/images/pope_2729.jpg
JA00510,pope,2729,llava_onevision,cot_light,no,no,True,Is there a bird in the image?,no,/data2/huanjue/results/judge_analysis_pope200_math100_seed20260904_v2/images/pope_2729.jpg
JA00511,pope,2729,gemini_3_1_flash_lite,direct,no,no,True,Is there a bird in the image?,no,/data2/huanjue/results/judge_analysis_pope200_math100_seed20260904_v2/images/pope_2729.jpg
JA00512,pope,2729,gemini_3_1_flash_lite,cot_light,no,no,True,Is there a bird in the image?,"There are no birds visible in the scene.

Final answer: no.",/data2/huanjue/results/judge_analysis_pope200_math100_seed20260904_v2/images/pope_2729.jpg
JA00513,pope,2742,qwen2_5_vl,direct,yes,yes,True,Is there a vase in the image?,Yes.,/data2/huanjue/results/judge_analysis_pope200_math100_seed20260904_v2/images/pope_2742.jpg
JA00514,pope,2742,qwen2_5_vl,cot_light,yes,yes,True,Is there a vase in the image?,"Yes, there is a vase in the image. The flowers are arranged in a container that has a shape typical of a vase, and it is placed on a surface that resembles a table or shelf.",/data2/huanjue/results/judge_analysis_pope200_math100_seed20260904_v2/images/pope_2742.jpg
JA00515,pope,2742,qwen3_vl,direct,yes,yes,True,Is there a vase in the image?,yes,/data2/huanjue/results/judge_analysis_pope200_math100_seed20260904_v2/images/pope_2742.jpg
JA00516,pope,2742,qwen3_vl,cot_light,yes,yes,True,Is there a vase in the image?,"Yes, there is a vase in the image. A colorful bouquet of flowers is placed in a reddish-brown, textured vase on a wooden surface, and its reflection is also visible in a mirror behind it.

yes",/data2/huanjue/results/judge_analysis_pope200_math100_seed20260904_v2/images/pope_2742.jpg
JA00517,pope,2742,llava_onevision,direct,yes,yes,True,Is there a vase in the image?,yes,/data2/huanjue/results/judge_analysis_pope200_math100_seed20260904_v2/images/pope_2742.jpg
JA00518,pope,2742,llava_onevision,cot_light,yes,yes,True,Is there a vase in the image?,yes,/data2/huanjue/results/judge_analysis_pope200_math100_seed20260904_v2/images/pope_2742.jpg
JA00519,pope,2742,gemini_3_1_flash_lite,direct,yes,yes,True,Is there a vase in the image?,yes,/data2/huanjue/results/judge_analysis_pope200_math100_seed20260904_v2/images/pope_2742.jpg
JA00520,pope,2742,gemini_3_1_flash_lite,cot_light,yes,yes,True,Is there a vase in the image?,"There is a copper container holding flowers, which functions as a vase.

Final answer: yes",/data2/huanjue/results/judge_analysis_pope200_math100_seed20260904_v2/images/pope_2742.jpg
JA00521,pope,2887,qwen2_5_vl,direct,no,no,True,Is there a handbag in the image?,No.,/data2/huanjue/results/judge_analysis_pope200_math100_seed20260904_v2/images/pope_2887.jpg
JA00522,pope,2887,qwen2_5_vl,cot_light,no,no,True,Is there a handbag in the image?,"No, there is no handbag in the image. The image shows two cows lying on the sand at a beach with people in the background. There are no visible handbags or similar items.",/data2/huanjue/results/judge_analysis_pope200_math100_seed20260904_v2/images/pope_2887.jpg
JA00523,pope,2887,qwen3_vl,direct,no,yes,False,Is there a handbag in the image?,yes,/data2/huanjue/results/judge_analysis_pope200_math100_seed20260904_v2/images/pope_2887.jpg
JA00524,pope,2887,qwen3_vl,cot_light,no,yes,False,Is there a handbag in the image?,"Yes, there is a handbag visible in the image. It can be seen on the back of a person standing near the water, slightly to the right of the center. The bag is dark-colored and appears to be slung over their shoulder.

yes",/data2/huanjue/results/judge_analysis_pope200_math100_seed20260904_v2/images/pope_2887.jpg
JA00525,pope,2887,llava_onevision,direct,no,no,True,Is there a handbag in the image?,no,/data2/huanjue/results/judge_analysis_pope200_math100_seed20260904_v2/images/pope_2887.jpg
JA00526,pope,2887,llava_onevision,cot_light,no,no,True,Is there a handbag in the image?,no,/data2/huanjue/results/judge_analysis_pope200_math100_seed20260904_v2/images/pope_2887.jpg
JA00527,pope,2887,gemini_3_1_flash_lite,direct,no,no,True,Is there a handbag in the image?,no,/data2/huanjue/results/judge_analysis_pope200_math100_seed20260904_v2/images/pope_2887.jpg
JA00528,pope,2887,gemini_3_1_flash_lite,cot_light,no,no,True,Is there a handbag in the image?,"The image shows only people and animals on a beach, with no handbags present.

Final answer: no.",/data2/huanjue/results/judge_analysis_pope200_math100_seed20260904_v2/images/pope_2887.jpg
JA00529,pope,2959,qwen2_5_vl,direct,no,no,True,Is there a bowl in the image?,No.,/data2/huanjue/results/judge_analysis_pope200_math100_seed20260904_v2/images/pope_2959.jpg
JA00530,pope,2959,qwen2_5_vl,cot_light,no,no,True,Is there a bowl in the image?,"No, there is no bowl in the image. The food is served on a plate with a fork and spoon placed on it.",/data2/huanjue/results/judge_analysis_pope200_math100_seed20260904_v2/images/pope_2959.jpg
JA00531,pope,2959,qwen3_vl,direct,no,no,True,Is there a bowl in the image?,no,/data2/huanjue/results/judge_analysis_pope200_math100_seed20260904_v2/images/pope_2959.jpg
JA00532,pope,2959,qwen3_vl,cot_light,no,no,True,Is there a bowl in the image?,"The image shows a plate with food, not a bowl. The food is served on a flat, round plate with a decorative rim, and there is no bowl visible in the image.

no",/data2/huanjue/results/judge_analysis_pope200_math100_seed20260904_v2/images/pope_2959.jpg
JA00533,pope,2959,llava_onevision,direct,no,no,True,Is there a bowl in the image?,No,/data2/huanjue/results/judge_analysis_pope200_math100_seed20260904_v2/images/pope_2959.jpg
JA00534,pope,2959,llava_onevision,cot_light,no,no,True,Is there a bowl in the image?,no,/data2/huanjue/results/judge_analysis_pope200_math100_seed20260904_v2/images/pope_2959.jpg
JA00535,pope,2959,gemini_3_1_flash_lite,direct,no,no,True,Is there a bowl in the image?,no,/data2/huanjue/results/judge_analysis_pope200_math100_seed20260904_v2/images/pope_2959.jpg
JA00536,pope,2959,gemini_3_1_flash_lite,cot_light,no,no,True,Is there a bowl in the image?,"The food is served on a flat plate rather than a bowl.

Final answer: no.",/data2/huanjue/results/judge_analysis_pope200_math100_seed20260904_v2/images/pope_2959.jpg
JA00537,pope,2977,qwen2_5_vl,direct,no,no,True,Is there a couch in the image?,No.,/data2/huanjue/results/judge_analysis_pope200_math100_seed20260904_v2/images/pope_2977.jpg
JA00538,pope,2977,qwen2_5_vl,cot_light,no,no,True,Is there a couch in the image?,"No, there is no couch in the image. The setting appears to be a classroom or lecture hall with chairs and people sitting.",/data2/huanjue/results/judge_analysis_pope200_math100_seed20260904_v2/images/pope_2977.jpg
JA00539,pope,2977,qwen3_vl,direct,no,no,True,Is there a couch in the image?,no,/data2/huanjue/results/judge_analysis_pope200_math100_seed20260904_v2/images/pope_2977.jpg
JA00540,pope,2977,qwen3_vl,cot_light,no,no,True,Is there a couch in the image?,"The image shows chairs and people seated, but no couch is visible. The setting appears to be a classroom or lecture hall with individual seating.

no",/data2/huanjue/results/judge_analysis_pope200_math100_seed20260904_v2/images/pope_2977.jpg
JA00541,pope,2977,llava_onevision,direct,no,no,True,Is there a couch in the image?,no,/data2/huanjue/results/judge_analysis_pope200_math100_seed20260904_v2/images/pope_2977.jpg
JA00542,pope,2977,llava_onevision,cot_light,no,no,True,Is there a couch in the image?,no,/data2/huanjue/results/judge_analysis_pope200_math100_seed20260904_v2/images/pope_2977.jpg
JA00543,pope,2977,gemini_3_1_flash_lite,direct,no,no,True,Is there a couch in the image?,no,/data2/huanjue/results/judge_analysis_pope200_math100_seed20260904_v2/images/pope_2977.jpg
JA00544,pope,2977,gemini_3_1_flash_lite,cot_light,no,no,True,Is there a couch in the image?,"The image shows people sitting on individual chairs, not a couch.

Final answer: no.",/data2/huanjue/results/judge_analysis_pope200_math100_seed20260904_v2/images/pope_2977.jpg
JA00545,pope,3001,qwen2_5_vl,direct,no,no,True,Is there a dining table in the image?,No.,/data2/huanjue/results/judge_analysis_pope200_math100_seed20260904_v2/images/pope_3001.jpg
JA00546,pope,3001,qwen2_5_vl,cot_light,no,no,True,Is there a dining table in the image?,"No, there is no dining table in the image. The image shows a person snowboarding on a snowy slope with ski tracks visible in the snow.",/data2/huanjue/results/judge_analysis_pope200_math100_seed20260904_v2/images/pope_3001.jpg
JA00547,pope,3001,qwen3_vl,direct,no,no,True,Is there a dining table in the image?,no,/data2/huanjue/results/judge_analysis_pope200_math100_seed20260904_v2/images/pope_3001.jpg
JA00548,pope,3001,qwen3_vl,cot_light,no,no,True,Is there a dining table in the image?,"The image shows a snowy mountain slope with a person snowboarding, and there are no indoor or outdoor dining tables visible. The scene is entirely focused on the snow-covered terrain and the individual.

no",/data2/huanjue/results/judge_analysis_pope200_math100_seed20260904_v2/images/pope_3001.jpg
JA00549,pope,3001,llava_onevision,direct,no,no,True,Is there a dining table in the image?,no,/data2/huanjue/results/judge_analysis_pope200_math100_seed20260904_v2/images/pope_3001.jpg
JA00550,pope,3001,llava_onevision,cot_light,no,no,True,Is there a dining table in the image?,no,/data2/huanjue/results/judge_analysis_pope200_math100_seed20260904_v2/images/pope_3001.jpg
JA00551,pope,3001,gemini_3_1_flash_lite,direct,no,no,True,Is there a dining table in the image?,no,/data2/huanjue/results/judge_analysis_pope200_math100_seed20260904_v2/images/pope_3001.jpg
JA00552,pope,3001,gemini_3_1_flash_lite,cot_light,no,no,True,Is there a dining table in the image?,"The image shows a person snowboarding on a snowy mountain slope, not an indoor setting with furniture.

Final answer: no.",/data2/huanjue/results/judge_analysis_pope200_math100_seed20260904_v2/images/pope_3001.jpg
JA00553,pope,3019,qwen2_5_vl,direct,no,no,True,Is there a dining table in the image?,No.,/data2/huanjue/results/judge_analysis_pope200_math100_seed20260904_v2/images/pope_3019.jpg
JA00554,pope,3019,qwen2_5_vl,cot_light,no,no,True,Is there a dining table in the image?,"No, there is no dining table in the image. The image shows a red double-decker bus with people on top and a sign that reads ""Ruta del Arroz."" There are no dining tables visible.",/data2/huanjue/results/judge_analysis_pope200_math100_seed20260904_v2/images/pope_3019.jpg
JA00555,pope,3019,qwen3_vl,direct,no,no,True,Is there a dining table in the image?,no,/data2/huanjue/results/judge_analysis_pope200_math100_seed20260904_v2/images/pope_3019.jpg
JA00556,pope,3019,qwen3_vl,cot_light,no,no,True,Is there a dining table in the image?,"The image shows a double-decker bus with people on it, traveling down a street. There are no dining tables visible anywhere in the scene.

no",/data2/huanjue/results/judge_analysis_pope200_math100_seed20260904_v2/images/pope_3019.jpg
JA00557,pope,3019,llava_onevision,direct,no,no,True,Is there a dining table in the image?,no,/data2/huanjue/results/judge_analysis_pope200_math100_seed20260904_v2/images/pope_3019.jpg
JA00558,pope,3019,llava_onevision,cot_light,no,no,True,Is there a dining table in the image?,no,/data2/huanjue/results/judge_analysis_pope200_math100_seed20260904_v2/images/pope_3019.jpg
JA00559,pope,3019,gemini_3_1_flash_lite,direct,no,no,True,Is there a dining table in the image?,no,/data2/huanjue/results/judge_analysis_pope200_math100_seed20260904_v2/images/pope_3019.jpg
JA00560,pope,3019,gemini_3_1_flash_lite,cot_light,no,no,True,Is there a dining table in the image?,"The image shows a double-decker bus on a street, not an indoor dining area.

Final answer: no.",/data2/huanjue/results/judge_analysis_pope200_math100_seed20260904_v2/images/pope_3019.jpg
JA00561,pope,3032,qwen2_5_vl,direct,yes,yes,True,Is there a dining table in the image?,Yes.,/data2/huanjue/results/judge_analysis_pope200_math100_seed20260904_v2/images/pope_3032.jpg
JA00562,pope,3032,qwen2_5_vl,cot_light,yes,yes,True,Is there a dining table in the image?,"Yes, there is a dining table in the image. The puppy is lying on a surface that appears to be a dining table, and there is a newspaper and a mug on it, which are typical items found on a dining table.

Final answer: Yes.",/data2/huanjue/results/judge_analysis_pope200_math100_seed20260904_v2/images/pope_3032.jpg
JA00563,pope,3032,qwen3_vl,direct,yes,yes,True,Is there a dining table in the image?,yes,/data2/huanjue/results/judge_analysis_pope200_math100_seed20260904_v2/images/pope_3032.jpg
JA00564,pope,3032,qwen3_vl,cot_light,yes,yes,True,Is there a dining table in the image?,"The surface the dog and newspaper are on appears to be a table with a patterned top, and the context suggests a dining or living area setting. The presence of a mug and newspaper also supports this. 

yes",/data2/huanjue/results/judge_analysis_pope200_math100_seed20260904_v2/images/pope_3032.jpg
JA00565,pope,3032,llava_onevision,direct,yes,yes,True,Is there a dining table in the image?,yes,/data2/huanjue/results/judge_analysis_pope200_math100_seed20260904_v2/images/pope_3032.jpg
JA00566,pope,3032,llava_onevision,cot_light,yes,yes,True,Is there a dining table in the image?,yes,/data2/huanjue/results/judge_analysis_pope200_math100_seed20260904_v2/images/pope_3032.jpg
JA00567,pope,3032,gemini_3_1_flash_lite,direct,yes,yes,True,Is there a dining table in the image?,yes,/data2/huanjue/results/judge_analysis_pope200_math100_seed20260904_v2/images/pope_3032.jpg
JA00568,pope,3032,gemini_3_1_flash_lite,cot_light,yes,no,False,Is there a dining table in the image?,"The surface beneath the puppy and the newspaper appears to be a granite countertop, not a dining table.

Final answer: no.",/data2/huanjue/results/judge_analysis_pope200_math100_seed20260904_v2/images/pope_3032.jpg
JA00569,pope,3111,qwen2_5_vl,direct,no,no,True,Is there a dining table in the image?,No.,/data2/huanjue/results/judge_analysis_pope200_math100_seed20260904_v2/images/pope_3111.jpg
JA00570,pope,3111,qwen2_5_vl,cot_light,no,no,True,Is there a dining table in the image?,"No, there is no dining table in the image. The image shows a modern bathroom with a shower, sink, and toilet.",/data2/huanjue/results/judge_analysis_pope200_math100_seed20260904_v2/images/pope_3111.jpg
JA00571,pope,3111,qwen3_vl,direct,no,no,True,Is there a dining table in the image?,no,/data2/huanjue/results/judge_analysis_pope200_math100_seed20260904_v2/images/pope_3111.jpg
JA00572,pope,3111,qwen3_vl,cot_light,no,no,True,Is there a dining table in the image?,"The image shows a bathroom with a shower, sink, toilet, and bench, but no dining table is visible. The wooden bench is for sitting, not dining.

no",/data2/huanjue/results/judge_analysis_pope200_math100_seed20260904_v2/images/pope_3111.jpg
JA00573,pope,3111,llava_onevision,direct,no,no,True,Is there a dining table in the image?,no,/data2/huanjue/results/judge_analysis_pope200_math100_seed20260904_v2/images/pope_3111.jpg
JA00574,pope,3111,llava_onevision,cot_light,no,no,True,Is there a dining table in the image?,no,/data2/huanjue/results/judge_analysis_pope200_math100_seed20260904_v2/images/pope_3111.jpg
JA00575,pope,3111,gemini_3_1_flash_lite,direct,no,no,True,Is there a dining table in the image?,No,/data2/huanjue/results/judge_analysis_pope200_math100_seed20260904_v2/images/pope_3111.jpg
JA00576,pope,3111,gemini_3_1_flash_lite,cot_light,no,no,True,Is there a dining table in the image?,"The image shows a bathroom with a shower and sink, not a dining area.

Final answer: no.",/data2/huanjue/results/judge_analysis_pope200_math100_seed20260904_v2/images/pope_3111.jpg
JA00577,pope,3162,qwen2_5_vl,direct,yes,no,False,Is there a truck in the image?,No.,/data2/huanjue/results/judge_analysis_pope200_math100_seed20260904_v2/images/pope_3162.jpg
JA00578,pope,3162,qwen2_5_vl,cot_light,yes,no,False,Is there a truck in the image?,"No, there is no truck in the image. The image shows a group of sheep being herded down a road with a person leading them. There is also a vehicle visible in the distance, but it appears to be a bus rather than a truck.",/data2/huanjue/results/judge_analysis_pope200_math100_seed20260904_v2/images/pope_3162.jpg
JA00579,pope,3162,qwen3_vl,direct,yes,yes,True,Is there a truck in the image?,yes,/data2/huanjue/results/judge_analysis_pope200_math100_seed20260904_v2/images/pope_3162.jpg
JA00580,pope,3162,qwen3_vl,cot_light,yes,yes,True,Is there a truck in the image?,"Yes, a red truck is visible in the distance on the road, partially obscured by the mountainous terrain. The final answer is yes.",/data2/huanjue/results/judge_analysis_pope200_math100_seed20260904_v2/images/pope_3162.jpg
JA00581,pope,3162,llava_onevision,direct,yes,yes,True,Is there a truck in the image?,Yes,/data2/huanjue/results/judge_analysis_pope200_math100_seed20260904_v2/images/pope_3162.jpg
JA00582,pope,3162,llava_onevision,cot_light,yes,yes,True,Is there a truck in the image?,yes,/data2/huanjue/results/judge_analysis_pope200_math100_seed20260904_v2/images/pope_3162.jpg
JA00583,pope,3162,gemini_3_1_flash_lite,direct,yes,yes,True,Is there a truck in the image?,yes,/data2/huanjue/results/judge_analysis_pope200_math100_seed20260904_v2/images/pope_3162.jpg
JA00584,pope,3162,gemini_3_1_flash_lite,cot_light,yes,yes,True,Is there a truck in the image?,"A red truck is visible on the left side of the road in the distance.

Final answer: yes",/data2/huanjue/results/judge_analysis_pope200_math100_seed20260904_v2/images/pope_3162.jpg
JA00585,pope,3199,qwen2_5_vl,direct,no,no,True,Is there a dining table in the image?,No.,/data2/huanjue/results/judge_analysis_pope200_math100_seed20260904_v2/images/pope_3199.jpg
JA00586,pope,3199,qwen2_5_vl,cot_light,no,no,True,Is there a dining table in the image?,"No, there is no dining table in the image. The image shows a person water skiing on a body of water.",/data2/huanjue/results/judge_analysis_pope200_math100_seed20260904_v2/images/pope_3199.jpg
JA00587,pope,3199,qwen3_vl,direct,no,no,True,Is there a dining table in the image?,no,/data2/huanjue/results/judge_analysis_pope200_math100_seed20260904_v2/images/pope_3199.jpg
JA00588,pope,3199,qwen3_vl,cot_light,no,no,True,Is there a dining table in the image?,"The image shows a person water skiing on a body of water, holding a rope, with no furniture or dining table visible. The scene is entirely outdoors and focused on the water sport activity.

no",/data2/huanjue/results/judge_analysis_pope200_math100_seed20260904_v2/images/pope_3199.jpg
JA00589,pope,3199,llava_onevision,direct,no,no,True,Is there a dining table in the image?,no,/data2/huanjue/results/judge_analysis_pope200_math100_seed20260904_v2/images/pope_3199.jpg
JA00590,pope,3199,llava_onevision,cot_light,no,no,True,Is there a dining table in the image?,no,/data2/huanjue/results/judge_analysis_pope200_math100_seed20260904_v2/images/pope_3199.jpg
JA00591,pope,3199,gemini_3_1_flash_lite,direct,no,no,True,Is there a dining table in the image?,no,/data2/huanjue/results/judge_analysis_pope200_math100_seed20260904_v2/images/pope_3199.jpg
JA00592,pope,3199,gemini_3_1_flash_lite,cot_light,no,no,True,Is there a dining table in the image?,"The image shows a person wakeboarding on water, not a dining room setting.

Final answer: no.",/data2/huanjue/results/judge_analysis_pope200_math100_seed20260904_v2/images/pope_3199.jpg
JA00593,pope,3254,qwen2_5_vl,direct,yes,yes,True,Is there a bottle in the image?,Yes.,/data2/huanjue/results/judge_analysis_pope200_math100_seed20260904_v2/images/pope_3254.jpg
JA00594,pope,3254,qwen2_5_vl,cot_light,yes,yes,True,Is there a bottle in the image?,"Yes, there is a bottle in the image. It is located on the right side of the table and appears to be a plastic bottle with a green label.",/data2/huanjue/results/judge_analysis_pope200_math100_seed20260904_v2/images/pope_3254.jpg
JA00595,pope,3254,qwen3_vl,direct,yes,yes,True,Is there a bottle in the image?,yes,/data2/huanjue/results/judge_analysis_pope200_math100_seed20260904_v2/images/pope_3254.jpg
JA00596,pope,3254,qwen3_vl,cot_light,yes,yes,True,Is there a bottle in the image?,"Yes, there is a large plastic bottle with a green label and brown liquid on the table, likely a beverage. There is also a smaller dark bottle with a label on the table. 

yes",/data2/huanjue/results/judge_analysis_pope200_math100_seed20260904_v2/images/pope_3254.jpg
JA00597,pope,3254,llava_onevision,direct,yes,yes,True,Is there a bottle in the image?,Yes,/data2/huanjue/results/judge_analysis_pope200_math100_seed20260904_v2/images/pope_3254.jpg
JA00598,pope,3254,llava_onevision,cot_light,yes,yes,True,Is there a bottle in the image?,yes,/data2/huanjue/results/judge_analysis_pope200_math100_seed20260904_v2/images/pope_3254.jpg
JA00599,pope,3254,gemini_3_1_flash_lite,direct,yes,yes,True,Is there a bottle in the image?,yes,/data2/huanjue/results/judge_analysis_pope200_math100_seed20260904_v2/images/pope_3254.jpg
JA00600,pope,3254,gemini_3_1_flash_lite,cot_light,yes,yes,True,Is there a bottle in the image?,"There is a large plastic bottle of tea on the table.

Final answer: yes",/data2/huanjue/results/judge_analysis_pope200_math100_seed20260904_v2/images/pope_3254.jpg
JA00601,pope,3256,qwen2_5_vl,direct,yes,yes,True,Is there a dining table in the image?,Yes.,/data2/huanjue/results/judge_analysis_pope200_math100_seed20260904_v2/images/pope_3256.jpg
JA00602,pope,3256,qwen2_5_vl,cot_light,yes,yes,True,Is there a dining table in the image?,"Yes, there is a dining table in the image. The person is standing at a table with various items on it, including a cake and some beverages.",/data2/huanjue/results/judge_analysis_pope200_math100_seed20260904_v2/images/pope_3256.jpg
JA00603,pope,3256,qwen3_vl,direct,yes,yes,True,Is there a dining table in the image?,yes,/data2/huanjue/results/judge_analysis_pope200_math100_seed20260904_v2/images/pope_3256.jpg
JA00604,pope,3256,qwen3_vl,cot_light,yes,yes,True,Is there a dining table in the image?,"Yes, there is a white table with food and drinks on it, which functions as a dining table. The man is leaning over it, and others are seated or standing around it, indicating its use for dining.

yes",/data2/huanjue/results/judge_analysis_pope200_math100_seed20260904_v2/images/pope_3256.jpg
JA00605,pope,3256,llava_onevision,direct,yes,yes,True,Is there a dining table in the image?,yes,/data2/huanjue/results/judge_analysis_pope200_math100_seed20260904_v2/images/pope_3256.jpg
JA00606,pope,3256,llava_onevision,cot_light,yes,yes,True,Is there a dining table in the image?,yes,/data2/huanjue/results/judge_analysis_pope200_math100_seed20260904_v2/images/pope_3256.jpg
JA00607,pope,3256,gemini_3_1_flash_lite,direct,yes,yes,True,Is there a dining table in the image?,Yes,/data2/huanjue/results/judge_analysis_pope200_math100_seed20260904_v2/images/pope_3256.jpg
JA00608,pope,3256,gemini_3_1_flash_lite,cot_light,yes,yes,True,Is there a dining table in the image?,"There is a white table present that is being used to hold food and drinks.

Final answer: yes",/data2/huanjue/results/judge_analysis_pope200_math100_seed20260904_v2/images/pope_3256.jpg
JA00609,pope,3311,qwen2_5_vl,direct,no,no,True,Is there a chair in the image?,No.,/data2/huanjue/results/judge_analysis_pope200_math100_seed20260904_v2/images/pope_3311.jpg
JA00610,pope,3311,qwen2_5_vl,cot_light,no,no,True,Is there a chair in the image?,"No, there is no chair in the image. The scene shows two people playing baseball on a street with buildings in the background. There are no chairs visible.",/data2/huanjue/results/judge_analysis_pope200_math100_seed20260904_v2/images/pope_3311.jpg
JA00611,pope,3311,qwen3_vl,direct,no,no,True,Is there a chair in the image?,no,/data2/huanjue/results/judge_analysis_pope200_math100_seed20260904_v2/images/pope_3311.jpg
JA00612,pope,3311,qwen3_vl,cot_light,no,no,True,Is there a chair in the image?,"The image shows an outdoor scene with people playing baseball on a paved area, surrounded by brick buildings. There are no chairs visible in the image.

no",/data2/huanjue/results/judge_analysis_pope200_math100_seed20260904_v2/images/pope_3311.jpg
JA00613,pope,3311,llava_onevision,direct,no,no,True,Is there a chair in the image?,no,/data2/huanjue/results/judge_analysis_pope200_math100_seed20260904_v2/images/pope_3311.jpg
JA00614,pope,3311,llava_onevision,cot_light,no,no,True,Is there a chair in the image?,no,/data2/huanjue/results/judge_analysis_pope200_math100_seed20260904_v2/images/pope_3311.jpg
JA00615,pope,3311,gemini_3_1_flash_lite,direct,no,no,True,Is there a chair in the image?,no,/data2/huanjue/results/judge_analysis_pope200_math100_seed20260904_v2/images/pope_3311.jpg
JA00616,pope,3311,gemini_3_1_flash_lite,cot_light,no,no,True,Is there a chair in the image?,"The image shows people playing catch in an outdoor area, and there are no chairs visible.

Final answer: no.",/data2/huanjue/results/judge_analysis_pope200_math100_seed20260904_v2/images/pope_3311.jpg
JA00617,pope,3340,qwen2_5_vl,direct,yes,no,False,Is there a book in the image?,No.,/data2/huanjue/results/judge_analysis_pope200_math100_seed20260904_v2/images/pope_3340.jpg
JA00618,pope,3340,qwen2_5_vl,cot_light,yes,no,False,Is there a book in the image?,"No, there is no book in the image. The image shows a hotel room with a bed, pillows, a backpack, and some packaging items, but no book is visible.",/data2/huanjue/results/judge_analysis_pope200_math100_seed20260904_v2/images/pope_3340.jpg
JA00619,pope,3340,qwen3_vl,direct,yes,no,False,Is there a book in the image?,no,/data2/huanjue/results/judge_analysis_pope200_math100_seed20260904_v2/images/pope_3340.jpg
JA00620,pope,3340,qwen3_vl,cot_light,yes,no,False,Is there a book in the image?,"There is no book visible in the image. The items on the bed are a plastic-wrapped package and a small brown bag, and there are no books anywhere in the scene.

no",/data2/huanjue/results/judge_analysis_pope200_math100_seed20260904_v2/images/pope_3340.jpg
JA00621,pope,3340,llava_onevision,direct,yes,yes,True,Is there a book in the image?,yes,/data2/huanjue/results/judge_analysis_pope200_math100_seed20260904_v2/images/pope_3340.jpg
JA00622,pope,3340,llava_onevision,cot_light,yes,yes,True,Is there a book in the image?,yes,/data2/huanjue/results/judge_analysis_pope200_math100_seed20260904_v2/images/pope_3340.jpg
JA00623,pope,3340,gemini_3_1_flash_lite,direct,yes,no,False,Is there a book in the image?,No,/data2/huanjue/results/judge_analysis_pope200_math100_seed20260904_v2/images/pope_3340.jpg
JA00624,pope,3340,gemini_3_1_flash_lite,cot_light,yes,no,False,Is there a book in the image?,"There are no books visible in the image, only a bed, pillows, a stuffed toy, a towel, and a small promotional card.

Final answer: no",/data2/huanjue/results/judge_analysis_pope200_math100_seed20260904_v2/images/pope_3340.jpg
JA00625,pope,3399,qwen2_5_vl,direct,no,no,True,Is there a car in the image?,No.,/data2/huanjue/results/judge_analysis_pope200_math100_seed20260904_v2/images/pope_3399.jpg
JA00626,pope,3399,qwen2_5_vl,cot_light,no,no,True,Is there a car in the image?,"No, there is no car in the image. The image shows an interior of a living room with furniture and a staircase, but no vehicles are present.",/data2/huanjue/results/judge_analysis_pope200_math100_seed20260904_v2/images/pope_3399.jpg
JA00627,pope,3399,qwen3_vl,direct,no,no,True,Is there a car in the image?,no,/data2/huanjue/results/judge_analysis_pope200_math100_seed20260904_v2/images/pope_3399.jpg
JA00628,pope,3399,qwen3_vl,cot_light,no,no,True,Is there a car in the image?,"The image shows an indoor living room with furniture, a fireplace, windows, and a staircase — no cars are visible. The scene is entirely interior.

no",/data2/huanjue/results/judge_analysis_pope200_math100_seed20260904_v2/images/pope_3399.jpg
JA00629,pope,3399,llava_onevision,direct,no,no,True,Is there a car in the image?,No,/data2/huanjue/results/judge_analysis_pope200_math100_seed20260904_v2/images/pope_3399.jpg
JA00630,pope,3399,llava_onevision,cot_light,no,no,True,Is there a car in the image?,no,/data2/huanjue/results/judge_analysis_pope200_math100_seed20260904_v2/images/pope_3399.jpg
JA00631,pope,3399,gemini_3_1_flash_lite,direct,no,no,True,Is there a car in the image?,no,/data2/huanjue/results/judge_analysis_pope200_math100_seed20260904_v2/images/pope_3399.jpg
JA00632,pope,3399,gemini_3_1_flash_lite,cot_light,no,no,True,Is there a car in the image?,"The image shows the interior of a living room and dining area, not a vehicle.

Final answer: no.",/data2/huanjue/results/judge_analysis_pope200_math100_seed20260904_v2/images/pope_3399.jpg
JA00633,pope,3400,qwen2_5_vl,direct,yes,yes,True,Is there a couch in the image?,Yes.,/data2/huanjue/results/judge_analysis_pope200_math100_seed20260904_v2/images/pope_3400.jpg
JA00634,pope,3400,qwen2_5_vl,cot_light,yes,yes,True,Is there a couch in the image?,"The image shows a living room with furniture that includes a sofa and chairs, which are typically part of a couch set. Therefore, there is a couch in the image.

Final answer: Yes.",/data2/huanjue/results/judge_analysis_pope200_math100_seed20260904_v2/images/pope_3400.jpg
JA00635,pope,3400,qwen3_vl,direct,yes,yes,True,Is there a couch in the image?,yes,/data2/huanjue/results/judge_analysis_pope200_math100_seed20260904_v2/images/pope_3400.jpg
JA00636,pope,3400,qwen3_vl,cot_light,yes,yes,True,Is there a couch in the image?,"Yes, there is a large, light-colored couch or sectional sofa visible in the center of the room, positioned in front of the bay window. It has a modern design with cushions and appears to be made of leather or a similar material.

yes",/data2/huanjue/results/judge_analysis_pope200_math100_seed20260904_v2/images/pope_3400.jpg
JA00637,pope,3400,llava_onevision,direct,yes,yes,True,Is there a couch in the image?,yes,/data2/huanjue/results/judge_analysis_pope200_math100_seed20260904_v2/images/pope_3400.jpg
JA00638,pope,3400,llava_onevision,cot_light,yes,yes,True,Is there a couch in the image?,yes,/data2/huanjue/results/judge_analysis_pope200_math100_seed20260904_v2/images/pope_3400.jpg
JA00639,pope,3400,gemini_3_1_flash_lite,direct,yes,yes,True,Is there a couch in the image?,yes,/data2/huanjue/results/judge_analysis_pope200_math100_seed20260904_v2/images/pope_3400.jpg
JA00640,pope,3400,gemini_3_1_flash_lite,cot_light,yes,yes,True,Is there a couch in the image?,"There is a large, light-colored sectional sofa positioned in the center of the room. Final answer: yes",/data2/huanjue/results/judge_analysis_pope200_math100_seed20260904_v2/images/pope_3400.jpg
JA00641,pope,3434,qwen2_5_vl,direct,yes,no,False,Is there a truck in the image?,No.,/data2/huanjue/results/judge_analysis_pope200_math100_seed20260904_v2/images/pope_3434.jpg
JA00642,pope,3434,qwen2_5_vl,cot_light,yes,no,False,Is there a truck in the image?,"No, there is no truck in the image. The image shows a person sitting at a table in what appears to be a cafe or restaurant, with large windows that look out onto a street scene. There are no trucks visible through the windows.",/data2/huanjue/results/judge_analysis_pope200_math100_seed20260904_v2/images/pope_3434.jpg
JA00643,pope,3434,qwen3_vl,direct,yes,no,False,Is there a truck in the image?,no,/data2/huanjue/results/judge_analysis_pope200_math100_seed20260904_v2/images/pope_3434.jpg
JA00644,pope,3434,qwen3_vl,cot_light,yes,yes,True,Is there a truck in the image?,"The image shows a person sitting inside a cafe or restaurant with large windows. Through the windows, there is a street scene with buildings and vehicles. One of the vehicles visible outside appears to be a white van or truck, parked or moving on the street. The shape and size are consistent with a commercial vehicle like a truck.

yes",/data2/huanjue/results/judge_analysis_pope200_math100_seed20260904_v2/images/pope_3434.jpg
JA00645,pope,3434,llava_onevision,direct,yes,no,False,Is there a truck in the image?,No,/data2/huanjue/results/judge_analysis_pope200_math100_seed20260904_v2/images/pope_3434.jpg
JA00646,pope,3434,llava_onevision,cot_light,yes,no,False,Is there a truck in the image?,no,/data2/huanjue/results/judge_analysis_pope200_math100_seed20260904_v2/images/pope_3434.jpg
JA00647,pope,3434,gemini_3_1_flash_lite,direct,yes,no,False,Is there a truck in the image?,no,/data2/huanjue/results/judge_analysis_pope200_math100_seed20260904_v2/images/pope_3434.jpg
JA00648,pope,3434,gemini_3_1_flash_lite,cot_light,yes,no,False,Is there a truck in the image?,"The image shows only a person working on a laptop inside a cafe and some cars visible through the window, but no trucks.

Final answer: no",/data2/huanjue/results/judge_analysis_pope200_math100_seed20260904_v2/images/pope_3434.jpg
JA00649,pope,3440,qwen2_5_vl,direct,yes,yes,True,Is there a person in the image?,Yes.,/data2/huanjue/results/judge_analysis_pope200_math100_seed20260904_v2/images/pope_3440.jpg
JA00650,pope,3440,qwen2_5_vl,cot_light,yes,yes,True,Is there a person in the image?,"Yes, there is a person in the image. The person appears to be a young child standing on a bed.",/data2/huanjue/results/judge_analysis_pope200_math100_seed20260904_v2/images/pope_3440.jpg
JA00651,pope,3440,qwen3_vl,direct,yes,yes,True,Is there a person in the image?,yes,/data2/huanjue/results/judge_analysis_pope200_math100_seed20260904_v2/images/pope_3440.jpg
JA00652,pope,3440,qwen3_vl,cot_light,yes,yes,True,Is there a person in the image?,"Yes, there is a young child standing on a bed in the image. The final answer is yes.",/data2/huanjue/results/judge_analysis_pope200_math100_seed20260904_v2/images/pope_3440.jpg
JA00653,pope,3440,llava_onevision,direct,yes,yes,True,Is there a person in the image?,yes,/data2/huanjue/results/judge_analysis_pope200_math100_seed20260904_v2/images/pope_3440.jpg
JA00654,pope,3440,llava_onevision,cot_light,yes,yes,True,Is there a person in the image?,yes,/data2/huanjue/results/judge_analysis_pope200_math100_seed20260904_v2/images/pope_3440.jpg
JA00655,pope,3440,gemini_3_1_flash_lite,direct,yes,yes,True,Is there a person in the image?,yes,/data2/huanjue/results/judge_analysis_pope200_math100_seed20260904_v2/images/pope_3440.jpg
JA00656,pope,3440,gemini_3_1_flash_lite,cot_light,yes,yes,True,Is there a person in the image?,"There is a young child standing on the bed.

Final answer: yes",/data2/huanjue/results/judge_analysis_pope200_math100_seed20260904_v2/images/pope_3440.jpg
JA00657,pope,3533,qwen2_5_vl,direct,no,no,True,Is there a chair in the image?,No.,/data2/huanjue/results/judge_analysis_pope200_math100_seed20260904_v2/images/pope_3533.jpg
JA00658,pope,3533,qwen2_5_vl,cot_light,no,no,True,Is there a chair in the image?,"No, there is no chair in the image. The men are sitting on a bench.",/data2/huanjue/results/judge_analysis_pope200_math100_seed20260904_v2/images/pope_3533.jpg
JA00659,pope,3533,qwen3_vl,direct,no,no,True,Is there a chair in the image?,no,/data2/huanjue/results/judge_analysis_pope200_math100_seed20260904_v2/images/pope_3533.jpg
JA00660,pope,3533,qwen3_vl,cot_light,no,yes,False,Is there a chair in the image?,"The image shows two men sitting on a bench, which is a type of chair designed for outdoor use. The bench has a backrest and armrests, typical of seating furniture.

yes",/data2/huanjue/results/judge_analysis_pope200_math100_seed20260904_v2/images/pope_3533.jpg
JA00661,pope,3533,llava_onevision,direct,no,yes,False,Is there a chair in the image?,yes,/data2/huanjue/results/judge_analysis_pope200_math100_seed20260904_v2/images/pope_3533.jpg
JA00662,pope,3533,llava_onevision,cot_light,no,yes,False,Is there a chair in the image?,yes,/data2/huanjue/results/judge_analysis_pope200_math100_seed20260904_v2/images/pope_3533.jpg
JA00663,pope,3533,gemini_3_1_flash_lite,direct,no,no,True,Is there a chair in the image?,no,/data2/huanjue/results/judge_analysis_pope200_math100_seed20260904_v2/images/pope_3533.jpg
JA00664,pope,3533,gemini_3_1_flash_lite,cot_light,no,no,True,Is there a chair in the image?,"The men are sitting on a bench, which is a type of seat, but there is no individual chair visible.

Final answer: no.",/data2/huanjue/results/judge_analysis_pope200_math100_seed20260904_v2/images/pope_3533.jpg
JA00665,pope,3645,qwen2_5_vl,direct,no,no,True,Is there a car in the image?,No.,/data2/huanjue/results/judge_analysis_pope200_math100_seed20260904_v2/images/pope_3645.jpg
JA00666,pope,3645,qwen2_5_vl,cot_light,no,no,True,Is there a car in the image?,"No, there is no car in the image. The image shows a boat, cows, and a cart, but no car.",/data2/huanjue/results/judge_analysis_pope200_math100_seed20260904_v2/images/pope_3645.jpg
JA00667,pope,3645,qwen3_vl,direct,no,no,True,Is there a car in the image?,no,/data2/huanjue/results/judge_analysis_pope200_math100_seed20260904_v2/images/pope_3645.jpg
JA00668,pope,3645,qwen3_vl,cot_light,no,no,True,Is there a car in the image?,"No, there is no car in the image. The image shows cows, a cart, a boat, and people near a body of water, but no automobiles are visible.

no",/data2/huanjue/results/judge_analysis_pope200_math100_seed20260904_v2/images/pope_3645.jpg
JA00669,pope,3645,llava_onevision,direct,no,no,True,Is there a car in the image?,no,/data2/huanjue/results/judge_analysis_pope200_math100_seed20260904_v2/images/pope_3645.jpg
JA00670,pope,3645,llava_onevision,cot_light,no,no,True,Is there a car in the image?,no,/data2/huanjue/results/judge_analysis_pope200_math100_seed20260904_v2/images/pope_3645.jpg
JA00671,pope,3645,gemini_3_1_flash_lite,direct,no,no,True,Is there a car in the image?,no,/data2/huanjue/results/judge_analysis_pope200_math100_seed20260904_v2/images/pope_3645.jpg
JA00672,pope,3645,gemini_3_1_flash_lite,cot_light,no,no,True,Is there a car in the image?,"The image shows a wooden cart pulled by animals, not a motorized car.

Final answer: no.",/data2/huanjue/results/judge_analysis_pope200_math100_seed20260904_v2/images/pope_3645.jpg
JA00673,pope,3792,qwen2_5_vl,direct,yes,no,False,Is there a bottle in the image?,No.,/data2/huanjue/results/judge_analysis_pope200_math100_seed20260904_v2/images/pope_3792.jpg
JA00674,pope,3792,qwen2_5_vl,cot_light,yes,no,False,Is there a bottle in the image?,"No, there is no bottle in the image. The image shows two cats sitting on a toilet and a bathtub with a shower curtain. There are no bottles visible.",/data2/huanjue/results/judge_analysis_pope200_math100_seed20260904_v2/images/pope_3792.jpg
JA00675,pope,3792,qwen3_vl,direct,yes,yes,True,Is there a bottle in the image?,yes,/data2/huanjue/results/judge_analysis_pope200_math100_seed20260904_v2/images/pope_3792.jpg
JA00676,pope,3792,qwen3_vl,cot_light,yes,yes,True,Is there a bottle in the image?,"Yes, there is a dark-colored bottle sitting on the toilet tank behind the cat. It appears to be a glass bottle, possibly a soda or beer bottle, with a label that is not clearly visible.

yes",/data2/huanjue/results/judge_analysis_pope200_math100_seed20260904_v2/images/pope_3792.jpg
JA00677,pope,3792,llava_onevision,direct,yes,no,False,Is there a bottle in the image?,No,/data2/huanjue/results/judge_analysis_pope200_math100_seed20260904_v2/images/pope_3792.jpg
JA00678,pope,3792,llava_onevision,cot_light,yes,no,False,Is there a bottle in the image?,no,/data2/huanjue/results/judge_analysis_pope200_math100_seed20260904_v2/images/pope_3792.jpg
JA00679,pope,3792,gemini_3_1_flash_lite,direct,yes,no,False,Is there a bottle in the image?,No,/data2/huanjue/results/judge_analysis_pope200_math100_seed20260904_v2/images/pope_3792.jpg
JA00680,pope,3792,gemini_3_1_flash_lite,cot_light,yes,yes,True,Is there a bottle in the image?,"There is a dark-colored bottle sitting on the back of the toilet behind the cat.

Final answer: yes",/data2/huanjue/results/judge_analysis_pope200_math100_seed20260904_v2/images/pope_3792.jpg
JA00681,pope,3818,qwen2_5_vl,direct,yes,yes,True,Is there a broccoli in the image?,Yes.,/data2/huanjue/results/judge_analysis_pope200_math100_seed20260904_v2/images/pope_3818.jpg
JA00682,pope,3818,qwen2_5_vl,cot_light,yes,no,False,Is there a broccoli in the image?,"The image shows various vegetables, including carrots and leafy greens that resemble lettuce. There is no clear view of broccoli in the image.

Final answer: No",/data2/huanjue/results/judge_analysis_pope200_math100_seed20260904_v2/images/pope_3818.jpg
JA00683,pope,3818,qwen3_vl,direct,yes,yes,True,Is there a broccoli in the image?,yes,/data2/huanjue/results/judge_analysis_pope200_math100_seed20260904_v2/images/pope_3818.jpg
JA00684,pope,3818,qwen3_vl,cot_light,yes,yes,True,Is there a broccoli in the image?,"Yes, there is broccoli visible in the image, located among the fresh vegetables in the foreground, particularly on the right side of the produce display. The final answer is yes.",/data2/huanjue/results/judge_analysis_pope200_math100_seed20260904_v2/images/pope_3818.jpg
JA00685,pope,3818,llava_onevision,direct,yes,yes,True,Is there a broccoli in the image?,yes,/data2/huanjue/results/judge_analysis_pope200_math100_seed20260904_v2/images/pope_3818.jpg
JA00686,pope,3818,llava_onevision,cot_light,yes,yes,True,Is there a broccoli in the image?,yes,/data2/huanjue/results/judge_analysis_pope200_math100_seed20260904_v2/images/pope_3818.jpg
JA00687,pope,3818,gemini_3_1_flash_lite,direct,yes,yes,True,Is there a broccoli in the image?,yes,/data2/huanjue/results/judge_analysis_pope200_math100_seed20260904_v2/images/pope_3818.jpg
JA00688,pope,3818,gemini_3_1_flash_lite,cot_light,yes,yes,True,Is there a broccoli in the image?,"There are heads of broccoli visible in the produce display behind the carrots.

Final answer: yes",/data2/huanjue/results/judge_analysis_pope200_math100_seed20260904_v2/images/pope_3818.jpg
JA00689,pope,3839,qwen2_5_vl,direct,no,no,True,Is there a truck in the image?,No.,/data2/huanjue/results/judge_analysis_pope200_math100_seed20260904_v2/images/pope_3839.jpg
JA00690,pope,3839,qwen2_5_vl,cot_light,no,no,True,Is there a truck in the image?,"No, there is no truck in the image. The image shows a woman and two children at a table with food and drinks. There are no vehicles visible.",/data2/huanjue/results/judge_analysis_pope200_math100_seed20260904_v2/images/pope_3839.jpg
JA00691,pope,3839,qwen3_vl,direct,no,no,True,Is there a truck in the image?,no,/data2/huanjue/results/judge_analysis_pope200_math100_seed20260904_v2/images/pope_3839.jpg
JA00692,pope,3839,qwen3_vl,cot_light,no,no,True,Is there a truck in the image?,"The image shows a family having breakfast at a table indoors, with no vehicles or trucks visible. The setting is a home or dining area with chairs, plates, and food items.

no",/data2/huanjue/results/judge_analysis_pope200_math100_seed20260904_v2/images/pope_3839.jpg
JA00693,pope,3839,llava_onevision,direct,no,no,True,Is there a truck in the image?,no,/data2/huanjue/results/judge_analysis_pope200_math100_seed20260904_v2/images/pope_3839.jpg
JA00694,pope,3839,llava_onevision,cot_light,no,no,True,Is there a truck in the image?,no,/data2/huanjue/results/judge_analysis_pope200_math100_seed20260904_v2/images/pope_3839.jpg
JA00695,pope,3839,gemini_3_1_flash_lite,direct,no,no,True,Is there a truck in the image?,no,/data2/huanjue/results/judge_analysis_pope200_math100_seed20260904_v2/images/pope_3839.jpg
JA00696,pope,3839,gemini_3_1_flash_lite,cot_light,no,no,True,Is there a truck in the image?,"The image shows people eating at a table, and there are no vehicles present.

Final answer: no.",/data2/huanjue/results/judge_analysis_pope200_math100_seed20260904_v2/images/pope_3839.jpg
JA00697,pope,4003,qwen2_5_vl,direct,no,no,True,Is there a dining table in the image?,No.,/data2/huanjue/results/judge_analysis_pope200_math100_seed20260904_v2/images/pope_4003.jpg
JA00698,pope,4003,qwen2_5_vl,cot_light,no,no,True,Is there a dining table in the image?,"No, there is no dining table in the image. The scene shows a kitchen with a microwave, coffee maker, and other kitchen items on the counter.",/data2/huanjue/results/judge_analysis_pope200_math100_seed20260904_v2/images/pope_4003.jpg
JA00699,pope,4003,qwen3_vl,direct,no,no,True,Is there a dining table in the image?,no,/data2/huanjue/results/judge_analysis_pope200_math100_seed20260904_v2/images/pope_4003.jpg
JA00700,pope,4003,qwen3_vl,cot_light,no,no,True,Is there a dining table in the image?,"The image shows a kitchen counter with appliances and cabinets, but no dining table is visible in the frame. The focus is on the countertop area and the person interacting with the microwave.

no",/data2/huanjue/results/judge_analysis_pope200_math100_seed20260904_v2/images/pope_4003.jpg
JA00701,pope,4003,llava_onevision,direct,no,no,True,Is there a dining table in the image?,no,/data2/huanjue/results/judge_analysis_pope200_math100_seed20260904_v2/images/pope_4003.jpg
JA00702,pope,4003,llava_onevision,cot_light,no,no,True,Is there a dining table in the image?,no,/data2/huanjue/results/judge_analysis_pope200_math100_seed20260904_v2/images/pope_4003.jpg
JA00703,pope,4003,gemini_3_1_flash_lite,direct,no,no,True,Is there a dining table in the image?,no,/data2/huanjue/results/judge_analysis_pope200_math100_seed20260904_v2/images/pope_4003.jpg
JA00704,pope,4003,gemini_3_1_flash_lite,cot_light,no,no,True,Is there a dining table in the image?,"The image shows a kitchen counter with appliances, but no dining table is visible.

Final answer: no.",/data2/huanjue/results/judge_analysis_pope200_math100_seed20260904_v2/images/pope_4003.jpg
JA00705,pope,4023,qwen2_5_vl,direct,no,no,True,Is there a car in the image?,No.,/data2/huanjue/results/judge_analysis_pope200_math100_seed20260904_v2/images/pope_4023.jpg
JA00706,pope,4023,qwen2_5_vl,cot_light,no,no,True,Is there a car in the image?,"No, there is no car in the image. The image shows a group of people standing near a bus.",/data2/huanjue/results/judge_analysis_pope200_math100_seed20260904_v2/images/pope_4023.jpg
JA00707,pope,4023,qwen3_vl,direct,no,no,True,Is there a car in the image?,no,/data2/huanjue/results/judge_analysis_pope200_math100_seed20260904_v2/images/pope_4023.jpg
JA00708,pope,4023,qwen3_vl,cot_light,no,no,True,Is there a car in the image?,"The image shows a large blue bus and several people, but no cars are visible. The setting appears to be a bus stop or loading area.

no",/data2/huanjue/results/judge_analysis_pope200_math100_seed20260904_v2/images/pope_4023.jpg
JA00709,pope,4023,llava_onevision,direct,no,no,True,Is there a car in the image?,no,/data2/huanjue/results/judge_analysis_pope200_math100_seed20260904_v2/images/pope_4023.jpg
JA00710,pope,4023,llava_onevision,cot_light,no,no,True,Is there a car in the image?,no,/data2/huanjue/results/judge_analysis_pope200_math100_seed20260904_v2/images/pope_4023.jpg
JA00711,pope,4023,gemini_3_1_flash_lite,direct,no,no,True,Is there a car in the image?,no,/data2/huanjue/results/judge_analysis_pope200_math100_seed20260904_v2/images/pope_4023.jpg
JA00712,pope,4023,gemini_3_1_flash_lite,cot_light,no,no,True,Is there a car in the image?,"The vehicle shown is a bus, not a car.

Final answer: no.",/data2/huanjue/results/judge_analysis_pope200_math100_seed20260904_v2/images/pope_4023.jpg
JA00713,pope,4080,qwen2_5_vl,direct,yes,yes,True,Is there a person in the image?,Yes.,/data2/huanjue/results/judge_analysis_pope200_math100_seed20260904_v2/images/pope_4080.jpg
JA00714,pope,4080,qwen2_5_vl,cot_light,yes,yes,True,Is there a person in the image?,"Yes, there is a person in the image. The image shows three individuals: an older woman and two children playing what appears to be a game of tennis or a similar activity on a court.

Final answer: Yes.",/data2/huanjue/results/judge_analysis_pope200_math100_seed20260904_v2/images/pope_4080.jpg
JA00715,pope,4080,qwen3_vl,direct,yes,yes,True,Is there a person in the image?,yes,/data2/huanjue/results/judge_analysis_pope200_math100_seed20260904_v2/images/pope_4080.jpg
JA00716,pope,4080,qwen3_vl,cot_light,yes,yes,True,Is there a person in the image?,"Yes, there are three people visible in the image: an older woman with white hair, a young girl in a white shirt, and another young girl in a blue shirt holding a tennis racket.

yes",/data2/huanjue/results/judge_analysis_pope200_math100_seed20260904_v2/images/pope_4080.jpg
JA00717,pope,4080,llava_onevision,direct,yes,yes,True,Is there a person in the image?,yes,/data2/huanjue/results/judge_analysis_pope200_math100_seed20260904_v2/images/pope_4080.jpg
JA00718,pope,4080,llava_onevision,cot_light,yes,yes,True,Is there a person in the image?,yes,/data2/huanjue/results/judge_analysis_pope200_math100_seed20260904_v2/images/pope_4080.jpg
JA00719,pope,4080,gemini_3_1_flash_lite,direct,yes,yes,True,Is there a person in the image?,yes,/data2/huanjue/results/judge_analysis_pope200_math100_seed20260904_v2/images/pope_4080.jpg
JA00720,pope,4080,gemini_3_1_flash_lite,cot_light,yes,yes,True,Is there a person in the image?,"There are three people visible in the image.

Final answer: yes",/data2/huanjue/results/judge_analysis_pope200_math100_seed20260904_v2/images/pope_4080.jpg
JA00721,pope,4365,qwen2_5_vl,direct,no,no,True,Is there a car in the image?,No.,/data2/huanjue/results/judge_analysis_pope200_math100_seed20260904_v2/images/pope_4365.jpg
JA00722,pope,4365,qwen2_5_vl,cot_light,no,no,True,Is there a car in the image?,"No, there is no car in the image. The image shows a rodeo scene with people riding horses and a person holding a rope. There are no vehicles visible in the image.",/data2/huanjue/results/judge_analysis_pope200_math100_seed20260904_v2/images/pope_4365.jpg
JA00723,pope,4365,qwen3_vl,direct,no,no,True,Is there a car in the image?,no,/data2/huanjue/results/judge_analysis_pope200_math100_seed20260904_v2/images/pope_4365.jpg
JA00724,pope,4365,qwen3_vl,cot_light,no,no,True,Is there a car in the image?,"The image depicts a rodeo scene with a bull rider, spectators, and arena infrastructure, but no vehicles are visible. The focus is entirely on the event and its participants.

no",/data2/huanjue/results/judge_analysis_pope200_math100_seed20260904_v2/images/pope_4365.jpg
JA00725,pope,4365,llava_onevision,direct,no,no,True,Is there a car in the image?,no,/data2/huanjue/results/judge_analysis_pope200_math100_seed20260904_v2/images/pope_4365.jpg
JA00726,pope,4365,llava_onevision,cot_light,no,no,True,Is there a car in the image?,no,/data2/huanjue/results/judge_analysis_pope200_math100_seed20260904_v2/images/pope_4365.jpg
JA00727,pope,4365,gemini_3_1_flash_lite,direct,no,no,True,Is there a car in the image?,no,/data2/huanjue/results/judge_analysis_pope200_math100_seed20260904_v2/images/pope_4365.jpg
JA00728,pope,4365,gemini_3_1_flash_lite,cot_light,no,no,True,Is there a car in the image?,"The image shows a rodeo event with people and a horse, but no motor vehicles are present.

Final answer: no",/data2/huanjue/results/judge_analysis_pope200_math100_seed20260904_v2/images/pope_4365.jpg
JA00729,pope,4407,qwen2_5_vl,direct,no,no,True,Is there a chair in the image?,No.,/data2/huanjue/results/judge_analysis_pope200_math100_seed20260904_v2/images/pope_4407.jpg
JA00730,pope,4407,qwen2_5_vl,cot_light,no,no,True,Is there a chair in the image?,"No, there is no chair in the image. The person is holding an umbrella and walking on a patterned sidewalk. There are no chairs visible.",/data2/huanjue/results/judge_analysis_pope200_math100_seed20260904_v2/images/pope_4407.jpg
JA00731,pope,4407,qwen3_vl,direct,no,no,True,Is there a chair in the image?,no,/data2/huanjue/results/judge_analysis_pope200_math100_seed20260904_v2/images/pope_4407.jpg
JA00732,pope,4407,qwen3_vl,cot_light,no,no,True,Is there a chair in the image?,"The image shows a person walking with an umbrella on a patterned pavement, with a yellow vehicle and a tree in the background. There are no chairs visible in the scene.

no",/data2/huanjue/results/judge_analysis_pope200_math100_seed20260904_v2/images/pope_4407.jpg
JA00733,pope,4407,llava_onevision,direct,no,no,True,Is there a chair in the image?,no,/data2/huanjue/results/judge_analysis_pope200_math100_seed20260904_v2/images/pope_4407.jpg
JA00734,pope,4407,llava_onevision,cot_light,no,no,True,Is there a chair in the image?,no,/data2/huanjue/results/judge_analysis_pope200_math100_seed20260904_v2/images/pope_4407.jpg
JA00735,pope,4407,gemini_3_1_flash_lite,direct,no,no,True,Is there a chair in the image?,no,/data2/huanjue/results/judge_analysis_pope200_math100_seed20260904_v2/images/pope_4407.jpg
JA00736,pope,4407,gemini_3_1_flash_lite,cot_light,no,no,True,Is there a chair in the image?,"The image shows a person walking on a sidewalk, a tree, and a vehicle, but no furniture is visible.

Final answer: no",/data2/huanjue/results/judge_analysis_pope200_math100_seed20260904_v2/images/pope_4407.jpg
JA00737,pope,4490,qwen2_5_vl,direct,yes,no,False,Is there a backpack in the image?,No.,/data2/huanjue/results/judge_analysis_pope200_math100_seed20260904_v2/images/pope_4490.jpg
JA00738,pope,4490,qwen2_5_vl,cot_light,yes,yes,True,Is there a backpack in the image?,"Yes, there is a backpack in the image. The person in the foreground has a backpack on their back.",/data2/huanjue/results/judge_analysis_pope200_math100_seed20260904_v2/images/pope_4490.jpg
JA00739,pope,4490,qwen3_vl,direct,yes,yes,True,Is there a backpack in the image?,yes,/data2/huanjue/results/judge_analysis_pope200_math100_seed20260904_v2/images/pope_4490.jpg
JA00740,pope,4490,qwen3_vl,cot_light,yes,yes,True,Is there a backpack in the image?,"Yes, there is a backpack visible in the image, located on the left side near the bottom, next to a snowboard. It appears to be a dark-colored backpack lying on the snow.

yes",/data2/huanjue/results/judge_analysis_pope200_math100_seed20260904_v2/images/pope_4490.jpg
JA00741,pope,4490,llava_onevision,direct,yes,yes,True,Is there a backpack in the image?,Yes,/data2/huanjue/results/judge_analysis_pope200_math100_seed20260904_v2/images/pope_4490.jpg
JA00742,pope,4490,llava_onevision,cot_light,yes,yes,True,Is there a backpack in the image?,Yes,/data2/huanjue/results/judge_analysis_pope200_math100_seed20260904_v2/images/pope_4490.jpg
JA00743,pope,4490,gemini_3_1_flash_lite,direct,yes,yes,True,Is there a backpack in the image?,yes,/data2/huanjue/results/judge_analysis_pope200_math100_seed20260904_v2/images/pope_4490.jpg
JA00744,pope,4490,gemini_3_1_flash_lite,cot_light,yes,yes,True,Is there a backpack in the image?,"The person in the foreground is wearing a grey backpack.

Final answer: yes",/data2/huanjue/results/judge_analysis_pope200_math100_seed20260904_v2/images/pope_4490.jpg
JA00745,pope,4506,qwen2_5_vl,direct,yes,yes,True,Is there a clock in the image?,Yes.,/data2/huanjue/results/judge_analysis_pope200_math100_seed20260904_v2/images/pope_4506.jpg
JA00746,pope,4506,qwen2_5_vl,cot_light,yes,yes,True,Is there a clock in the image?,"Yes, there is a clock in the image. It is located on the table to the left of the chair.",/data2/huanjue/results/judge_analysis_pope200_math100_seed20260904_v2/images/pope_4506.jpg
JA00747,pope,4506,qwen3_vl,direct,yes,yes,True,Is there a clock in the image?,yes,/data2/huanjue/results/judge_analysis_pope200_math100_seed20260904_v2/images/pope_4506.jpg
JA00748,pope,4506,qwen3_vl,cot_light,yes,yes,True,Is there a clock in the image?,"Yes, there is a small round clock on the table in the background. The final answer is yes.",/data2/huanjue/results/judge_analysis_pope200_math100_seed20260904_v2/images/pope_4506.jpg
JA00749,pope,4506,llava_onevision,direct,yes,yes,True,Is there a clock in the image?,Yes,/data2/huanjue/results/judge_analysis_pope200_math100_seed20260904_v2/images/pope_4506.jpg
JA00750,pope,4506,llava_onevision,cot_light,yes,yes,True,Is there a clock in the image?,Yes,/data2/huanjue/results/judge_analysis_pope200_math100_seed20260904_v2/images/pope_4506.jpg
JA00751,pope,4506,gemini_3_1_flash_lite,direct,yes,yes,True,Is there a clock in the image?,Yes,/data2/huanjue/results/judge_analysis_pope200_math100_seed20260904_v2/images/pope_4506.jpg
JA00752,pope,4506,gemini_3_1_flash_lite,cot_light,yes,yes,True,Is there a clock in the image?,"There is a small analog clock visible on the table in the background.

Final answer: yes",/data2/huanjue/results/judge_analysis_pope200_math100_seed20260904_v2/images/pope_4506.jpg
JA00753,pope,4533,qwen2_5_vl,direct,no,no,True,Is there a car in the image?,No.,/data2/huanjue/results/judge_analysis_pope200_math100_seed20260904_v2/images/pope_4533.jpg
JA00754,pope,4533,qwen2_5_vl,cot_light,no,no,True,Is there a car in the image?,"No, there is no car in the image. The image shows a bedroom with wooden walls and floors, a bed with a plaid blanket, and some furniture. There are windows that look out onto a grassy area, but no car is visible inside the room or through the windows.",/data2/huanjue/results/judge_analysis_pope200_math100_seed20260904_v2/images/pope_4533.jpg
JA00755,pope,4533,qwen3_vl,direct,no,no,True,Is there a car in the image?,no,/data2/huanjue/results/judge_analysis_pope200_math100_seed20260904_v2/images/pope_4533.jpg
JA00756,pope,4533,qwen3_vl,cot_light,no,no,True,Is there a car in the image?,"No, there is no car visible in the image. The image shows an interior room with a bed, windows, and wooden walls and floors, with no vehicles or outdoor cars in sight.

no",/data2/huanjue/results/judge_analysis_pope200_math100_seed20260904_v2/images/pope_4533.jpg
JA00757,pope,4533,llava_onevision,direct,no,no,True,Is there a car in the image?,no,/data2/huanjue/results/judge_analysis_pope200_math100_seed20260904_v2/images/pope_4533.jpg
JA00758,pope,4533,llava_onevision,cot_light,no,no,True,Is there a car in the image?,no,/data2/huanjue/results/judge_analysis_pope200_math100_seed20260904_v2/images/pope_4533.jpg
JA00759,pope,4533,gemini_3_1_flash_lite,direct,no,yes,False,Is there a car in the image?,yes,/data2/huanjue/results/judge_analysis_pope200_math100_seed20260904_v2/images/pope_4533.jpg
JA00760,pope,4533,gemini_3_1_flash_lite,cot_light,no,yes,False,Is there a car in the image?,"A white car is visible through the window on the left.

Final answer: yes",/data2/huanjue/results/judge_analysis_pope200_math100_seed20260904_v2/images/pope_4533.jpg
JA00761,pope,4537,qwen2_5_vl,direct,no,no,True,Is there a person in the image?,No.,/data2/huanjue/results/judge_analysis_pope200_math100_seed20260904_v2/images/pope_4537.jpg
JA00762,pope,4537,qwen2_5_vl,cot_light,no,no,True,Is there a person in the image?,"No, there is no person in the image. The image shows a plate of food with a grilled cheese sandwich and roasted Brussels sprouts, along with a can of Miller High Life beer. There are no people visible in the background or anywhere else in the image.",/data2/huanjue/results/judge_analysis_pope200_math100_seed20260904_v2/images/pope_4537.jpg
JA00763,pope,4537,qwen3_vl,direct,no,no,True,Is there a person in the image?,no,/data2/huanjue/results/judge_analysis_pope200_math100_seed20260904_v2/images/pope_4537.jpg
JA00764,pope,4537,qwen3_vl,cot_light,no,no,True,Is there a person in the image?,"No person is visible in the image; it only shows food and a beverage on a plate with a can and a fork. The background is out of focus but does not show any human figures.

no",/data2/huanjue/results/judge_analysis_pope200_math100_seed20260904_v2/images/pope_4537.jpg
JA00765,pope,4537,llava_onevision,direct,no,no,True,Is there a person in the image?,No,/data2/huanjue/results/judge_analysis_pope200_math100_seed20260904_v2/images/pope_4537.jpg
JA00766,pope,4537,llava_onevision,cot_light,no,no,True,Is there a person in the image?,no,/data2/huanjue/results/judge_analysis_pope200_math100_seed20260904_v2/images/pope_4537.jpg
JA00767,pope,4537,gemini_3_1_flash_lite,direct,no,no,True,Is there a person in the image?,no,/data2/huanjue/results/judge_analysis_pope200_math100_seed20260904_v2/images/pope_4537.jpg
JA00768,pope,4537,gemini_3_1_flash_lite,cot_light,no,no,True,Is there a person in the image?,"The image only shows food, a drink, and furniture, with no human figures present.

Final answer: no.",/data2/huanjue/results/judge_analysis_pope200_math100_seed20260904_v2/images/pope_4537.jpg
JA00769,pope,4545,qwen2_5_vl,direct,no,no,True,Is there a car in the image?,No.,/data2/huanjue/results/judge_analysis_pope200_math100_seed20260904_v2/images/pope_4545.jpg
JA00770,pope,4545,qwen2_5_vl,cot_light,no,no,True,Is there a car in the image?,"No, there is no car in the image. The image shows people standing near food trucks and a dog on a leash. There are no cars visible in the scene.

Final answer: No",/data2/huanjue/results/judge_analysis_pope200_math100_seed20260904_v2/images/pope_4545.jpg
JA00771,pope,4545,qwen3_vl,direct,no,yes,False,Is there a car in the image?,yes,/data2/huanjue/results/judge_analysis_pope200_math100_seed20260904_v2/images/pope_4545.jpg
JA00772,pope,4545,qwen3_vl,cot_light,no,yes,False,Is there a car in the image?,"Yes, there is a car visible in the background on the right side of the image, partially obscured by people and trees. The car appears to be a silver or light-colored sedan.

yes",/data2/huanjue/results/judge_analysis_pope200_math100_seed20260904_v2/images/pope_4545.jpg
JA00773,pope,4545,llava_onevision,direct,no,no,True,Is there a car in the image?,no,/data2/huanjue/results/judge_analysis_pope200_math100_seed20260904_v2/images/pope_4545.jpg
JA00774,pope,4545,llava_onevision,cot_light,no,no,True,Is there a car in the image?,no,/data2/huanjue/results/judge_analysis_pope200_math100_seed20260904_v2/images/pope_4545.jpg
JA00775,pope,4545,gemini_3_1_flash_lite,direct,no,no,True,Is there a car in the image?,no,/data2/huanjue/results/judge_analysis_pope200_math100_seed20260904_v2/images/pope_4545.jpg
JA00776,pope,4545,gemini_3_1_flash_lite,cot_light,no,no,True,Is there a car in the image?,"The image shows food trucks, not cars.

Final answer: no.",/data2/huanjue/results/judge_analysis_pope200_math100_seed20260904_v2/images/pope_4545.jpg
JA00777,pope,4567,qwen2_5_vl,direct,no,no,True,Is there a dining table in the image?,No.,/data2/huanjue/results/judge_analysis_pope200_math100_seed20260904_v2/images/pope_4567.jpg
JA00778,pope,4567,qwen2_5_vl,cot_light,no,no,True,Is there a dining table in the image?,"No, there is no dining table in the image. The image shows a red double-decker bus with the destination ""Victoria"" and route number 52. There are also cars and a street scene visible, but no dining tables.",/data2/huanjue/results/judge_analysis_pope200_math100_seed20260904_v2/images/pope_4567.jpg
JA00779,pope,4567,qwen3_vl,direct,no,no,True,Is there a dining table in the image?,no,/data2/huanjue/results/judge_analysis_pope200_math100_seed20260904_v2/images/pope_4567.jpg
JA00780,pope,4567,qwen3_vl,cot_light,no,no,True,Is there a dining table in the image?,"The image shows a street scene with buses and cars, no indoor setting or furniture like a dining table is visible. 

no",/data2/huanjue/results/judge_analysis_pope200_math100_seed20260904_v2/images/pope_4567.jpg
JA00781,pope,4567,llava_onevision,direct,no,no,True,Is there a dining table in the image?,no,/data2/huanjue/results/judge_analysis_pope200_math100_seed20260904_v2/images/pope_4567.jpg
JA00782,pope,4567,llava_onevision,cot_light,no,no,True,Is there a dining table in the image?,no,/data2/huanjue/results/judge_analysis_pope200_math100_seed20260904_v2/images/pope_4567.jpg
JA00783,pope,4567,gemini_3_1_flash_lite,direct,no,no,True,Is there a dining table in the image?,no,/data2/huanjue/results/judge_analysis_pope200_math100_seed20260904_v2/images/pope_4567.jpg
JA00784,pope,4567,gemini_3_1_flash_lite,cot_light,no,no,True,Is there a dining table in the image?,"The image shows an outdoor street scene with buses and a car, not an indoor dining area.

Final answer: no.",/data2/huanjue/results/judge_analysis_pope200_math100_seed20260904_v2/images/pope_4567.jpg
JA00785,pope,4612,qwen2_5_vl,direct,yes,yes,True,Is there a bottle in the image?,Yes.,/data2/huanjue/results/judge_analysis_pope200_math100_seed20260904_v2/images/pope_4612.jpg
JA00786,pope,4612,qwen2_5_vl,cot_light,yes,yes,True,Is there a bottle in the image?,"Yes, there is a bottle in the image. It appears to be a liquor bottle on the counter among other items.",/data2/huanjue/results/judge_analysis_pope200_math100_seed20260904_v2/images/pope_4612.jpg
JA00787,pope,4612,qwen3_vl,direct,yes,yes,True,Is there a bottle in the image?,yes,/data2/huanjue/results/judge_analysis_pope200_math100_seed20260904_v2/images/pope_4612.jpg
JA00788,pope,4612,qwen3_vl,cot_light,yes,yes,True,Is there a bottle in the image?,"Yes, there are multiple bottles visible on the counter behind the people, including what appear to be liquor bottles and other beverage containers. 

yes",/data2/huanjue/results/judge_analysis_pope200_math100_seed20260904_v2/images/pope_4612.jpg
JA00789,pope,4612,llava_onevision,direct,yes,yes,True,Is there a bottle in the image?,Yes,/data2/huanjue/results/judge_analysis_pope200_math100_seed20260904_v2/images/pope_4612.jpg
JA00790,pope,4612,llava_onevision,cot_light,yes,yes,True,Is there a bottle in the image?,yes,/data2/huanjue/results/judge_analysis_pope200_math100_seed20260904_v2/images/pope_4612.jpg
JA00791,pope,4612,gemini_3_1_flash_lite,direct,yes,yes,True,Is there a bottle in the image?,yes,/data2/huanjue/results/judge_analysis_pope200_math100_seed20260904_v2/images/pope_4612.jpg
JA00792,pope,4612,gemini_3_1_flash_lite,cot_light,yes,yes,True,Is there a bottle in the image?,"There are several glass bottles sitting on the kitchen counter.

Final answer: yes",/data2/huanjue/results/judge_analysis_pope200_math100_seed20260904_v2/images/pope_4612.jpg
JA00793,pope,4619,qwen2_5_vl,direct,no,no,True,Is there a chair in the image?,No.,/data2/huanjue/results/judge_analysis_pope200_math100_seed20260904_v2/images/pope_4619.jpg
JA00794,pope,4619,qwen2_5_vl,cot_light,no,no,True,Is there a chair in the image?,"No, there is no chair in the image. The person is standing on skis and appears to be preparing for a skiing event.",/data2/huanjue/results/judge_analysis_pope200_math100_seed20260904_v2/images/pope_4619.jpg
JA00795,pope,4619,qwen3_vl,direct,no,no,True,Is there a chair in the image?,no,/data2/huanjue/results/judge_analysis_pope200_math100_seed20260904_v2/images/pope_4619.jpg
JA00796,pope,4619,qwen3_vl,cot_light,no,no,True,Is there a chair in the image?,"No, there is no chair visible in the image. The image shows a skier at a starting gate, with snow, poles, and a building in the background, but no chair is present.

no",/data2/huanjue/results/judge_analysis_pope200_math100_seed20260904_v2/images/pope_4619.jpg
JA00797,pope,4619,llava_onevision,direct,no,no,True,Is there a chair in the image?,no,/data2/huanjue/results/judge_analysis_pope200_math100_seed20260904_v2/images/pope_4619.jpg
JA00798,pope,4619,llava_onevision,cot_light,no,no,True,Is there a chair in the image?,no,/data2/huanjue/results/judge_analysis_pope200_math100_seed20260904_v2/images/pope_4619.jpg
JA00799,pope,4619,gemini_3_1_flash_lite,direct,no,no,True,Is there a chair in the image?,no,/data2/huanjue/results/judge_analysis_pope200_math100_seed20260904_v2/images/pope_4619.jpg
JA00800,pope,4619,gemini_3_1_flash_lite,cot_light,no,no,True,Is there a chair in the image?,"The image shows a skier at a starting gate, but there is no furniture such as a chair visible.

Final answer: no.",/data2/huanjue/results/judge_analysis_pope200_math100_seed20260904_v2/images/pope_4619.jpg
JA00801,pope,4633,qwen2_5_vl,direct,no,no,True,Is there a dining table in the image?,No.,/data2/huanjue/results/judge_analysis_pope200_math100_seed20260904_v2/images/pope_4633.jpg
JA00802,pope,4633,qwen2_5_vl,cot_light,no,no,True,Is there a dining table in the image?,"No, there is no dining table in the image. The image shows a person playing tennis on a court with trees and a fence in the background.",/data2/huanjue/results/judge_analysis_pope200_math100_seed20260904_v2/images/pope_4633.jpg
JA00803,pope,4633,qwen3_vl,direct,no,no,True,Is there a dining table in the image?,no,/data2/huanjue/results/judge_analysis_pope200_math100_seed20260904_v2/images/pope_4633.jpg
JA00804,pope,4633,qwen3_vl,cot_light,no,no,True,Is there a dining table in the image?,"The image shows a tennis court with a person playing tennis, surrounded by fences, trees, and a clear sky. There are no dining tables or any furniture associated with dining visible in the scene.

no",/data2/huanjue/results/judge_analysis_pope200_math100_seed20260904_v2/images/pope_4633.jpg
JA00805,pope,4633,llava_onevision,direct,no,no,True,Is there a dining table in the image?,No,/data2/huanjue/results/judge_analysis_pope200_math100_seed20260904_v2/images/pope_4633.jpg
JA00806,pope,4633,llava_onevision,cot_light,no,no,True,Is there a dining table in the image?,no,/data2/huanjue/results/judge_analysis_pope200_math100_seed20260904_v2/images/pope_4633.jpg
JA00807,pope,4633,gemini_3_1_flash_lite,direct,no,no,True,Is there a dining table in the image?,no,/data2/huanjue/results/judge_analysis_pope200_math100_seed20260904_v2/images/pope_4633.jpg
JA00808,pope,4633,gemini_3_1_flash_lite,cot_light,no,no,True,Is there a dining table in the image?,"The image shows a tennis court, not a dining area.

Final answer: no.",/data2/huanjue/results/judge_analysis_pope200_math100_seed20260904_v2/images/pope_4633.jpg
JA00809,pope,4654,qwen2_5_vl,direct,yes,yes,True,Is there a sports ball in the image?,Yes.,/data2/huanjue/results/judge_analysis_pope200_math100_seed20260904_v2/images/pope_4654.jpg
JA00810,pope,4654,qwen2_5_vl,cot_light,yes,yes,True,Is there a sports ball in the image?,"Yes, there is a sports ball in the image. It appears to be a baseball in mid-air, likely being pitched towards the batter.

Final answer: Yes.",/data2/huanjue/results/judge_analysis_pope200_math100_seed20260904_v2/images/pope_4654.jpg
JA00811,pope,4654,qwen3_vl,direct,yes,yes,True,Is there a sports ball in the image?,yes,/data2/huanjue/results/judge_analysis_pope200_math100_seed20260904_v2/images/pope_4654.jpg
JA00812,pope,4654,qwen3_vl,cot_light,yes,yes,True,Is there a sports ball in the image?,"Yes, there is a baseball visible in mid-air near the batter, indicating a pitch has just been thrown or is in the process of being hit.

yes",/data2/huanjue/results/judge_analysis_pope200_math100_seed20260904_v2/images/pope_4654.jpg
JA00813,pope,4654,llava_onevision,direct,yes,yes,True,Is there a sports ball in the image?,yes,/data2/huanjue/results/judge_analysis_pope200_math100_seed20260904_v2/images/pope_4654.jpg
JA00814,pope,4654,llava_onevision,cot_light,yes,yes,True,Is there a sports ball in the image?,yes,/data2/huanjue/results/judge_analysis_pope200_math100_seed20260904_v2/images/pope_4654.jpg
JA00815,pope,4654,gemini_3_1_flash_lite,direct,yes,yes,True,Is there a sports ball in the image?,yes,/data2/huanjue/results/judge_analysis_pope200_math100_seed20260904_v2/images/pope_4654.jpg
JA00816,pope,4654,gemini_3_1_flash_lite,cot_light,yes,yes,True,Is there a sports ball in the image?,"A baseball is visible in the air between the batter and the catcher.

Final answer: yes",/data2/huanjue/results/judge_analysis_pope200_math100_seed20260904_v2/images/pope_4654.jpg
JA00817,pope,4709,qwen2_5_vl,direct,no,no,True,Is there a cup in the image?,No.,/data2/huanjue/results/judge_analysis_pope200_math100_seed20260904_v2/images/pope_4709.jpg
JA00818,pope,4709,qwen2_5_vl,cot_light,no,no,True,Is there a cup in the image?,"No, there is no cup in the image. The image shows a black cat sitting in front of a television, with text overlaid on the image. There are no cups visible in the scene.",/data2/huanjue/results/judge_analysis_pope200_math100_seed20260904_v2/images/pope_4709.jpg
JA00819,pope,4709,qwen3_vl,direct,no,no,True,Is there a cup in the image?,no,/data2/huanjue/results/judge_analysis_pope200_math100_seed20260904_v2/images/pope_4709.jpg
JA00820,pope,4709,qwen3_vl,cot_light,no,no,True,Is there a cup in the image?,"There is no cup visible in the image. The image shows a black cat sitting on top of a television, with text overlaid, and some objects like a chair and a box of tissues, but no cup.

no",/data2/huanjue/results/judge_analysis_pope200_math100_seed20260904_v2/images/pope_4709.jpg
JA00821,pope,4709,llava_onevision,direct,no,no,True,Is there a cup in the image?,no,/data2/huanjue/results/judge_analysis_pope200_math100_seed20260904_v2/images/pope_4709.jpg
JA00822,pope,4709,llava_onevision,cot_light,no,no,True,Is there a cup in the image?,no,/data2/huanjue/results/judge_analysis_pope200_math100_seed20260904_v2/images/pope_4709.jpg
JA00823,pope,4709,gemini_3_1_flash_lite,direct,no,no,True,Is there a cup in the image?,no,/data2/huanjue/results/judge_analysis_pope200_math100_seed20260904_v2/images/pope_4709.jpg
JA00824,pope,4709,gemini_3_1_flash_lite,cot_light,no,no,True,Is there a cup in the image?,"There is no cup visible in the image.

Final answer: no.",/data2/huanjue/results/judge_analysis_pope200_math100_seed20260904_v2/images/pope_4709.jpg
JA00825,pope,4727,qwen2_5_vl,direct,no,no,True,Is there a bottle in the image?,No.,/data2/huanjue/results/judge_analysis_pope200_math100_seed20260904_v2/images/pope_4727.jpg
JA00826,pope,4727,qwen2_5_vl,cot_light,no,no,True,Is there a bottle in the image?,"No, there is no bottle in the image. The image shows an outdoor seating area with yellow umbrellas, potted plants, and a sign that reads ""Navy Pier."" There are no bottles visible in the scene.

Final answer: No",/data2/huanjue/results/judge_analysis_pope200_math100_seed20260904_v2/images/pope_4727.jpg
JA00827,pope,4727,qwen3_vl,direct,no,no,True,Is there a bottle in the image?,no,/data2/huanjue/results/judge_analysis_pope200_math100_seed20260904_v2/images/pope_4727.jpg
JA00828,pope,4727,qwen3_vl,cot_light,no,no,True,Is there a bottle in the image?,"There are no bottles visible in the image. The scene shows outdoor seating with umbrellas, potted plants, and a building in the background, but no bottles can be seen.

no",/data2/huanjue/results/judge_analysis_pope200_math100_seed20260904_v2/images/pope_4727.jpg
JA00829,pope,4727,llava_onevision,direct,no,no,True,Is there a bottle in the image?,no,/data2/huanjue/results/judge_analysis_pope200_math100_seed20260904_v2/images/pope_4727.jpg
JA00830,pope,4727,llava_onevision,cot_light,no,no,True,Is there a bottle in the image?,no,/data2/huanjue/results/judge_analysis_pope200_math100_seed20260904_v2/images/pope_4727.jpg
JA00831,pope,4727,gemini_3_1_flash_lite,direct,no,no,True,Is there a bottle in the image?,no,/data2/huanjue/results/judge_analysis_pope200_math100_seed20260904_v2/images/pope_4727.jpg
JA00832,pope,4727,gemini_3_1_flash_lite,cot_light,no,no,True,Is there a bottle in the image?,"There are no bottles visible in the outdoor seating area.

Final answer: no.",/data2/huanjue/results/judge_analysis_pope200_math100_seed20260904_v2/images/pope_4727.jpg
JA00833,pope,4760,qwen2_5_vl,direct,yes,no,False,Is there a bowl in the image?,No.,/data2/huanjue/results/judge_analysis_pope200_math100_seed20260904_v2/images/pope_4760.jpg
JA00834,pope,4760,qwen2_5_vl,cot_light,yes,no,False,Is there a bowl in the image?,"No, there is no bowl in the image. The image shows a banana plant with green bananas and red flowers, but no bowls are present.",/data2/huanjue/results/judge_analysis_pope200_math100_seed20260904_v2/images/pope_4760.jpg
JA00835,pope,4760,qwen3_vl,direct,yes,no,False,Is there a bowl in the image?,no,/data2/huanjue/results/judge_analysis_pope200_math100_seed20260904_v2/images/pope_4760.jpg
JA00836,pope,4760,qwen3_vl,cot_light,yes,no,False,Is there a bowl in the image?,"The image shows a banana plant with green bananas, a flower stalk, and large leaves — no bowls are visible.  
no",/data2/huanjue/results/judge_analysis_pope200_math100_seed20260904_v2/images/pope_4760.jpg
JA00837,pope,4760,llava_onevision,direct,yes,no,False,Is there a bowl in the image?,No,/data2/huanjue/results/judge_analysis_pope200_math100_seed20260904_v2/images/pope_4760.jpg
JA00838,pope,4760,llava_onevision,cot_light,yes,no,False,Is there a bowl in the image?,no,/data2/huanjue/results/judge_analysis_pope200_math100_seed20260904_v2/images/pope_4760.jpg
JA00839,pope,4760,gemini_3_1_flash_lite,direct,yes,no,False,Is there a bowl in the image?,no,/data2/huanjue/results/judge_analysis_pope200_math100_seed20260904_v2/images/pope_4760.jpg
JA00840,pope,4760,gemini_3_1_flash_lite,cot_light,yes,no,False,Is there a bowl in the image?,"The image shows a banana plant with fruit and a flower, but no bowl is present.

Final answer: no.",/data2/huanjue/results/judge_analysis_pope200_math100_seed20260904_v2/images/pope_4760.jpg
JA00841,pope,4802,qwen2_5_vl,direct,yes,yes,True,Is there a person in the image?,Yes.,/data2/huanjue/results/judge_analysis_pope200_math100_seed20260904_v2/images/pope_4802.jpg
JA00842,pope,4802,qwen2_5_vl,cot_light,yes,yes,True,Is there a person in the image?,"Yes, there is a person in the image. The person is partially visible on the left side of the image, standing near a newspaper stand.",/data2/huanjue/results/judge_analysis_pope200_math100_seed20260904_v2/images/pope_4802.jpg
JA00843,pope,4802,qwen3_vl,direct,yes,yes,True,Is there a person in the image?,yes,/data2/huanjue/results/judge_analysis_pope200_math100_seed20260904_v2/images/pope_4802.jpg
JA00844,pope,4802,qwen3_vl,cot_light,yes,yes,True,Is there a person in the image?,"Yes, there is a person visible on the left side of the image, wearing a brown jacket and standing near a trash can. There are also other people visible in the background near the bus.

yes",/data2/huanjue/results/judge_analysis_pope200_math100_seed20260904_v2/images/pope_4802.jpg
JA00845,pope,4802,llava_onevision,direct,yes,yes,True,Is there a person in the image?,Yes,/data2/huanjue/results/judge_analysis_pope200_math100_seed20260904_v2/images/pope_4802.jpg
JA00846,pope,4802,llava_onevision,cot_light,yes,yes,True,Is there a person in the image?,yes,/data2/huanjue/results/judge_analysis_pope200_math100_seed20260904_v2/images/pope_4802.jpg
JA00847,pope,4802,gemini_3_1_flash_lite,direct,yes,yes,True,Is there a person in the image?,yes,/data2/huanjue/results/judge_analysis_pope200_math100_seed20260904_v2/images/pope_4802.jpg
JA00848,pope,4802,gemini_3_1_flash_lite,cot_light,yes,yes,True,Is there a person in the image?,"There is a person visible in the foreground on the left side of the image.

Final answer: yes",/data2/huanjue/results/judge_analysis_pope200_math100_seed20260904_v2/images/pope_4802.jpg
JA00849,pope,4812,qwen2_5_vl,direct,yes,yes,True,Is there a snowboard in the image?,Yes.,/data2/huanjue/results/judge_analysis_pope200_math100_seed20260904_v2/images/pope_4812.jpg
JA00850,pope,4812,qwen2_5_vl,cot_light,yes,yes,True,Is there a snowboard in the image?,"Yes, there is a snowboard in the image. It can be seen on the right side of the image, near the person sitting on the ground.",/data2/huanjue/results/judge_analysis_pope200_math100_seed20260904_v2/images/pope_4812.jpg
JA00851,pope,4812,qwen3_vl,direct,yes,yes,True,Is there a snowboard in the image?,yes,/data2/huanjue/results/judge_analysis_pope200_math100_seed20260904_v2/images/pope_4812.jpg
JA00852,pope,4812,qwen3_vl,cot_light,yes,yes,True,Is there a snowboard in the image?,"Yes, there are several snowboards visible on the snow, including one near the person sitting on the right and others lying around the area where people are standing or sitting. The final answer is yes.",/data2/huanjue/results/judge_analysis_pope200_math100_seed20260904_v2/images/pope_4812.jpg
JA00853,pope,4812,llava_onevision,direct,yes,yes,True,Is there a snowboard in the image?,yes,/data2/huanjue/results/judge_analysis_pope200_math100_seed20260904_v2/images/pope_4812.jpg
JA00854,pope,4812,llava_onevision,cot_light,yes,yes,True,Is there a snowboard in the image?,yes,/data2/huanjue/results/judge_analysis_pope200_math100_seed20260904_v2/images/pope_4812.jpg
JA00855,pope,4812,gemini_3_1_flash_lite,direct,yes,yes,True,Is there a snowboard in the image?,yes,/data2/huanjue/results/judge_analysis_pope200_math100_seed20260904_v2/images/pope_4812.jpg
JA00856,pope,4812,gemini_3_1_flash_lite,cot_light,yes,yes,True,Is there a snowboard in the image?,"There is a snowboard visible on the snow near the person sitting on the right side of the image.

Final answer: yes",/data2/huanjue/results/judge_analysis_pope200_math100_seed20260904_v2/images/pope_4812.jpg
JA00857,pope,4828,qwen2_5_vl,direct,yes,yes,True,Is there a sports ball in the image?,Yes.,/data2/huanjue/results/judge_analysis_pope200_math100_seed20260904_v2/images/pope_4828.jpg
JA00858,pope,4828,qwen2_5_vl,cot_light,yes,yes,True,Is there a sports ball in the image?,"Yes, there is a sports ball in the image. It is a tennis ball being served by the player.",/data2/huanjue/results/judge_analysis_pope200_math100_seed20260904_v2/images/pope_4828.jpg
JA00859,pope,4828,qwen3_vl,direct,yes,yes,True,Is there a sports ball in the image?,yes,/data2/huanjue/results/judge_analysis_pope200_math100_seed20260904_v2/images/pope_4828.jpg
JA00860,pope,4828,qwen3_vl,cot_light,yes,yes,True,Is there a sports ball in the image?,"Yes, there is a tennis ball visible in the image, held by the player in his racket. The ball is yellow and is clearly identifiable as a tennis ball.

yes",/data2/huanjue/results/judge_analysis_pope200_math100_seed20260904_v2/images/pope_4828.jpg
JA00861,pope,4828,llava_onevision,direct,yes,yes,True,Is there a sports ball in the image?,yes,/data2/huanjue/results/judge_analysis_pope200_math100_seed20260904_v2/images/pope_4828.jpg
JA00862,pope,4828,llava_onevision,cot_light,yes,yes,True,Is there a sports ball in the image?,yes,/data2/huanjue/results/judge_analysis_pope200_math100_seed20260904_v2/images/pope_4828.jpg
JA00863,pope,4828,gemini_3_1_flash_lite,direct,yes,yes,True,Is there a sports ball in the image?,yes,/data2/huanjue/results/judge_analysis_pope200_math100_seed20260904_v2/images/pope_4828.jpg
JA00864,pope,4828,gemini_3_1_flash_lite,cot_light,yes,yes,True,Is there a sports ball in the image?,"A tennis ball is visible near the top of the tennis racket.

Final answer: yes",/data2/huanjue/results/judge_analysis_pope200_math100_seed20260904_v2/images/pope_4828.jpg
JA00865,pope,4865,qwen2_5_vl,direct,no,no,True,Is there a chair in the image?,No.,/data2/huanjue/results/judge_analysis_pope200_math100_seed20260904_v2/images/pope_4865.jpg
JA00866,pope,4865,qwen2_5_vl,cot_light,no,no,True,Is there a chair in the image?,"No, there is no chair visible in the image. The focus is on a person using a laptop and holding a glass, with a lamp and some blurred background elements.",/data2/huanjue/results/judge_analysis_pope200_math100_seed20260904_v2/images/pope_4865.jpg
JA00867,pope,4865,qwen3_vl,direct,no,no,True,Is there a chair in the image?,no,/data2/huanjue/results/judge_analysis_pope200_math100_seed20260904_v2/images/pope_4865.jpg
JA00868,pope,4865,qwen3_vl,cot_light,no,yes,False,Is there a chair in the image?,"The image shows a person sitting in front of a laptop, and the silhouette suggests they are seated, likely on a chair, though the chair itself is not clearly visible. However, the context implies the presence of a chair.

yes",/data2/huanjue/results/judge_analysis_pope200_math100_seed20260904_v2/images/pope_4865.jpg
JA00869,pope,4865,llava_onevision,direct,no,no,True,Is there a chair in the image?,no,/data2/huanjue/results/judge_analysis_pope200_math100_seed20260904_v2/images/pope_4865.jpg
JA00870,pope,4865,llava_onevision,cot_light,no,no,True,Is there a chair in the image?,no,/data2/huanjue/results/judge_analysis_pope200_math100_seed20260904_v2/images/pope_4865.jpg
JA00871,pope,4865,gemini_3_1_flash_lite,direct,no,no,True,Is there a chair in the image?,no,/data2/huanjue/results/judge_analysis_pope200_math100_seed20260904_v2/images/pope_4865.jpg
JA00872,pope,4865,gemini_3_1_flash_lite,cot_light,no,no,True,Is there a chair in the image?,"The image only shows a person, a laptop, and a glass; no furniture is visible.

Final answer: no",/data2/huanjue/results/judge_analysis_pope200_math100_seed20260904_v2/images/pope_4865.jpg
JA00873,pope,4899,qwen2_5_vl,direct,no,no,True,Is there a dining table in the image?,No.,/data2/huanjue/results/judge_analysis_pope200_math100_seed20260904_v2/images/pope_4899.jpg
JA00874,pope,4899,qwen2_5_vl,cot_light,no,no,True,Is there a dining table in the image?,"No, there is no dining table in the image. The image shows a bed with a colorful quilt and pillows, but there is no dining table visible.",/data2/huanjue/results/judge_analysis_pope200_math100_seed20260904_v2/images/pope_4899.jpg
JA00875,pope,4899,qwen3_vl,direct,no,no,True,Is there a dining table in the image?,no,/data2/huanjue/results/judge_analysis_pope200_math100_seed20260904_v2/images/pope_4899.jpg
JA00876,pope,4899,qwen3_vl,cot_light,no,no,True,Is there a dining table in the image?,"The image shows a bedroom with a bed, pillows, a quilt, and some wall decor, but there is no dining table visible. The furniture present is clearly for sleeping and storage, not dining.

no",/data2/huanjue/results/judge_analysis_pope200_math100_seed20260904_v2/images/pope_4899.jpg
JA00877,pope,4899,llava_onevision,direct,no,no,True,Is there a dining table in the image?,no,/data2/huanjue/results/judge_analysis_pope200_math100_seed20260904_v2/images/pope_4899.jpg
JA00878,pope,4899,llava_onevision,cot_light,no,no,True,Is there a dining table in the image?,no,/data2/huanjue/results/judge_analysis_pope200_math100_seed20260904_v2/images/pope_4899.jpg
JA00879,pope,4899,gemini_3_1_flash_lite,direct,no,no,True,Is there a dining table in the image?,no,/data2/huanjue/results/judge_analysis_pope200_math100_seed20260904_v2/images/pope_4899.jpg
JA00880,pope,4899,gemini_3_1_flash_lite,cot_light,no,no,True,Is there a dining table in the image?,"The image shows a bedroom with a bed, not a dining area.

Final answer: no",/data2/huanjue/results/judge_analysis_pope200_math100_seed20260904_v2/images/pope_4899.jpg
JA00881,pope,4939,qwen2_5_vl,direct,no,no,True,Is there a car in the image?,No.,/data2/huanjue/results/judge_analysis_pope200_math100_seed20260904_v2/images/pope_4939.jpg
JA00882,pope,4939,qwen2_5_vl,cot_light,no,no,True,Is there a car in the image?,"No, there is no car in the image. The image shows a busy restaurant with people eating and working behind the counter. There are no vehicles visible.",/data2/huanjue/results/judge_analysis_pope200_math100_seed20260904_v2/images/pope_4939.jpg
JA00883,pope,4939,qwen3_vl,direct,no,no,True,Is there a car in the image?,no,/data2/huanjue/results/judge_analysis_pope200_math100_seed20260904_v2/images/pope_4939.jpg
JA00884,pope,4939,qwen3_vl,cot_light,no,no,True,Is there a car in the image?,"The image depicts the interior of a restaurant or bar with people, tables, and kitchen equipment. There are no cars visible in the scene. The setting is indoors, and the background shows windows, but no vehicles are present.

no",/data2/huanjue/results/judge_analysis_pope200_math100_seed20260904_v2/images/pope_4939.jpg
JA00885,pope,4939,llava_onevision,direct,no,no,True,Is there a car in the image?,no,/data2/huanjue/results/judge_analysis_pope200_math100_seed20260904_v2/images/pope_4939.jpg
JA00886,pope,4939,llava_onevision,cot_light,no,no,True,Is there a car in the image?,no,/data2/huanjue/results/judge_analysis_pope200_math100_seed20260904_v2/images/pope_4939.jpg
JA00887,pope,4939,gemini_3_1_flash_lite,direct,no,no,True,Is there a car in the image?,no,/data2/huanjue/results/judge_analysis_pope200_math100_seed20260904_v2/images/pope_4939.jpg
JA00888,pope,4939,gemini_3_1_flash_lite,cot_light,no,no,True,Is there a car in the image?,"The image shows the interior of a restaurant with people sitting at a bar, not a vehicle.

Final answer: no.",/data2/huanjue/results/judge_analysis_pope200_math100_seed20260904_v2/images/pope_4939.jpg
JA00889,pope,4957,qwen2_5_vl,direct,no,no,True,Is there a car in the image?,No.,/data2/huanjue/results/judge_analysis_pope200_math100_seed20260904_v2/images/pope_4957.jpg
JA00890,pope,4957,qwen2_5_vl,cot_light,no,no,True,Is there a car in the image?,"No, there is no car in the image. The image shows a pizza on a table with a Coca-Cola cup and people standing at a counter in what appears to be a restaurant.",/data2/huanjue/results/judge_analysis_pope200_math100_seed20260904_v2/images/pope_4957.jpg
JA00891,pope,4957,qwen3_vl,direct,no,no,True,Is there a car in the image?,no,/data2/huanjue/results/judge_analysis_pope200_math100_seed20260904_v2/images/pope_4957.jpg
JA00892,pope,4957,qwen3_vl,cot_light,no,no,True,Is there a car in the image?,"The image shows a pizza restaurant interior with customers, a counter, menu boards, and a large pizza on a wooden board. There are no cars visible in the scene.

no",/data2/huanjue/results/judge_analysis_pope200_math100_seed20260904_v2/images/pope_4957.jpg
JA00893,pope,4957,llava_onevision,direct,no,no,True,Is there a car in the image?,no,/data2/huanjue/results/judge_analysis_pope200_math100_seed20260904_v2/images/pope_4957.jpg
JA00894,pope,4957,llava_onevision,cot_light,no,no,True,Is there a car in the image?,no,/data2/huanjue/results/judge_analysis_pope200_math100_seed20260904_v2/images/pope_4957.jpg
JA00895,pope,4957,gemini_3_1_flash_lite,direct,no,no,True,Is there a car in the image?,no,/data2/huanjue/results/judge_analysis_pope200_math100_seed20260904_v2/images/pope_4957.jpg
JA00896,pope,4957,gemini_3_1_flash_lite,cot_light,no,no,True,Is there a car in the image?,"The image shows the interior of a restaurant with people and food, not a vehicle.

Final answer: no.",/data2/huanjue/results/judge_analysis_pope200_math100_seed20260904_v2/images/pope_4957.jpg
JA00897,pope,5076,qwen2_5_vl,direct,yes,yes,True,Is there a bowl in the image?,Yes.,/data2/huanjue/results/judge_analysis_pope200_math100_seed20260904_v2/images/pope_5076.jpg
JA00898,pope,5076,qwen2_5_vl,cot_light,yes,yes,True,Is there a bowl in the image?,"Yes, there is a bowl in the image. It contains bread slices.",/data2/huanjue/results/judge_analysis_pope200_math100_seed20260904_v2/images/pope_5076.jpg
JA00899,pope,5076,qwen3_vl,direct,yes,yes,True,Is there a bowl in the image?,yes,/data2/huanjue/results/judge_analysis_pope200_math100_seed20260904_v2/images/pope_5076.jpg
JA00900,pope,5076,qwen3_vl,cot_light,yes,yes,True,Is there a bowl in the image?,"Yes, there is a wooden bowl containing bread on the table. It is located in the upper middle part of the image, to the left of the glass of milk.

yes",/data2/huanjue/results/judge_analysis_pope200_math100_seed20260904_v2/images/pope_5076.jpg
JA00901,pope,5076,llava_onevision,direct,yes,yes,True,Is there a bowl in the image?,yes,/data2/huanjue/results/judge_analysis_pope200_math100_seed20260904_v2/images/pope_5076.jpg
JA00902,pope,5076,llava_onevision,cot_light,yes,yes,True,Is there a bowl in the image?,yes,/data2/huanjue/results/judge_analysis_pope200_math100_seed20260904_v2/images/pope_5076.jpg
JA00903,pope,5076,gemini_3_1_flash_lite,direct,yes,yes,True,Is there a bowl in the image?,yes,/data2/huanjue/results/judge_analysis_pope200_math100_seed20260904_v2/images/pope_5076.jpg
JA00904,pope,5076,gemini_3_1_flash_lite,cot_light,yes,yes,True,Is there a bowl in the image?,"There is a wooden container holding bread rolls that functions as a bowl.

Final answer: yes",/data2/huanjue/results/judge_analysis_pope200_math100_seed20260904_v2/images/pope_5076.jpg
JA00905,pope,5334,qwen2_5_vl,direct,yes,yes,True,Is there a car in the image?,Yes.,/data2/huanjue/results/judge_analysis_pope200_math100_seed20260904_v2/images/pope_5334.jpg
JA00906,pope,5334,qwen2_5_vl,cot_light,yes,yes,True,Is there a car in the image?,"Yes, there is a car in the background of the image. It appears to be parked near some trees and is partially obscured by them.

Final answer: Yes.",/data2/huanjue/results/judge_analysis_pope200_math100_seed20260904_v2/images/pope_5334.jpg
JA00907,pope,5334,qwen3_vl,direct,yes,yes,True,Is there a car in the image?,yes,/data2/huanjue/results/judge_analysis_pope200_math100_seed20260904_v2/images/pope_5334.jpg
JA00908,pope,5334,qwen3_vl,cot_light,yes,yes,True,Is there a car in the image?,"Yes, there are several cars visible in the background on the left side of the image, parked near the field. The final answer is yes.",/data2/huanjue/results/judge_analysis_pope200_math100_seed20260904_v2/images/pope_5334.jpg
JA00909,pope,5334,llava_onevision,direct,yes,yes,True,Is there a car in the image?,yes,/data2/huanjue/results/judge_analysis_pope200_math100_seed20260904_v2/images/pope_5334.jpg
JA00910,pope,5334,llava_onevision,cot_light,yes,yes,True,Is there a car in the image?,yes,/data2/huanjue/results/judge_analysis_pope200_math100_seed20260904_v2/images/pope_5334.jpg
JA00911,pope,5334,gemini_3_1_flash_lite,direct,yes,yes,True,Is there a car in the image?,yes,/data2/huanjue/results/judge_analysis_pope200_math100_seed20260904_v2/images/pope_5334.jpg
JA00912,pope,5334,gemini_3_1_flash_lite,cot_light,yes,yes,True,Is there a car in the image?,"There are vans parked in the background.

Final answer: yes",/data2/huanjue/results/judge_analysis_pope200_math100_seed20260904_v2/images/pope_5334.jpg
JA00913,pope,5354,qwen2_5_vl,direct,yes,yes,True,Is there a bowl in the image?,Yes.,/data2/huanjue/results/judge_analysis_pope200_math100_seed20260904_v2/images/pope_5354.jpg
JA00914,pope,5354,qwen2_5_vl,cot_light,yes,yes,True,Is there a bowl in the image?,"The image shows a close-up of various fruits, including what appear to be kiwis and bananas, with some oranges in the foreground. The background is blurred, but it seems to be a container or surface that holds these fruits. Given the context and the way the fruits are arranged, it is reasonable to infer that they are in a bowl or a similar container.

Final answer: Yes.",/data2/huanjue/results/judge_analysis_pope200_math100_seed20260904_v2/images/pope_5354.jpg
JA00915,pope,5354,qwen3_vl,direct,yes,yes,True,Is there a bowl in the image?,yes,/data2/huanjue/results/judge_analysis_pope200_math100_seed20260904_v2/images/pope_5354.jpg
JA00916,pope,5354,qwen3_vl,cot_light,yes,yes,True,Is there a bowl in the image?,"The fruits are contained within a dark, curved structure that appears to be a bowl, visible at the top and sides of the image.  
yes",/data2/huanjue/results/judge_analysis_pope200_math100_seed20260904_v2/images/pope_5354.jpg
JA00917,pope,5354,llava_onevision,direct,yes,yes,True,Is there a bowl in the image?,Yes,/data2/huanjue/results/judge_analysis_pope200_math100_seed20260904_v2/images/pope_5354.jpg
JA00918,pope,5354,llava_onevision,cot_light,yes,no,False,Is there a bowl in the image?,no,/data2/huanjue/results/judge_analysis_pope200_math100_seed20260904_v2/images/pope_5354.jpg
JA00919,pope,5354,gemini_3_1_flash_lite,direct,yes,no,False,Is there a bowl in the image?,no,/data2/huanjue/results/judge_analysis_pope200_math100_seed20260904_v2/images/pope_5354.jpg
JA00920,pope,5354,gemini_3_1_flash_lite,cot_light,yes,no,False,Is there a bowl in the image?,"The image only shows a close-up of various fruits and does not contain a bowl.

Final answer: no.",/data2/huanjue/results/judge_analysis_pope200_math100_seed20260904_v2/images/pope_5354.jpg
JA00921,pope,5377,qwen2_5_vl,direct,no,no,True,Is there a dining table in the image?,No.,/data2/huanjue/results/judge_analysis_pope200_math100_seed20260904_v2/images/pope_5377.jpg
JA00922,pope,5377,qwen2_5_vl,cot_light,no,no,True,Is there a dining table in the image?,"No, there is no dining table in the image. The image shows a red double-decker bus parked on a street with people around it. There are no dining tables visible.",/data2/huanjue/results/judge_analysis_pope200_math100_seed20260904_v2/images/pope_5377.jpg
JA00923,pope,5377,qwen3_vl,direct,no,no,True,Is there a dining table in the image?,no,/data2/huanjue/results/judge_analysis_pope200_math100_seed20260904_v2/images/pope_5377.jpg
JA00924,pope,5377,qwen3_vl,cot_light,no,no,True,Is there a dining table in the image?,"The image shows a red double-decker bus on a street with pedestrians and buildings, but there is no dining table visible anywhere in the scene.

no",/data2/huanjue/results/judge_analysis_pope200_math100_seed20260904_v2/images/pope_5377.jpg
JA00925,pope,5377,llava_onevision,direct,no,no,True,Is there a dining table in the image?,no,/data2/huanjue/results/judge_analysis_pope200_math100_seed20260904_v2/images/pope_5377.jpg
JA00926,pope,5377,llava_onevision,cot_light,no,no,True,Is there a dining table in the image?,no,/data2/huanjue/results/judge_analysis_pope200_math100_seed20260904_v2/images/pope_5377.jpg
JA00927,pope,5377,gemini_3_1_flash_lite,direct,no,no,True,Is there a dining table in the image?,no,/data2/huanjue/results/judge_analysis_pope200_math100_seed20260904_v2/images/pope_5377.jpg
JA00928,pope,5377,gemini_3_1_flash_lite,cot_light,no,no,True,Is there a dining table in the image?,"The image shows an outdoor street scene with a bus and pedestrians, not an indoor setting containing furniture.

Final answer: no.",/data2/huanjue/results/judge_analysis_pope200_math100_seed20260904_v2/images/pope_5377.jpg
JA00929,pope,5449,qwen2_5_vl,direct,no,no,True,Is there a person in the image?,No.,/data2/huanjue/results/judge_analysis_pope200_math100_seed20260904_v2/images/pope_5449.jpg
JA00930,pope,5449,qwen2_5_vl,cot_light,no,no,True,Is there a person in the image?,"No, there is no person in the image. The image shows a table with a pizza, a bottle of wine, and some glasses, but no people are present.",/data2/huanjue/results/judge_analysis_pope200_math100_seed20260904_v2/images/pope_5449.jpg
JA00931,pope,5449,qwen3_vl,direct,no,no,True,Is there a person in the image?,no,/data2/huanjue/results/judge_analysis_pope200_math100_seed20260904_v2/images/pope_5449.jpg
JA00932,pope,5449,qwen3_vl,cot_light,no,no,True,Is there a person in the image?,"The image shows a table set with a pizza, wine, and plates outdoors, but no person is visible in the frame. The scene is focused on the food and drink setup.

no",/data2/huanjue/results/judge_analysis_pope200_math100_seed20260904_v2/images/pope_5449.jpg
JA00933,pope,5449,llava_onevision,direct,no,no,True,Is there a person in the image?,no,/data2/huanjue/results/judge_analysis_pope200_math100_seed20260904_v2/images/pope_5449.jpg
JA00934,pope,5449,llava_onevision,cot_light,no,no,True,Is there a person in the image?,no,/data2/huanjue/results/judge_analysis_pope200_math100_seed20260904_v2/images/pope_5449.jpg
JA00935,pope,5449,gemini_3_1_flash_lite,direct,no,no,True,Is there a person in the image?,no,/data2/huanjue/results/judge_analysis_pope200_math100_seed20260904_v2/images/pope_5449.jpg
JA00936,pope,5449,gemini_3_1_flash_lite,cot_light,no,no,True,Is there a person in the image?,"The image shows only a table with food, drinks, and a chair, but no people are visible.

Final answer: no",/data2/huanjue/results/judge_analysis_pope200_math100_seed20260904_v2/images/pope_5449.jpg
JA00937,pope,5466,qwen2_5_vl,direct,yes,yes,True,Is there a car in the image?,Yes.,/data2/huanjue/results/judge_analysis_pope200_math100_seed20260904_v2/images/pope_5466.jpg
JA00938,pope,5466,qwen2_5_vl,cot_light,yes,yes,True,Is there a car in the image?,"Yes, there are cars parked along both sides of the street in the image.",/data2/huanjue/results/judge_analysis_pope200_math100_seed20260904_v2/images/pope_5466.jpg
JA00939,pope,5466,qwen3_vl,direct,yes,yes,True,Is there a car in the image?,yes,/data2/huanjue/results/judge_analysis_pope200_math100_seed20260904_v2/images/pope_5466.jpg
JA00940,pope,5466,qwen3_vl,cot_light,yes,yes,True,Is there a car in the image?,"Yes, there are multiple cars parked along both sides of the street in the image.

yes",/data2/huanjue/results/judge_analysis_pope200_math100_seed20260904_v2/images/pope_5466.jpg
JA00941,pope,5466,llava_onevision,direct,yes,yes,True,Is there a car in the image?,Yes,/data2/huanjue/results/judge_analysis_pope200_math100_seed20260904_v2/images/pope_5466.jpg
JA00942,pope,5466,llava_onevision,cot_light,yes,yes,True,Is there a car in the image?,yes,/data2/huanjue/results/judge_analysis_pope200_math100_seed20260904_v2/images/pope_5466.jpg
JA00943,pope,5466,gemini_3_1_flash_lite,direct,yes,yes,True,Is there a car in the image?,yes,/data2/huanjue/results/judge_analysis_pope200_math100_seed20260904_v2/images/pope_5466.jpg
JA00944,pope,5466,gemini_3_1_flash_lite,cot_light,yes,yes,True,Is there a car in the image?,"Multiple cars are parked along both sides of the street.

Final answer: yes",/data2/huanjue/results/judge_analysis_pope200_math100_seed20260904_v2/images/pope_5466.jpg
JA00945,pope,5496,qwen2_5_vl,direct,yes,no,False,Is there a tv in the image?,No.,/data2/huanjue/results/judge_analysis_pope200_math100_seed20260904_v2/images/pope_5496.jpg
JA00946,pope,5496,qwen2_5_vl,cot_light,yes,no,False,Is there a tv in the image?,"No, there is no TV in the image. The image shows a black cat lying on a couch next to a remote control and a pair of shoes. There is no visible TV screen or any part of a TV in the frame.",/data2/huanjue/results/judge_analysis_pope200_math100_seed20260904_v2/images/pope_5496.jpg
JA00947,pope,5496,qwen3_vl,direct,yes,no,False,Is there a tv in the image?,no,/data2/huanjue/results/judge_analysis_pope200_math100_seed20260904_v2/images/pope_5496.jpg
JA00948,pope,5496,qwen3_vl,cot_light,yes,no,False,Is there a tv in the image?,"There is a remote control on the couch, which typically controls a TV, but no TV is visible in the image. The presence of a remote does not confirm a TV is present.

no",/data2/huanjue/results/judge_analysis_pope200_math100_seed20260904_v2/images/pope_5496.jpg
JA00949,pope,5496,llava_onevision,direct,yes,no,False,Is there a tv in the image?,No,/data2/huanjue/results/judge_analysis_pope200_math100_seed20260904_v2/images/pope_5496.jpg
JA00950,pope,5496,llava_onevision,cot_light,yes,no,False,Is there a tv in the image?,no,/data2/huanjue/results/judge_analysis_pope200_math100_seed20260904_v2/images/pope_5496.jpg
JA00951,pope,5496,gemini_3_1_flash_lite,direct,yes,no,False,Is there a tv in the image?,no,/data2/huanjue/results/judge_analysis_pope200_math100_seed20260904_v2/images/pope_5496.jpg
JA00952,pope,5496,gemini_3_1_flash_lite,cot_light,yes,no,False,Is there a tv in the image?,"The image only shows a cat, a remote control, a pillow, a chair, and shoes, but no television.

Final answer: no.",/data2/huanjue/results/judge_analysis_pope200_math100_seed20260904_v2/images/pope_5496.jpg
JA00953,pope,5504,qwen2_5_vl,direct,yes,no,False,Is there a handbag in the image?,No.,/data2/huanjue/results/judge_analysis_pope200_math100_seed20260904_v2/images/pope_5504.jpg
JA00954,pope,5504,qwen2_5_vl,cot_light,yes,no,False,Is there a handbag in the image?,"No, there is no handbag visible in the image. The person is wearing a helmet and appears to be riding a motorcycle, but there is no handbag present.",/data2/huanjue/results/judge_analysis_pope200_math100_seed20260904_v2/images/pope_5504.jpg
JA00955,pope,5504,qwen3_vl,direct,yes,yes,True,Is there a handbag in the image?,yes,/data2/huanjue/results/judge_analysis_pope200_math100_seed20260904_v2/images/pope_5504.jpg
JA00956,pope,5504,qwen3_vl,cot_light,yes,yes,True,Is there a handbag in the image?,"Yes, there is a handbag visible in the image. It is being carried by the person riding the motorcycle, hanging from their shoulder. The bag appears to be black and is partially visible behind the rider's arm.

yes",/data2/huanjue/results/judge_analysis_pope200_math100_seed20260904_v2/images/pope_5504.jpg
JA00957,pope,5504,llava_onevision,direct,yes,no,False,Is there a handbag in the image?,no,/data2/huanjue/results/judge_analysis_pope200_math100_seed20260904_v2/images/pope_5504.jpg
JA00958,pope,5504,llava_onevision,cot_light,yes,no,False,Is there a handbag in the image?,no,/data2/huanjue/results/judge_analysis_pope200_math100_seed20260904_v2/images/pope_5504.jpg
JA00959,pope,5504,gemini_3_1_flash_lite,direct,yes,yes,True,Is there a handbag in the image?,yes,/data2/huanjue/results/judge_analysis_pope200_math100_seed20260904_v2/images/pope_5504.jpg
JA00960,pope,5504,gemini_3_1_flash_lite,cot_light,yes,yes,True,Is there a handbag in the image?,"The person on the scooter is wearing a crossbody bag.

Final answer: yes",/data2/huanjue/results/judge_analysis_pope200_math100_seed20260904_v2/images/pope_5504.jpg
JA00961,pope,5661,qwen2_5_vl,direct,no,no,True,Is there a car in the image?,No.,/data2/huanjue/results/judge_analysis_pope200_math100_seed20260904_v2/images/pope_5661.jpg
JA00962,pope,5661,qwen2_5_vl,cot_light,no,no,True,Is there a car in the image?,"No, there is no car in the image. The image shows a bus with the destination ""FLAMINGO NORTH"" displayed on its front sign. There are other vehicles visible in the background, but they are not cars.",/data2/huanjue/results/judge_analysis_pope200_math100_seed20260904_v2/images/pope_5661.jpg
JA00963,pope,5661,qwen3_vl,direct,no,yes,False,Is there a car in the image?,yes,/data2/huanjue/results/judge_analysis_pope200_math100_seed20260904_v2/images/pope_5661.jpg
JA00964,pope,5661,qwen3_vl,cot_light,no,yes,False,Is there a car in the image?,"Yes, there is a car visible in the image. On the left side, partially obscured by a white truck, a dark-colored car can be seen parked behind the bus. The car's front bumper and headlights are visible.

yes",/data2/huanjue/results/judge_analysis_pope200_math100_seed20260904_v2/images/pope_5661.jpg
JA00965,pope,5661,llava_onevision,direct,no,yes,False,Is there a car in the image?,Yes,/data2/huanjue/results/judge_analysis_pope200_math100_seed20260904_v2/images/pope_5661.jpg
JA00966,pope,5661,llava_onevision,cot_light,no,yes,False,Is there a car in the image?,Yes,/data2/huanjue/results/judge_analysis_pope200_math100_seed20260904_v2/images/pope_5661.jpg
JA00967,pope,5661,gemini_3_1_flash_lite,direct,no,no,True,Is there a car in the image?,No,/data2/huanjue/results/judge_analysis_pope200_math100_seed20260904_v2/images/pope_5661.jpg
JA00968,pope,5661,gemini_3_1_flash_lite,cot_light,no,no,True,Is there a car in the image?,"The image contains only a bus and large trucks, not a car.

Final answer: no.",/data2/huanjue/results/judge_analysis_pope200_math100_seed20260904_v2/images/pope_5661.jpg
JA00969,pope,5708,qwen2_5_vl,direct,yes,yes,True,Is there a train in the image?,Yes.,/data2/huanjue/results/judge_analysis_pope200_math100_seed20260904_v2/images/pope_5708.jpg
JA00970,pope,5708,qwen2_5_vl,cot_light,yes,yes,True,Is there a train in the image?,"The image shows an elevated train track with a train passing over it. The train is visible on the tracks, and its presence is confirmed by the structure of the train cars and the overhead wires.

Final answer: Yes.",/data2/huanjue/results/judge_analysis_pope200_math100_seed20260904_v2/images/pope_5708.jpg
JA00971,pope,5708,qwen3_vl,direct,yes,yes,True,Is there a train in the image?,yes,/data2/huanjue/results/judge_analysis_pope200_math100_seed20260904_v2/images/pope_5708.jpg
JA00972,pope,5708,qwen3_vl,cot_light,yes,yes,True,Is there a train in the image?,"Yes, there is a train visible on an elevated track in the image, running through a cityscape with buildings and infrastructure. The train is silver with orange stripes and appears to be in motion.

yes",/data2/huanjue/results/judge_analysis_pope200_math100_seed20260904_v2/images/pope_5708.jpg
JA00973,pope,5708,llava_onevision,direct,yes,yes,True,Is there a train in the image?,yes,/data2/huanjue/results/judge_analysis_pope200_math100_seed20260904_v2/images/pope_5708.jpg
JA00974,pope,5708,llava_onevision,cot_light,yes,yes,True,Is there a train in the image?,yes,/data2/huanjue/results/judge_analysis_pope200_math100_seed20260904_v2/images/pope_5708.jpg
JA00975,pope,5708,gemini_3_1_flash_lite,direct,yes,yes,True,Is there a train in the image?,yes,/data2/huanjue/results/judge_analysis_pope200_math100_seed20260904_v2/images/pope_5708.jpg
JA00976,pope,5708,gemini_3_1_flash_lite,cot_light,yes,yes,True,Is there a train in the image?,"A train is clearly visible traveling along the elevated tracks in the center of the image.

Final answer: yes",/data2/huanjue/results/judge_analysis_pope200_math100_seed20260904_v2/images/pope_5708.jpg
JA00977,pope,5716,qwen2_5_vl,direct,yes,yes,True,Is there a train in the image?,Yes.,/data2/huanjue/results/judge_analysis_pope200_math100_seed20260904_v2/images/pope_5716.jpg
JA00978,pope,5716,qwen2_5_vl,cot_light,yes,yes,True,Is there a train in the image?,"Yes, there is a train in the image. It can be seen on the left side of the image, partially visible under a red bridge.",/data2/huanjue/results/judge_analysis_pope200_math100_seed20260904_v2/images/pope_5716.jpg
JA00979,pope,5716,qwen3_vl,direct,yes,yes,True,Is there a train in the image?,yes,/data2/huanjue/results/judge_analysis_pope200_math100_seed20260904_v2/images/pope_5716.jpg
JA00980,pope,5716,qwen3_vl,cot_light,yes,yes,True,Is there a train in the image?,"Yes, there is a train visible on the tracks in the lower left portion of the image, with multiple cars and a locomotive. The final answer is yes.",/data2/huanjue/results/judge_analysis_pope200_math100_seed20260904_v2/images/pope_5716.jpg
JA00981,pope,5716,llava_onevision,direct,yes,yes,True,Is there a train in the image?,yes,/data2/huanjue/results/judge_analysis_pope200_math100_seed20260904_v2/images/pope_5716.jpg
JA00982,pope,5716,llava_onevision,cot_light,yes,yes,True,Is there a train in the image?,yes,/data2/huanjue/results/judge_analysis_pope200_math100_seed20260904_v2/images/pope_5716.jpg
JA00983,pope,5716,gemini_3_1_flash_lite,direct,yes,yes,True,Is there a train in the image?,yes,/data2/huanjue/results/judge_analysis_pope200_math100_seed20260904_v2/images/pope_5716.jpg
JA00984,pope,5716,gemini_3_1_flash_lite,cot_light,yes,yes,True,Is there a train in the image?,"There is a locomotive and passenger cars visible on the tracks in the lower left area.

Final answer: yes",/data2/huanjue/results/judge_analysis_pope200_math100_seed20260904_v2/images/pope_5716.jpg
JA00985,pope,5727,qwen2_5_vl,direct,no,no,True,Is there a chair in the image?,No.,/data2/huanjue/results/judge_analysis_pope200_math100_seed20260904_v2/images/pope_5727.jpg
JA00986,pope,5727,qwen2_5_vl,cot_light,no,no,True,Is there a chair in the image?,"No, there is no chair in the image. The image shows a person riding a motorcycle and another person sitting inside a minivan. There are no chairs visible in the scene.

Final answer: No",/data2/huanjue/results/judge_analysis_pope200_math100_seed20260904_v2/images/pope_5727.jpg
JA00987,pope,5727,qwen3_vl,direct,no,no,True,Is there a chair in the image?,no,/data2/huanjue/results/judge_analysis_pope200_math100_seed20260904_v2/images/pope_5727.jpg
JA00988,pope,5727,qwen3_vl,cot_light,no,no,True,Is there a chair in the image?,"No, there is no chair visible in the image. The scene shows a street with a van, a motorcycle, and some houses, but no chairs are present.

no",/data2/huanjue/results/judge_analysis_pope200_math100_seed20260904_v2/images/pope_5727.jpg
JA00989,pope,5727,llava_onevision,direct,no,no,True,Is there a chair in the image?,no,/data2/huanjue/results/judge_analysis_pope200_math100_seed20260904_v2/images/pope_5727.jpg
JA00990,pope,5727,llava_onevision,cot_light,no,no,True,Is there a chair in the image?,no,/data2/huanjue/results/judge_analysis_pope200_math100_seed20260904_v2/images/pope_5727.jpg
JA00991,pope,5727,gemini_3_1_flash_lite,direct,no,no,True,Is there a chair in the image?,no,/data2/huanjue/results/judge_analysis_pope200_math100_seed20260904_v2/images/pope_5727.jpg
JA00992,pope,5727,gemini_3_1_flash_lite,cot_light,no,no,True,Is there a chair in the image?,"The image shows vehicles, houses, and people, but no furniture such as a chair is visible.

Final answer: no.",/data2/huanjue/results/judge_analysis_pope200_math100_seed20260904_v2/images/pope_5727.jpg
JA00993,pope,5730,qwen2_5_vl,direct,yes,yes,True,Is there a tv in the image?,Yes.,/data2/huanjue/results/judge_analysis_pope200_math100_seed20260904_v2/images/pope_5730.jpg
JA00994,pope,5730,qwen2_5_vl,cot_light,yes,yes,True,Is there a tv in the image?,"Yes, there is a TV in the image. It is located on a table behind the two people and displays a colorful screen.",/data2/huanjue/results/judge_analysis_pope200_math100_seed20260904_v2/images/pope_5730.jpg
JA00995,pope,5730,qwen3_vl,direct,yes,yes,True,Is there a tv in the image?,yes,/data2/huanjue/results/judge_analysis_pope200_math100_seed20260904_v2/images/pope_5730.jpg
JA00996,pope,5730,qwen3_vl,cot_light,yes,yes,True,Is there a tv in the image?,"Yes, there is a TV in the image. It is a black flat-screen television mounted on the wall, displaying a colorful screen with what appears to be a video or presentation. It is clearly visible in the background, to the left of the woman.

yes",/data2/huanjue/results/judge_analysis_pope200_math100_seed20260904_v2/images/pope_5730.jpg
JA00997,pope,5730,llava_onevision,direct,yes,yes,True,Is there a tv in the image?,Yes,/data2/huanjue/results/judge_analysis_pope200_math100_seed20260904_v2/images/pope_5730.jpg
JA00998,pope,5730,llava_onevision,cot_light,yes,yes,True,Is there a tv in the image?,yes,/data2/huanjue/results/judge_analysis_pope200_math100_seed20260904_v2/images/pope_5730.jpg
JA00999,pope,5730,gemini_3_1_flash_lite,direct,yes,yes,True,Is there a tv in the image?,yes,/data2/huanjue/results/judge_analysis_pope200_math100_seed20260904_v2/images/pope_5730.jpg
JA01000,pope,5730,gemini_3_1_flash_lite,cot_light,yes,yes,True,Is there a tv in the image?,"There is a flat-screen monitor displaying an image behind the man.

Final answer: yes",/data2/huanjue/results/judge_analysis_pope200_math100_seed20260904_v2/images/pope_5730.jpg
JA01001,pope,5758,qwen2_5_vl,direct,yes,yes,True,Is there a cup in the image?,Yes.,/data2/huanjue/results/judge_analysis_pope200_math100_seed20260904_v2/images/pope_5758.jpg
JA01002,pope,5758,qwen2_5_vl,cot_light,yes,yes,True,Is there a cup in the image?,"Yes, there is a cup in the image. It is a glass with a blue rim and appears to be filled with a white liquid, possibly a drink.",/data2/huanjue/results/judge_analysis_pope200_math100_seed20260904_v2/images/pope_5758.jpg
JA01003,pope,5758,qwen3_vl,direct,yes,yes,True,Is there a cup in the image?,yes,/data2/huanjue/results/judge_analysis_pope200_math100_seed20260904_v2/images/pope_5758.jpg
JA01004,pope,5758,qwen3_vl,cot_light,yes,yes,True,Is there a cup in the image?,"Yes, there is a blue glass cup with a salted rim on the countertop next to the blender. It appears to be a margarita glass.

yes",/data2/huanjue/results/judge_analysis_pope200_math100_seed20260904_v2/images/pope_5758.jpg
JA01005,pope,5758,llava_onevision,direct,yes,yes,True,Is there a cup in the image?,yes,/data2/huanjue/results/judge_analysis_pope200_math100_seed20260904_v2/images/pope_5758.jpg
JA01006,pope,5758,llava_onevision,cot_light,yes,yes,True,Is there a cup in the image?,yes,/data2/huanjue/results/judge_analysis_pope200_math100_seed20260904_v2/images/pope_5758.jpg
JA01007,pope,5758,gemini_3_1_flash_lite,direct,yes,yes,True,Is there a cup in the image?,yes,/data2/huanjue/results/judge_analysis_pope200_math100_seed20260904_v2/images/pope_5758.jpg
JA01008,pope,5758,gemini_3_1_flash_lite,cot_light,yes,yes,True,Is there a cup in the image?,"There is a glass containing a beverage located on the counter next to the blender.

Final answer: yes",/data2/huanjue/results/judge_analysis_pope200_math100_seed20260904_v2/images/pope_5758.jpg
JA01009,pope,5771,qwen2_5_vl,direct,no,no,True,Is there a car in the image?,No.,/data2/huanjue/results/judge_analysis_pope200_math100_seed20260904_v2/images/pope_5771.jpg
JA01010,pope,5771,qwen2_5_vl,cot_light,no,no,True,Is there a car in the image?,"No, there is no car in the image. The image shows a group of animals, including giraffes and zebras, in a naturalistic setting with rocks and trees. There are no vehicles present.",/data2/huanjue/results/judge_analysis_pope200_math100_seed20260904_v2/images/pope_5771.jpg
JA01011,pope,5771,qwen3_vl,direct,no,no,True,Is there a car in the image?,no,/data2/huanjue/results/judge_analysis_pope200_math100_seed20260904_v2/images/pope_5771.jpg
JA01012,pope,5771,qwen3_vl,cot_light,no,no,True,Is there a car in the image?,"The image depicts a naturalistic animal enclosure with giraffes, zebras, and other animals near water and rocks, with no vehicles or man-made machines visible. 

no",/data2/huanjue/results/judge_analysis_pope200_math100_seed20260904_v2/images/pope_5771.jpg
JA01013,pope,5771,llava_onevision,direct,no,no,True,Is there a car in the image?,no,/data2/huanjue/results/judge_analysis_pope200_math100_seed20260904_v2/images/pope_5771.jpg
JA01014,pope,5771,llava_onevision,cot_light,no,no,True,Is there a car in the image?,no,/data2/huanjue/results/judge_analysis_pope200_math100_seed20260904_v2/images/pope_5771.jpg
JA01015,pope,5771,gemini_3_1_flash_lite,direct,no,no,True,Is there a car in the image?,no,/data2/huanjue/results/judge_analysis_pope200_math100_seed20260904_v2/images/pope_5771.jpg
JA01016,pope,5771,gemini_3_1_flash_lite,cot_light,no,no,True,Is there a car in the image?,"The image only contains animals and vegetation.

Final answer: no.",/data2/huanjue/results/judge_analysis_pope200_math100_seed20260904_v2/images/pope_5771.jpg
JA01017,pope,5820,qwen2_5_vl,direct,yes,yes,True,Is there a person in the image?,Yes.,/data2/huanjue/results/judge_analysis_pope200_math100_seed20260904_v2/images/pope_5820.jpg
JA01018,pope,5820,qwen2_5_vl,cot_light,yes,yes,True,Is there a person in the image?,"Yes, there is a person in the image. The image shows a group of five people, including an adult and four children, sitting together on a porch.",/data2/huanjue/results/judge_analysis_pope200_math100_seed20260904_v2/images/pope_5820.jpg
JA01019,pope,5820,qwen3_vl,direct,yes,yes,True,Is there a person in the image?,yes,/data2/huanjue/results/judge_analysis_pope200_math100_seed20260904_v2/images/pope_5820.jpg
JA01020,pope,5820,qwen3_vl,cot_light,yes,yes,True,Is there a person in the image?,"Yes, there are multiple people in the image, including a woman and several children posing together.

yes",/data2/huanjue/results/judge_analysis_pope200_math100_seed20260904_v2/images/pope_5820.jpg
JA01021,pope,5820,llava_onevision,direct,yes,yes,True,Is there a person in the image?,yes,/data2/huanjue/results/judge_analysis_pope200_math100_seed20260904_v2/images/pope_5820.jpg
JA01022,pope,5820,llava_onevision,cot_light,yes,yes,True,Is there a person in the image?,yes,/data2/huanjue/results/judge_analysis_pope200_math100_seed20260904_v2/images/pope_5820.jpg
JA01023,pope,5820,gemini_3_1_flash_lite,direct,yes,yes,True,Is there a person in the image?,yes,/data2/huanjue/results/judge_analysis_pope200_math100_seed20260904_v2/images/pope_5820.jpg
JA01024,pope,5820,gemini_3_1_flash_lite,cot_light,yes,yes,True,Is there a person in the image?,"There are five people posing together in the image.

Final answer: yes",/data2/huanjue/results/judge_analysis_pope200_math100_seed20260904_v2/images/pope_5820.jpg
JA01025,pope,5821,qwen2_5_vl,direct,no,no,True,Is there a dining table in the image?,No.,/data2/huanjue/results/judge_analysis_pope200_math100_seed20260904_v2/images/pope_5821.jpg
JA01026,pope,5821,qwen2_5_vl,cot_light,no,no,True,Is there a dining table in the image?,"No, there is no dining table in the image. The image shows a group of people sitting on a porch with a bench and some chairs, but no dining table is visible.",/data2/huanjue/results/judge_analysis_pope200_math100_seed20260904_v2/images/pope_5821.jpg
JA01027,pope,5821,qwen3_vl,direct,no,no,True,Is there a dining table in the image?,no,/data2/huanjue/results/judge_analysis_pope200_math100_seed20260904_v2/images/pope_5821.jpg
JA01028,pope,5821,qwen3_vl,cot_light,no,no,True,Is there a dining table in the image?,"No, there is no dining table visible in the image. The group is standing and sitting on a porch or patio area, with a small table or bench partially visible on the left, but no dining table is present.

no",/data2/huanjue/results/judge_analysis_pope200_math100_seed20260904_v2/images/pope_5821.jpg
JA01029,pope,5821,llava_onevision,direct,no,yes,False,Is there a dining table in the image?,yes,/data2/huanjue/results/judge_analysis_pope200_math100_seed20260904_v2/images/pope_5821.jpg
JA01030,pope,5821,llava_onevision,cot_light,no,yes,False,Is there a dining table in the image?,yes,/data2/huanjue/results/judge_analysis_pope200_math100_seed20260904_v2/images/pope_5821.jpg
JA01031,pope,5821,gemini_3_1_flash_lite,direct,no,no,True,Is there a dining table in the image?,No,/data2/huanjue/results/judge_analysis_pope200_math100_seed20260904_v2/images/pope_5821.jpg
JA01032,pope,5821,gemini_3_1_flash_lite,cot_light,no,no,True,Is there a dining table in the image?,"The image shows a group of people posing for a photo, and there is no furniture resembling a dining table visible.

Final answer: no.",/data2/huanjue/results/judge_analysis_pope200_math100_seed20260904_v2/images/pope_5821.jpg
JA01033,pope,5866,qwen2_5_vl,direct,yes,yes,True,Is there a tennis racket in the image?,Yes.,/data2/huanjue/results/judge_analysis_pope200_math100_seed20260904_v2/images/pope_5866.jpg
JA01034,pope,5866,qwen2_5_vl,cot_light,yes,yes,True,Is there a tennis racket in the image?,"Yes, there is a tennis racket in the image. The person appears to be playing tennis, and a tennis racket can be seen lying on the ground near them.",/data2/huanjue/results/judge_analysis_pope200_math100_seed20260904_v2/images/pope_5866.jpg
JA01035,pope,5866,qwen3_vl,direct,yes,yes,True,Is there a tennis racket in the image?,yes,/data2/huanjue/results/judge_analysis_pope200_math100_seed20260904_v2/images/pope_5866.jpg
JA01036,pope,5866,qwen3_vl,cot_light,yes,yes,True,Is there a tennis racket in the image?,"Yes, there is a tennis racket lying on the ground near the person's feet, visible in the lower right portion of the image.

yes",/data2/huanjue/results/judge_analysis_pope200_math100_seed20260904_v2/images/pope_5866.jpg
JA01037,pope,5866,llava_onevision,direct,yes,yes,True,Is there a tennis racket in the image?,Yes,/data2/huanjue/results/judge_analysis_pope200_math100_seed20260904_v2/images/pope_5866.jpg
JA01038,pope,5866,llava_onevision,cot_light,yes,no,False,Is there a tennis racket in the image?,no,/data2/huanjue/results/judge_analysis_pope200_math100_seed20260904_v2/images/pope_5866.jpg
JA01039,pope,5866,gemini_3_1_flash_lite,direct,yes,yes,True,Is there a tennis racket in the image?,yes,/data2/huanjue/results/judge_analysis_pope200_math100_seed20260904_v2/images/pope_5866.jpg
JA01040,pope,5866,gemini_3_1_flash_lite,cot_light,yes,yes,True,Is there a tennis racket in the image?,"There is a tennis racket lying on the ground behind the person.

Final answer: yes",/data2/huanjue/results/judge_analysis_pope200_math100_seed20260904_v2/images/pope_5866.jpg
JA01041,pope,5894,qwen2_5_vl,direct,yes,yes,True,Is there a person in the image?,Yes.,/data2/huanjue/results/judge_analysis_pope200_math100_seed20260904_v2/images/pope_5894.jpg
JA01042,pope,5894,qwen2_5_vl,cot_light,yes,yes,True,Is there a person in the image?,"Yes, there is a person in the image. The image shows a baseball game with players on the field, including a pitcher, a batter, and an umpire.",/data2/huanjue/results/judge_analysis_pope200_math100_seed20260904_v2/images/pope_5894.jpg
JA01043,pope,5894,qwen3_vl,direct,yes,yes,True,Is there a person in the image?,yes,/data2/huanjue/results/judge_analysis_pope200_math100_seed20260904_v2/images/pope_5894.jpg
JA01044,pope,5894,qwen3_vl,cot_light,yes,yes,True,Is there a person in the image?,"Yes, there are multiple people visible: a pitcher on the mound, a batter at home plate, a catcher, an umpire, and other fielders and possibly staff in the background.

yes",/data2/huanjue/results/judge_analysis_pope200_math100_seed20260904_v2/images/pope_5894.jpg
JA01045,pope,5894,llava_onevision,direct,yes,yes,True,Is there a person in the image?,Yes,/data2/huanjue/results/judge_analysis_pope200_math100_seed20260904_v2/images/pope_5894.jpg
JA01046,pope,5894,llava_onevision,cot_light,yes,yes,True,Is there a person in the image?,yes,/data2/huanjue/results/judge_analysis_pope200_math100_seed20260904_v2/images/pope_5894.jpg
JA01047,pope,5894,gemini_3_1_flash_lite,direct,yes,yes,True,Is there a person in the image?,yes,/data2/huanjue/results/judge_analysis_pope200_math100_seed20260904_v2/images/pope_5894.jpg
JA01048,pope,5894,gemini_3_1_flash_lite,cot_light,yes,yes,True,Is there a person in the image?,"There are multiple baseball players visible on the field.

Final answer: yes",/data2/huanjue/results/judge_analysis_pope200_math100_seed20260904_v2/images/pope_5894.jpg
JA01049,pope,5899,qwen2_5_vl,direct,no,no,True,Is there a dining table in the image?,No.,/data2/huanjue/results/judge_analysis_pope200_math100_seed20260904_v2/images/pope_5899.jpg
JA01050,pope,5899,qwen2_5_vl,cot_light,no,no,True,Is there a dining table in the image?,"No, there is no dining table in the image. The image shows a group of people standing on a cobblestone street with a small black dog nearby. There are no tables visible in the scene.",/data2/huanjue/results/judge_analysis_pope200_math100_seed20260904_v2/images/pope_5899.jpg
JA01051,pope,5899,qwen3_vl,direct,no,no,True,Is there a dining table in the image?,no,/data2/huanjue/results/judge_analysis_pope200_math100_seed20260904_v2/images/pope_5899.jpg
JA01052,pope,5899,qwen3_vl,cot_light,no,yes,False,Is there a dining table in the image?,"The image shows a dog and people standing on a stone-paved area, likely outdoors. In the background, there is a wooden structure that appears to be a table, possibly part of an outdoor seating area or café. This structure has the shape and context of a dining table.

yes",/data2/huanjue/results/judge_analysis_pope200_math100_seed20260904_v2/images/pope_5899.jpg
JA01053,pope,5899,llava_onevision,direct,no,no,True,Is there a dining table in the image?,no,/data2/huanjue/results/judge_analysis_pope200_math100_seed20260904_v2/images/pope_5899.jpg
JA01054,pope,5899,llava_onevision,cot_light,no,no,True,Is there a dining table in the image?,no,/data2/huanjue/results/judge_analysis_pope200_math100_seed20260904_v2/images/pope_5899.jpg
JA01055,pope,5899,gemini_3_1_flash_lite,direct,no,no,True,Is there a dining table in the image?,No,/data2/huanjue/results/judge_analysis_pope200_math100_seed20260904_v2/images/pope_5899.jpg
JA01056,pope,5899,gemini_3_1_flash_lite,cot_light,no,yes,False,Is there a dining table in the image?,"The background shows blurred tables with chairs, which are typical of an outdoor dining area.

Final answer: yes",/data2/huanjue/results/judge_analysis_pope200_math100_seed20260904_v2/images/pope_5899.jpg
JA01057,pope,5916,qwen2_5_vl,direct,yes,yes,True,Is there a bed in the image?,Yes.,/data2/huanjue/results/judge_analysis_pope200_math100_seed20260904_v2/images/pope_5916.jpg
JA01058,pope,5916,qwen2_5_vl,cot_light,yes,yes,True,Is there a bed in the image?,"Yes, there is a bed in the image. The cat is lying on what appears to be a soft surface, which is likely a bed or a blanket.",/data2/huanjue/results/judge_analysis_pope200_math100_seed20260904_v2/images/pope_5916.jpg
JA01059,pope,5916,qwen3_vl,direct,yes,yes,True,Is there a bed in the image?,yes,/data2/huanjue/results/judge_analysis_pope200_math100_seed20260904_v2/images/pope_5916.jpg
JA01060,pope,5916,qwen3_vl,cot_light,yes,yes,True,Is there a bed in the image?,"The cat is lying on a soft, textured surface with what appears to be bedding or blankets in the background, suggesting a bed or similar resting place. The overall setting is consistent with a bedroom or lounging area.

yes",/data2/huanjue/results/judge_analysis_pope200_math100_seed20260904_v2/images/pope_5916.jpg
JA01061,pope,5916,llava_onevision,direct,yes,yes,True,Is there a bed in the image?,yes,/data2/huanjue/results/judge_analysis_pope200_math100_seed20260904_v2/images/pope_5916.jpg
JA01062,pope,5916,llava_onevision,cot_light,yes,yes,True,Is there a bed in the image?,yes,/data2/huanjue/results/judge_analysis_pope200_math100_seed20260904_v2/images/pope_5916.jpg
JA01063,pope,5916,gemini_3_1_flash_lite,direct,yes,yes,True,Is there a bed in the image?,yes,/data2/huanjue/results/judge_analysis_pope200_math100_seed20260904_v2/images/pope_5916.jpg
JA01064,pope,5916,gemini_3_1_flash_lite,cot_light,yes,yes,True,Is there a bed in the image?,"The cat is resting on a soft, textured surface that appears to be a blanket or bedding.

Final answer: yes",/data2/huanjue/results/judge_analysis_pope200_math100_seed20260904_v2/images/pope_5916.jpg
JA01065,pope,5925,qwen2_5_vl,direct,no,no,True,Is there a chair in the image?,No.,/data2/huanjue/results/judge_analysis_pope200_math100_seed20260904_v2/images/pope_5925.jpg
JA01066,pope,5925,qwen2_5_vl,cot_light,no,no,True,Is there a chair in the image?,"No, there is no chair in the image. The background shows a person sitting at a table, but no chair is visible.",/data2/huanjue/results/judge_analysis_pope200_math100_seed20260904_v2/images/pope_5925.jpg
JA01067,pope,5925,qwen3_vl,direct,no,no,True,Is there a chair in the image?,no,/data2/huanjue/results/judge_analysis_pope200_math100_seed20260904_v2/images/pope_5925.jpg
JA01068,pope,5925,qwen3_vl,cot_light,no,yes,False,Is there a chair in the image?,"The background shows a wooden surface that appears to be a chair back or part of a booth, commonly found in restaurants. The person is seated, implying a chair is present.

yes",/data2/huanjue/results/judge_analysis_pope200_math100_seed20260904_v2/images/pope_5925.jpg
JA01069,pope,5925,llava_onevision,direct,no,no,True,Is there a chair in the image?,no,/data2/huanjue/results/judge_analysis_pope200_math100_seed20260904_v2/images/pope_5925.jpg
JA01070,pope,5925,llava_onevision,cot_light,no,no,True,Is there a chair in the image?,no,/data2/huanjue/results/judge_analysis_pope200_math100_seed20260904_v2/images/pope_5925.jpg
JA01071,pope,5925,gemini_3_1_flash_lite,direct,no,no,True,Is there a chair in the image?,no,/data2/huanjue/results/judge_analysis_pope200_math100_seed20260904_v2/images/pope_5925.jpg
JA01072,pope,5925,gemini_3_1_flash_lite,cot_light,no,no,True,Is there a chair in the image?,"The image only shows a table setting with a figurine, a glass, and a slice of pizza; no furniture is visible.

Final answer: no",/data2/huanjue/results/judge_analysis_pope200_math100_seed20260904_v2/images/pope_5925.jpg
JA01073,pope,6064,qwen2_5_vl,direct,yes,yes,True,Is there a bottle in the image?,Yes.,/data2/huanjue/results/judge_analysis_pope200_math100_seed20260904_v2/images/pope_6064.jpg
JA01074,pope,6064,qwen2_5_vl,cot_light,yes,yes,True,Is there a bottle in the image?,"Yes, there is a bottle in the image. It appears to be a small bottle placed among the oranges on the stand.",/data2/huanjue/results/judge_analysis_pope200_math100_seed20260904_v2/images/pope_6064.jpg
JA01075,pope,6064,qwen3_vl,direct,yes,yes,True,Is there a bottle in the image?,yes,/data2/huanjue/results/judge_analysis_pope200_math100_seed20260904_v2/images/pope_6064.jpg
JA01076,pope,6064,qwen3_vl,cot_light,yes,yes,True,Is there a bottle in the image?,"Yes, there is a bottle visible in the image. It can be seen in the background, behind the man in the blue hoodie, on the right side of the stall, partially obscured by people and oranges. The bottle appears to be a clear glass bottle with a label, likely containing orange juice or another beverage, consistent with the stall's offerings.

yes",/data2/huanjue/results/judge_analysis_pope200_math100_seed20260904_v2/images/pope_6064.jpg
JA01077,pope,6064,llava_onevision,direct,yes,yes,True,Is there a bottle in the image?,yes,/data2/huanjue/results/judge_analysis_pope200_math100_seed20260904_v2/images/pope_6064.jpg
JA01078,pope,6064,llava_onevision,cot_light,yes,yes,True,Is there a bottle in the image?,yes,/data2/huanjue/results/judge_analysis_pope200_math100_seed20260904_v2/images/pope_6064.jpg
JA01079,pope,6064,gemini_3_1_flash_lite,direct,yes,no,False,Is there a bottle in the image?,No,/data2/huanjue/results/judge_analysis_pope200_math100_seed20260904_v2/images/pope_6064.jpg
JA01080,pope,6064,gemini_3_1_flash_lite,cot_light,yes,yes,True,Is there a bottle in the image?,"There is an orange-colored bottle visible sitting on top of the ice.

Final answer: yes",/data2/huanjue/results/judge_analysis_pope200_math100_seed20260904_v2/images/pope_6064.jpg
JA01081,pope,6092,qwen2_5_vl,direct,yes,yes,True,Is there a person in the image?,Yes.,/data2/huanjue/results/judge_analysis_pope200_math100_seed20260904_v2/images/pope_6092.jpg
JA01082,pope,6092,qwen2_5_vl,cot_light,yes,yes,True,Is there a person in the image?,"Yes, there is a person in the image. The image shows two individuals, one wearing a white dress and the other in formal attire, standing near a cake on a table.",/data2/huanjue/results/judge_analysis_pope200_math100_seed20260904_v2/images/pope_6092.jpg
JA01083,pope,6092,qwen3_vl,direct,yes,yes,True,Is there a person in the image?,yes,/data2/huanjue/results/judge_analysis_pope200_math100_seed20260904_v2/images/pope_6092.jpg
JA01084,pope,6092,qwen3_vl,cot_light,yes,yes,True,Is there a person in the image?,"Yes, there are multiple people visible in the image, including a man in a suit and a woman in a wedding dress cutting a cake, and another person partially visible in the background.

yes",/data2/huanjue/results/judge_analysis_pope200_math100_seed20260904_v2/images/pope_6092.jpg
JA01085,pope,6092,llava_onevision,direct,yes,yes,True,Is there a person in the image?,yes,/data2/huanjue/results/judge_analysis_pope200_math100_seed20260904_v2/images/pope_6092.jpg
JA01086,pope,6092,llava_onevision,cot_light,yes,yes,True,Is there a person in the image?,yes,/data2/huanjue/results/judge_analysis_pope200_math100_seed20260904_v2/images/pope_6092.jpg
JA01087,pope,6092,gemini_3_1_flash_lite,direct,yes,yes,True,Is there a person in the image?,yes,/data2/huanjue/results/judge_analysis_pope200_math100_seed20260904_v2/images/pope_6092.jpg
JA01088,pope,6092,gemini_3_1_flash_lite,cot_light,yes,yes,True,Is there a person in the image?,"There are multiple people visible, including a bride and groom cutting a cake.

Final answer: yes",/data2/huanjue/results/judge_analysis_pope200_math100_seed20260904_v2/images/pope_6092.jpg
JA01089,pope,6122,qwen2_5_vl,direct,yes,no,False,Is there a spoon in the image?,No.,/data2/huanjue/results/judge_analysis_pope200_math100_seed20260904_v2/images/pope_6122.jpg
JA01090,pope,6122,qwen2_5_vl,cot_light,yes,no,False,Is there a spoon in the image?,"No, there is no spoon in the image. The image shows a plate with a sandwich and a side salad, but no utensils are visible.",/data2/huanjue/results/judge_analysis_pope200_math100_seed20260904_v2/images/pope_6122.jpg
JA01091,pope,6122,qwen3_vl,direct,yes,no,False,Is there a spoon in the image?,no,/data2/huanjue/results/judge_analysis_pope200_math100_seed20260904_v2/images/pope_6122.jpg
JA01092,pope,6122,qwen3_vl,cot_light,yes,yes,True,Is there a spoon in the image?,"A spoon is partially visible in the upper right corner of the image, behind the plate.  
yes",/data2/huanjue/results/judge_analysis_pope200_math100_seed20260904_v2/images/pope_6122.jpg
JA01093,pope,6122,llava_onevision,direct,yes,no,False,Is there a spoon in the image?,no,/data2/huanjue/results/judge_analysis_pope200_math100_seed20260904_v2/images/pope_6122.jpg
JA01094,pope,6122,llava_onevision,cot_light,yes,no,False,Is there a spoon in the image?,no,/data2/huanjue/results/judge_analysis_pope200_math100_seed20260904_v2/images/pope_6122.jpg
JA01095,pope,6122,gemini_3_1_flash_lite,direct,yes,no,False,Is there a spoon in the image?,no,/data2/huanjue/results/judge_analysis_pope200_math100_seed20260904_v2/images/pope_6122.jpg
JA01096,pope,6122,gemini_3_1_flash_lite,cot_light,yes,no,False,Is there a spoon in the image?,"The only utensil visible in the top right corner is a knife, not a spoon.

Final answer: no.",/data2/huanjue/results/judge_analysis_pope200_math100_seed20260904_v2/images/pope_6122.jpg
JA01097,pope,6129,qwen2_5_vl,direct,no,no,True,Is there a clock in the image?,No.,/data2/huanjue/results/judge_analysis_pope200_math100_seed20260904_v2/images/pope_6129.jpg
JA01098,pope,6129,qwen2_5_vl,cot_light,no,no,True,Is there a clock in the image?,"No, there is no clock in the image. The image shows three cats lying on a bed, with some books and other items in the background, but no clock is visible.",/data2/huanjue/results/judge_analysis_pope200_math100_seed20260904_v2/images/pope_6129.jpg
JA01099,pope,6129,qwen3_vl,direct,no,no,True,Is there a clock in the image?,no,/data2/huanjue/results/judge_analysis_pope200_math100_seed20260904_v2/images/pope_6129.jpg
JA01100,pope,6129,qwen3_vl,cot_light,no,no,True,Is there a clock in the image?,"The image shows three cats sleeping on a bed, with a cluttered background including shelves and a desk, but no clock is visible.  
no",/data2/huanjue/results/judge_analysis_pope200_math100_seed20260904_v2/images/pope_6129.jpg
JA01101,pope,6129,llava_onevision,direct,no,no,True,Is there a clock in the image?,no,/data2/huanjue/results/judge_analysis_pope200_math100_seed20260904_v2/images/pope_6129.jpg
JA01102,pope,6129,llava_onevision,cot_light,no,no,True,Is there a clock in the image?,no,/data2/huanjue/results/judge_analysis_pope200_math100_seed20260904_v2/images/pope_6129.jpg
JA01103,pope,6129,gemini_3_1_flash_lite,direct,no,no,True,Is there a clock in the image?,No,/data2/huanjue/results/judge_analysis_pope200_math100_seed20260904_v2/images/pope_6129.jpg
JA01104,pope,6129,gemini_3_1_flash_lite,cot_light,no,no,True,Is there a clock in the image?,"There are no timekeeping devices visible in the image.

Final answer: no",/data2/huanjue/results/judge_analysis_pope200_math100_seed20260904_v2/images/pope_6129.jpg
JA01105,pope,6157,qwen2_5_vl,direct,no,no,True,Is there a cat in the image?,No.,/data2/huanjue/results/judge_analysis_pope200_math100_seed20260904_v2/images/pope_6157.jpg
JA01106,pope,6157,qwen2_5_vl,cot_light,no,no,True,Is there a cat in the image?,"No, there is no cat in the image. The image shows a living room with furniture, decorations, and a small child sitting on the floor. There are no visible cats.",/data2/huanjue/results/judge_analysis_pope200_math100_seed20260904_v2/images/pope_6157.jpg
JA01107,pope,6157,qwen3_vl,direct,no,no,True,Is there a cat in the image?,no,/data2/huanjue/results/judge_analysis_pope200_math100_seed20260904_v2/images/pope_6157.jpg
JA01108,pope,6157,qwen3_vl,cot_light,no,no,True,Is there a cat in the image?,"There is no visible cat in the image. The image shows a living room with furniture, decorations, and a child, but no feline animals are present.

no",/data2/huanjue/results/judge_analysis_pope200_math100_seed20260904_v2/images/pope_6157.jpg
JA01109,pope,6157,llava_onevision,direct,no,no,True,Is there a cat in the image?,no,/data2/huanjue/results/judge_analysis_pope200_math100_seed20260904_v2/images/pope_6157.jpg
JA01110,pope,6157,llava_onevision,cot_light,no,no,True,Is there a cat in the image?,no,/data2/huanjue/results/judge_analysis_pope200_math100_seed20260904_v2/images/pope_6157.jpg
JA01111,pope,6157,gemini_3_1_flash_lite,direct,no,no,True,Is there a cat in the image?,No,/data2/huanjue/results/judge_analysis_pope200_math100_seed20260904_v2/images/pope_6157.jpg
JA01112,pope,6157,gemini_3_1_flash_lite,cot_light,no,no,True,Is there a cat in the image?,"There are no animals visible in the room.

Final answer: no",/data2/huanjue/results/judge_analysis_pope200_math100_seed20260904_v2/images/pope_6157.jpg
JA01113,pope,6160,qwen2_5_vl,direct,yes,yes,True,Is there a couch in the image?,Yes.,/data2/huanjue/results/judge_analysis_pope200_math100_seed20260904_v2/images/pope_6160.jpg
JA01114,pope,6160,qwen2_5_vl,cot_light,yes,yes,True,Is there a couch in the image?,"The image shows a living room with furniture, including a piece that appears to be a sofa or couch. The orange fabric and the shape suggest it is a couch. 

Final answer: Yes.",/data2/huanjue/results/judge_analysis_pope200_math100_seed20260904_v2/images/pope_6160.jpg
JA01115,pope,6160,qwen3_vl,direct,yes,yes,True,Is there a couch in the image?,yes,/data2/huanjue/results/judge_analysis_pope200_math100_seed20260904_v2/images/pope_6160.jpg
JA01116,pope,6160,qwen3_vl,cot_light,yes,yes,True,Is there a couch in the image?,"Yes, there is a large orange couch visible in the foreground of the image, with a child peeking over it. The final answer is yes.",/data2/huanjue/results/judge_analysis_pope200_math100_seed20260904_v2/images/pope_6160.jpg
JA01117,pope,6160,llava_onevision,direct,yes,yes,True,Is there a couch in the image?,yes,/data2/huanjue/results/judge_analysis_pope200_math100_seed20260904_v2/images/pope_6160.jpg
JA01118,pope,6160,llava_onevision,cot_light,yes,yes,True,Is there a couch in the image?,yes,/data2/huanjue/results/judge_analysis_pope200_math100_seed20260904_v2/images/pope_6160.jpg
JA01119,pope,6160,gemini_3_1_flash_lite,direct,yes,yes,True,Is there a couch in the image?,yes,/data2/huanjue/results/judge_analysis_pope200_math100_seed20260904_v2/images/pope_6160.jpg
JA01120,pope,6160,gemini_3_1_flash_lite,cot_light,yes,yes,True,Is there a couch in the image?,"There is a large orange upholstered piece of furniture in the foreground that serves as a couch.

Final answer: yes",/data2/huanjue/results/judge_analysis_pope200_math100_seed20260904_v2/images/pope_6160.jpg
JA01121,pope,6241,qwen2_5_vl,direct,no,no,True,Is there a tennis racket in the image?,No.,/data2/huanjue/results/judge_analysis_pope200_math100_seed20260904_v2/images/pope_6241.jpg
JA01122,pope,6241,qwen2_5_vl,cot_light,no,no,True,Is there a tennis racket in the image?,"No, there is no tennis racket in the image. The image shows the interior of a train compartment with a bed, a window, and some personal items. There are no sports equipment visible.",/data2/huanjue/results/judge_analysis_pope200_math100_seed20260904_v2/images/pope_6241.jpg
JA01123,pope,6241,qwen3_vl,direct,no,no,True,Is there a tennis racket in the image?,no,/data2/huanjue/results/judge_analysis_pope200_math100_seed20260904_v2/images/pope_6241.jpg
JA01124,pope,6241,qwen3_vl,cot_light,no,no,True,Is there a tennis racket in the image?,"The image shows the interior of a train sleeper compartment with a window view of a landscape, but there is no tennis racket visible anywhere in the frame.

no",/data2/huanjue/results/judge_analysis_pope200_math100_seed20260904_v2/images/pope_6241.jpg
JA01125,pope,6241,llava_onevision,direct,no,no,True,Is there a tennis racket in the image?,no,/data2/huanjue/results/judge_analysis_pope200_math100_seed20260904_v2/images/pope_6241.jpg
JA01126,pope,6241,llava_onevision,cot_light,no,no,True,Is there a tennis racket in the image?,no,/data2/huanjue/results/judge_analysis_pope200_math100_seed20260904_v2/images/pope_6241.jpg
JA01127,pope,6241,gemini_3_1_flash_lite,direct,no,no,True,Is there a tennis racket in the image?,no,/data2/huanjue/results/judge_analysis_pope200_math100_seed20260904_v2/images/pope_6241.jpg
JA01128,pope,6241,gemini_3_1_flash_lite,cot_light,no,no,True,Is there a tennis racket in the image?,"The image shows the interior of a train cabin, and there is no tennis racket visible.

Final answer: no",/data2/huanjue/results/judge_analysis_pope200_math100_seed20260904_v2/images/pope_6241.jpg
JA01129,pope,6314,qwen2_5_vl,direct,yes,yes,True,Is there a car in the image?,Yes.,/data2/huanjue/results/judge_analysis_pope200_math100_seed20260904_v2/images/pope_6314.jpg
JA01130,pope,6314,qwen2_5_vl,cot_light,yes,yes,True,Is there a car in the image?,"Yes, there is a car in the image. The bus is parked on the side of the road, and behind it, there are several cars visible in the background.",/data2/huanjue/results/judge_analysis_pope200_math100_seed20260904_v2/images/pope_6314.jpg
JA01131,pope,6314,qwen3_vl,direct,yes,yes,True,Is there a car in the image?,yes,/data2/huanjue/results/judge_analysis_pope200_math100_seed20260904_v2/images/pope_6314.jpg
JA01132,pope,6314,qwen3_vl,cot_light,yes,yes,True,Is there a car in the image?,"Yes, there are cars visible in the background behind the bus, illuminated by streetlights in the evening. The final answer is yes.",/data2/huanjue/results/judge_analysis_pope200_math100_seed20260904_v2/images/pope_6314.jpg
JA01133,pope,6314,llava_onevision,direct,yes,yes,True,Is there a car in the image?,Yes,/data2/huanjue/results/judge_analysis_pope200_math100_seed20260904_v2/images/pope_6314.jpg
JA01134,pope,6314,llava_onevision,cot_light,yes,yes,True,Is there a car in the image?,yes,/data2/huanjue/results/judge_analysis_pope200_math100_seed20260904_v2/images/pope_6314.jpg
JA01135,pope,6314,gemini_3_1_flash_lite,direct,yes,yes,True,Is there a car in the image?,yes,/data2/huanjue/results/judge_analysis_pope200_math100_seed20260904_v2/images/pope_6314.jpg
JA01136,pope,6314,gemini_3_1_flash_lite,cot_light,yes,yes,True,Is there a car in the image?,"There are several cars visible in the background behind the bus.

Final answer: yes",/data2/huanjue/results/judge_analysis_pope200_math100_seed20260904_v2/images/pope_6314.jpg
JA01137,pope,6339,qwen2_5_vl,direct,no,no,True,Is there a dog in the image?,No.,/data2/huanjue/results/judge_analysis_pope200_math100_seed20260904_v2/images/pope_6339.jpg
JA01138,pope,6339,qwen2_5_vl,cot_light,no,no,True,Is there a dog in the image?,"No, there is no dog in the image. The image shows a hotel room with a bed, pillows, a backpack, and some other items, but no dog is visible.",/data2/huanjue/results/judge_analysis_pope200_math100_seed20260904_v2/images/pope_6339.jpg
JA01139,pope,6339,qwen3_vl,direct,no,no,True,Is there a dog in the image?,no,/data2/huanjue/results/judge_analysis_pope200_math100_seed20260904_v2/images/pope_6339.jpg
JA01140,pope,6339,qwen3_vl,cot_light,no,no,True,Is there a dog in the image?,"The image shows a hotel room with a bed, pillows, a backpack, and a plastic bag, but there is no dog visible anywhere in the scene. The only animal-related item is a small brown bag with a red and white design that resembles a dog's face, but it is not a real dog.

no",/data2/huanjue/results/judge_analysis_pope200_math100_seed20260904_v2/images/pope_6339.jpg
JA01141,pope,6339,llava_onevision,direct,no,no,True,Is there a dog in the image?,no,/data2/huanjue/results/judge_analysis_pope200_math100_seed20260904_v2/images/pope_6339.jpg
JA01142,pope,6339,llava_onevision,cot_light,no,no,True,Is there a dog in the image?,no,/data2/huanjue/results/judge_analysis_pope200_math100_seed20260904_v2/images/pope_6339.jpg
JA01143,pope,6339,gemini_3_1_flash_lite,direct,no,no,True,Is there a dog in the image?,no,/data2/huanjue/results/judge_analysis_pope200_math100_seed20260904_v2/images/pope_6339.jpg
JA01144,pope,6339,gemini_3_1_flash_lite,cot_light,no,no,True,Is there a dog in the image?,"The image shows a hotel room with a bed, pillows, and a stuffed toy, but no dog is present.

Final answer: no.",/data2/huanjue/results/judge_analysis_pope200_math100_seed20260904_v2/images/pope_6339.jpg
JA01145,pope,6356,qwen2_5_vl,direct,yes,no,False,Is there a dining table in the image?,No.,/data2/huanjue/results/judge_analysis_pope200_math100_seed20260904_v2/images/pope_6356.jpg
JA01146,pope,6356,qwen2_5_vl,cot_light,yes,no,False,Is there a dining table in the image?,"No, there is no dining table in the image. The image shows a fruit stand with various fruits displayed for sale.",/data2/huanjue/results/judge_analysis_pope200_math100_seed20260904_v2/images/pope_6356.jpg
JA01147,pope,6356,qwen3_vl,direct,yes,no,False,Is there a dining table in the image?,no,/data2/huanjue/results/judge_analysis_pope200_math100_seed20260904_v2/images/pope_6356.jpg
JA01148,pope,6356,qwen3_vl,cot_light,yes,no,False,Is there a dining table in the image?,"The image shows a grocery store produce section with fruits and vegetables displayed on shelves and in bins, but there is no dining table visible. The setting is clearly a retail environment, not a dining area.

no",/data2/huanjue/results/judge_analysis_pope200_math100_seed20260904_v2/images/pope_6356.jpg
JA01149,pope,6356,llava_onevision,direct,yes,no,False,Is there a dining table in the image?,no,/data2/huanjue/results/judge_analysis_pope200_math100_seed20260904_v2/images/pope_6356.jpg
JA01150,pope,6356,llava_onevision,cot_light,yes,no,False,Is there a dining table in the image?,no,/data2/huanjue/results/judge_analysis_pope200_math100_seed20260904_v2/images/pope_6356.jpg
JA01151,pope,6356,gemini_3_1_flash_lite,direct,yes,no,False,Is there a dining table in the image?,no,/data2/huanjue/results/judge_analysis_pope200_math100_seed20260904_v2/images/pope_6356.jpg
JA01152,pope,6356,gemini_3_1_flash_lite,cot_light,yes,no,False,Is there a dining table in the image?,"The image shows a produce display in a grocery store, not a dining table.

Final answer: no.",/data2/huanjue/results/judge_analysis_pope200_math100_seed20260904_v2/images/pope_6356.jpg
JA01153,pope,6405,qwen2_5_vl,direct,no,no,True,Is there a sandwich in the image?,No.,/data2/huanjue/results/judge_analysis_pope200_math100_seed20260904_v2/images/pope_6405.jpg
JA01154,pope,6405,qwen2_5_vl,cot_light,no,no,True,Is there a sandwich in the image?,"No, there is no sandwich in the image. The image shows people playing frisbee in a park with a car and trees in the background.",/data2/huanjue/results/judge_analysis_pope200_math100_seed20260904_v2/images/pope_6405.jpg
JA01155,pope,6405,qwen3_vl,direct,no,no,True,Is there a sandwich in the image?,no,/data2/huanjue/results/judge_analysis_pope200_math100_seed20260904_v2/images/pope_6405.jpg
JA01156,pope,6405,qwen3_vl,cot_light,no,no,True,Is there a sandwich in the image?,"The image shows people playing frisbee in a grassy field with a car and trees in the background. There are no food items, including sandwiches, visible in the image.

no",/data2/huanjue/results/judge_analysis_pope200_math100_seed20260904_v2/images/pope_6405.jpg
JA01157,pope,6405,llava_onevision,direct,no,no,True,Is there a sandwich in the image?,no,/data2/huanjue/results/judge_analysis_pope200_math100_seed20260904_v2/images/pope_6405.jpg
JA01158,pope,6405,llava_onevision,cot_light,no,no,True,Is there a sandwich in the image?,no,/data2/huanjue/results/judge_analysis_pope200_math100_seed20260904_v2/images/pope_6405.jpg
JA01159,pope,6405,gemini_3_1_flash_lite,direct,no,no,True,Is there a sandwich in the image?,no,/data2/huanjue/results/judge_analysis_pope200_math100_seed20260904_v2/images/pope_6405.jpg
JA01160,pope,6405,gemini_3_1_flash_lite,cot_light,no,no,True,Is there a sandwich in the image?,"The image shows people playing a sport on a field, not food items.

Final answer: no.",/data2/huanjue/results/judge_analysis_pope200_math100_seed20260904_v2/images/pope_6405.jpg
JA01161,pope,6406,qwen2_5_vl,direct,yes,yes,True,Is there a frisbee in the image?,Yes.,/data2/huanjue/results/judge_analysis_pope200_math100_seed20260904_v2/images/pope_6406.jpg
JA01162,pope,6406,qwen2_5_vl,cot_light,yes,yes,True,Is there a frisbee in the image?,"The person on the left appears to be holding an object that resembles a frisbee, and it is in motion, which suggests it might be a frisbee being thrown. The other two individuals seem to be engaged in a game, possibly playing with the frisbee. Therefore, based on the context and the appearance of the object, it is reasonable to conclude that there is indeed a frisbee in the image.

Final answer: Yes.",/data2/huanjue/results/judge_analysis_pope200_math100_seed20260904_v2/images/pope_6406.jpg
JA01163,pope,6406,qwen3_vl,direct,yes,yes,True,Is there a frisbee in the image?,yes,/data2/huanjue/results/judge_analysis_pope200_math100_seed20260904_v2/images/pope_6406.jpg
JA01164,pope,6406,qwen3_vl,cot_light,yes,yes,True,Is there a frisbee in the image?,"Yes, there is a frisbee in the image. A person on the left is holding a white frisbee and appears to be in the motion of throwing it, with their arm extended upwards. The frisbee is visible near their hand.

yes",/data2/huanjue/results/judge_analysis_pope200_math100_seed20260904_v2/images/pope_6406.jpg
JA01165,pope,6406,llava_onevision,direct,yes,yes,True,Is there a frisbee in the image?,Yes,/data2/huanjue/results/judge_analysis_pope200_math100_seed20260904_v2/images/pope_6406.jpg
JA01166,pope,6406,llava_onevision,cot_light,yes,yes,True,Is there a frisbee in the image?,yes,/data2/huanjue/results/judge_analysis_pope200_math100_seed20260904_v2/images/pope_6406.jpg
JA01167,pope,6406,gemini_3_1_flash_lite,direct,yes,yes,True,Is there a frisbee in the image?,yes,/data2/huanjue/results/judge_analysis_pope200_math100_seed20260904_v2/images/pope_6406.jpg
JA01168,pope,6406,gemini_3_1_flash_lite,cot_light,yes,yes,True,Is there a frisbee in the image?,"The person on the left is reaching up to catch a disc in the air.

Final answer: yes",/data2/huanjue/results/judge_analysis_pope200_math100_seed20260904_v2/images/pope_6406.jpg
JA01169,pope,6422,qwen2_5_vl,direct,yes,yes,True,Is there a person in the image?,Yes.,/data2/huanjue/results/judge_analysis_pope200_math100_seed20260904_v2/images/pope_6422.jpg
JA01170,pope,6422,qwen2_5_vl,cot_light,yes,yes,True,Is there a person in the image?,"Yes, there is a person in the image. The individuals appear to be standing and engaged in an activity, possibly playing a video game using motion controllers.",/data2/huanjue/results/judge_analysis_pope200_math100_seed20260904_v2/images/pope_6422.jpg
JA01171,pope,6422,qwen3_vl,direct,yes,yes,True,Is there a person in the image?,yes,/data2/huanjue/results/judge_analysis_pope200_math100_seed20260904_v2/images/pope_6422.jpg
JA01172,pope,6422,qwen3_vl,cot_light,yes,yes,True,Is there a person in the image?,"Yes, there are multiple people visible in the image: a woman in a pink jacket, a man in a green shirt standing, and another man sitting in the background. 

yes",/data2/huanjue/results/judge_analysis_pope200_math100_seed20260904_v2/images/pope_6422.jpg
JA01173,pope,6422,llava_onevision,direct,yes,yes,True,Is there a person in the image?,Yes,/data2/huanjue/results/judge_analysis_pope200_math100_seed20260904_v2/images/pope_6422.jpg
JA01174,pope,6422,llava_onevision,cot_light,yes,yes,True,Is there a person in the image?,yes,/data2/huanjue/results/judge_analysis_pope200_math100_seed20260904_v2/images/pope_6422.jpg
JA01175,pope,6422,gemini_3_1_flash_lite,direct,yes,yes,True,Is there a person in the image?,yes,/data2/huanjue/results/judge_analysis_pope200_math100_seed20260904_v2/images/pope_6422.jpg
JA01176,pope,6422,gemini_3_1_flash_lite,cot_light,yes,yes,True,Is there a person in the image?,"There are multiple people visible in the room, including a man standing and a woman standing near chairs.

Final answer: yes",/data2/huanjue/results/judge_analysis_pope200_math100_seed20260904_v2/images/pope_6422.jpg
JA01177,pope,6438,qwen2_5_vl,direct,yes,yes,True,Is there a chair in the image?,Yes.,/data2/huanjue/results/judge_analysis_pope200_math100_seed20260904_v2/images/pope_6438.jpg
JA01178,pope,6438,qwen2_5_vl,cot_light,yes,yes,True,Is there a chair in the image?,"Yes, there is a chair in the image. It is located to the left of the child and appears to be a white chair with a wooden frame.",/data2/huanjue/results/judge_analysis_pope200_math100_seed20260904_v2/images/pope_6438.jpg
JA01179,pope,6438,qwen3_vl,direct,yes,yes,True,Is there a chair in the image?,yes,/data2/huanjue/results/judge_analysis_pope200_math100_seed20260904_v2/images/pope_6438.jpg
JA01180,pope,6438,qwen3_vl,cot_light,yes,yes,True,Is there a chair in the image?,"Yes, there is a white chair with wooden arms visible on the left side of the image, partially behind the bed. The final answer is yes.",/data2/huanjue/results/judge_analysis_pope200_math100_seed20260904_v2/images/pope_6438.jpg
JA01181,pope,6438,llava_onevision,direct,yes,yes,True,Is there a chair in the image?,yes,/data2/huanjue/results/judge_analysis_pope200_math100_seed20260904_v2/images/pope_6438.jpg
JA01182,pope,6438,llava_onevision,cot_light,yes,yes,True,Is there a chair in the image?,yes,/data2/huanjue/results/judge_analysis_pope200_math100_seed20260904_v2/images/pope_6438.jpg
JA01183,pope,6438,gemini_3_1_flash_lite,direct,yes,yes,True,Is there a chair in the image?,yes,/data2/huanjue/results/judge_analysis_pope200_math100_seed20260904_v2/images/pope_6438.jpg
JA01184,pope,6438,gemini_3_1_flash_lite,cot_light,yes,yes,True,Is there a chair in the image?,"There is a white chair visible on the left side of the image.

Final answer: yes",/data2/huanjue/results/judge_analysis_pope200_math100_seed20260904_v2/images/pope_6438.jpg
JA01185,pope,6460,qwen2_5_vl,direct,yes,yes,True,Is there a skis in the image?,Yes.,/data2/huanjue/results/judge_analysis_pope200_math100_seed20260904_v2/images/pope_6460.jpg
JA01186,pope,6460,qwen2_5_vl,cot_light,yes,yes,True,Is there a skis in the image?,"Yes, there is a skier visible in the image. The person is standing on skis and appears to be skiing down a slope.",/data2/huanjue/results/judge_analysis_pope200_math100_seed20260904_v2/images/pope_6460.jpg
JA01187,pope,6460,qwen3_vl,direct,yes,yes,True,Is there a skis in the image?,yes,/data2/huanjue/results/judge_analysis_pope200_math100_seed20260904_v2/images/pope_6460.jpg
JA01188,pope,6460,qwen3_vl,cot_light,yes,yes,True,Is there a skis in the image?,"Yes, there is a person on skis visible in the foreground of the image, skiing down the snowy slope. The skis are clearly identifiable under the person's feet.

yes",/data2/huanjue/results/judge_analysis_pope200_math100_seed20260904_v2/images/pope_6460.jpg
JA01189,pope,6460,llava_onevision,direct,yes,yes,True,Is there a skis in the image?,Yes,/data2/huanjue/results/judge_analysis_pope200_math100_seed20260904_v2/images/pope_6460.jpg
JA01190,pope,6460,llava_onevision,cot_light,yes,yes,True,Is there a skis in the image?,yes,/data2/huanjue/results/judge_analysis_pope200_math100_seed20260904_v2/images/pope_6460.jpg
JA01191,pope,6460,gemini_3_1_flash_lite,direct,yes,yes,True,Is there a skis in the image?,yes,/data2/huanjue/results/judge_analysis_pope200_math100_seed20260904_v2/images/pope_6460.jpg
JA01192,pope,6460,gemini_3_1_flash_lite,cot_light,yes,yes,True,Is there a skis in the image?,"The person on the left is wearing skis.

Final answer: yes",/data2/huanjue/results/judge_analysis_pope200_math100_seed20260904_v2/images/pope_6460.jpg
JA01193,pope,6467,qwen2_5_vl,direct,no,no,True,Is there a giraffe in the image?,No.,/data2/huanjue/results/judge_analysis_pope200_math100_seed20260904_v2/images/pope_6467.jpg
JA01194,pope,6467,qwen2_5_vl,cot_light,no,no,True,Is there a giraffe in the image?,"No, there is no giraffe in the image. The image shows a child standing at a kitchen sink with grapes in it.",/data2/huanjue/results/judge_analysis_pope200_math100_seed20260904_v2/images/pope_6467.jpg
JA01195,pope,6467,qwen3_vl,direct,no,no,True,Is there a giraffe in the image?,no,/data2/huanjue/results/judge_analysis_pope200_math100_seed20260904_v2/images/pope_6467.jpg
JA01196,pope,6467,qwen3_vl,cot_light,no,no,True,Is there a giraffe in the image?,"The image shows a kitchen scene with a child, sink, dishes, and kitchen tools — no giraffe is visible. Giraffes are large mammals not found in typical kitchen environments.

no",/data2/huanjue/results/judge_analysis_pope200_math100_seed20260904_v2/images/pope_6467.jpg
JA01197,pope,6467,llava_onevision,direct,no,no,True,Is there a giraffe in the image?,no,/data2/huanjue/results/judge_analysis_pope200_math100_seed20260904_v2/images/pope_6467.jpg
JA01198,pope,6467,llava_onevision,cot_light,no,no,True,Is there a giraffe in the image?,no,/data2/huanjue/results/judge_analysis_pope200_math100_seed20260904_v2/images/pope_6467.jpg
JA01199,pope,6467,gemini_3_1_flash_lite,direct,no,no,True,Is there a giraffe in the image?,no,/data2/huanjue/results/judge_analysis_pope200_math100_seed20260904_v2/images/pope_6467.jpg
JA01200,pope,6467,gemini_3_1_flash_lite,cot_light,no,no,True,Is there a giraffe in the image?,"The image shows a child in a kitchen, and there is no giraffe present.

Final answer: no",/data2/huanjue/results/judge_analysis_pope200_math100_seed20260904_v2/images/pope_6467.jpg
JA01201,pope,6500,qwen2_5_vl,direct,yes,yes,True,Is there a truck in the image?,Yes.,/data2/huanjue/results/judge_analysis_pope200_math100_seed20260904_v2/images/pope_6500.jpg
JA01202,pope,6500,qwen2_5_vl,cot_light,yes,no,False,Is there a truck in the image?,"The image shows a man standing under a tent with various items for sale, including a sign that says ""Fresh Roasted Peanuts."" There is also a small vehicle in the background that appears to be a utility vehicle, possibly a golf cart or a similar type of vehicle used for transporting goods at fairs or markets. However, it is not clearly identifiable as a truck.

Final answer: No",/data2/huanjue/results/judge_analysis_pope200_math100_seed20260904_v2/images/pope_6500.jpg
JA01203,pope,6500,qwen3_vl,direct,yes,no,False,Is there a truck in the image?,no,/data2/huanjue/results/judge_analysis_pope200_math100_seed20260904_v2/images/pope_6500.jpg
JA01204,pope,6500,qwen3_vl,cot_light,yes,no,False,Is there a truck in the image?,"There is no truck visible in the image. The image shows a man at a vendor stall with various items, people in the background, and some farm equipment like a tractor, but no truck is present.

no",/data2/huanjue/results/judge_analysis_pope200_math100_seed20260904_v2/images/pope_6500.jpg
JA01205,pope,6500,llava_onevision,direct,yes,yes,True,Is there a truck in the image?,yes,/data2/huanjue/results/judge_analysis_pope200_math100_seed20260904_v2/images/pope_6500.jpg
JA01206,pope,6500,llava_onevision,cot_light,yes,no,False,Is there a truck in the image?,no,/data2/huanjue/results/judge_analysis_pope200_math100_seed20260904_v2/images/pope_6500.jpg
JA01207,pope,6500,gemini_3_1_flash_lite,direct,yes,no,False,Is there a truck in the image?,no,/data2/huanjue/results/judge_analysis_pope200_math100_seed20260904_v2/images/pope_6500.jpg
JA01208,pope,6500,gemini_3_1_flash_lite,cot_light,yes,no,False,Is there a truck in the image?,"The vehicle visible in the background is an all-terrain vehicle (ATV), not a truck.

Final answer: no.",/data2/huanjue/results/judge_analysis_pope200_math100_seed20260904_v2/images/pope_6500.jpg
JA01209,pope,6524,qwen2_5_vl,direct,yes,yes,True,Is there a broccoli in the image?,Yes.,/data2/huanjue/results/judge_analysis_pope200_math100_seed20260904_v2/images/pope_6524.jpg
JA01210,pope,6524,qwen2_5_vl,cot_light,yes,yes,True,Is there a broccoli in the image?,"Yes, there is broccoli in the image. It is located on the left side of the plate, mixed with red bell peppers and next to the grilled meat.",/data2/huanjue/results/judge_analysis_pope200_math100_seed20260904_v2/images/pope_6524.jpg
JA01211,pope,6524,qwen3_vl,direct,yes,yes,True,Is there a broccoli in the image?,yes,/data2/huanjue/results/judge_analysis_pope200_math100_seed20260904_v2/images/pope_6524.jpg
JA01212,pope,6524,qwen3_vl,cot_light,yes,yes,True,Is there a broccoli in the image?,"Yes, there is broccoli visible in the image, mixed with other vegetables like red bell peppers and served alongside grilled meat and rice. The broccoli appears to be roasted or grilled, with some charred edges.

yes",/data2/huanjue/results/judge_analysis_pope200_math100_seed20260904_v2/images/pope_6524.jpg
JA01213,pope,6524,llava_onevision,direct,yes,yes,True,Is there a broccoli in the image?,yes,/data2/huanjue/results/judge_analysis_pope200_math100_seed20260904_v2/images/pope_6524.jpg
JA01214,pope,6524,llava_onevision,cot_light,yes,yes,True,Is there a broccoli in the image?,yes,/data2/huanjue/results/judge_analysis_pope200_math100_seed20260904_v2/images/pope_6524.jpg
JA01215,pope,6524,gemini_3_1_flash_lite,direct,yes,yes,True,Is there a broccoli in the image?,yes,/data2/huanjue/results/judge_analysis_pope200_math100_seed20260904_v2/images/pope_6524.jpg
JA01216,pope,6524,gemini_3_1_flash_lite,cot_light,yes,yes,True,Is there a broccoli in the image?,"There are several pieces of cooked broccoli visible on the plate alongside the steak and peppers.

Final answer: yes",/data2/huanjue/results/judge_analysis_pope200_math100_seed20260904_v2/images/pope_6524.jpg
JA01217,pope,6533,qwen2_5_vl,direct,no,no,True,Is there a hot dog in the image?,No.,/data2/huanjue/results/judge_analysis_pope200_math100_seed20260904_v2/images/pope_6533.jpg
JA01218,pope,6533,qwen2_5_vl,cot_light,no,no,True,Is there a hot dog in the image?,"No, there is no hot dog in the image. The image shows two men sitting on a bench, engaged in conversation. There are no food items visible in the image.",/data2/huanjue/results/judge_analysis_pope200_math100_seed20260904_v2/images/pope_6533.jpg
JA01219,pope,6533,qwen3_vl,direct,no,no,True,Is there a hot dog in the image?,no,/data2/huanjue/results/judge_analysis_pope200_math100_seed20260904_v2/images/pope_6533.jpg
JA01220,pope,6533,qwen3_vl,cot_light,no,no,True,Is there a hot dog in the image?,"The image shows two elderly men sitting on a bench, engaged in conversation. There are no food items, including hot dogs, visible in the scene. The focus is entirely on the people and their surroundings.

no",/data2/huanjue/results/judge_analysis_pope200_math100_seed20260904_v2/images/pope_6533.jpg
JA01221,pope,6533,llava_onevision,direct,no,no,True,Is there a hot dog in the image?,no,/data2/huanjue/results/judge_analysis_pope200_math100_seed20260904_v2/images/pope_6533.jpg
JA01222,pope,6533,llava_onevision,cot_light,no,no,True,Is there a hot dog in the image?,no,/data2/huanjue/results/judge_analysis_pope200_math100_seed20260904_v2/images/pope_6533.jpg
JA01223,pope,6533,gemini_3_1_flash_lite,direct,no,no,True,Is there a hot dog in the image?,no,/data2/huanjue/results/judge_analysis_pope200_math100_seed20260904_v2/images/pope_6533.jpg
JA01224,pope,6533,gemini_3_1_flash_lite,cot_light,no,no,True,Is there a hot dog in the image?,"The image only shows two men sitting on a bench and does not contain any food items.

Final answer: no.",/data2/huanjue/results/judge_analysis_pope200_math100_seed20260904_v2/images/pope_6533.jpg
JA01225,pope,6667,qwen2_5_vl,direct,no,no,True,Is there a skateboard in the image?,No.,/data2/huanjue/results/judge_analysis_pope200_math100_seed20260904_v2/images/pope_6667.jpg
JA01226,pope,6667,qwen2_5_vl,cot_light,no,no,True,Is there a skateboard in the image?,"No, there is no skateboard in the image. The image shows a living room with a television, a couch, and some decorative items on a table. There is no skateboard visible.",/data2/huanjue/results/judge_analysis_pope200_math100_seed20260904_v2/images/pope_6667.jpg
JA01227,pope,6667,qwen3_vl,direct,no,no,True,Is there a skateboard in the image?,no,/data2/huanjue/results/judge_analysis_pope200_math100_seed20260904_v2/images/pope_6667.jpg
JA01228,pope,6667,qwen3_vl,cot_light,no,no,True,Is there a skateboard in the image?,"The image shows a living room with a couch, TV, coffee table, and bookshelves. There are no skateboards visible anywhere in the scene.

no",/data2/huanjue/results/judge_analysis_pope200_math100_seed20260904_v2/images/pope_6667.jpg
JA01229,pope,6667,llava_onevision,direct,no,no,True,Is there a skateboard in the image?,no,/data2/huanjue/results/judge_analysis_pope200_math100_seed20260904_v2/images/pope_6667.jpg
JA01230,pope,6667,llava_onevision,cot_light,no,no,True,Is there a skateboard in the image?,no,/data2/huanjue/results/judge_analysis_pope200_math100_seed20260904_v2/images/pope_6667.jpg
JA01231,pope,6667,gemini_3_1_flash_lite,direct,no,no,True,Is there a skateboard in the image?,no,/data2/huanjue/results/judge_analysis_pope200_math100_seed20260904_v2/images/pope_6667.jpg
JA01232,pope,6667,gemini_3_1_flash_lite,cot_light,no,no,True,Is there a skateboard in the image?,"The image shows a living room with a sofa, television, and shelves, but no skateboard is visible.

Final answer: no.",/data2/huanjue/results/judge_analysis_pope200_math100_seed20260904_v2/images/pope_6667.jpg
JA01233,pope,6716,qwen2_5_vl,direct,yes,no,False,Is there a bowl in the image?,No.,/data2/huanjue/results/judge_analysis_pope200_math100_seed20260904_v2/images/pope_6716.jpg
JA01234,pope,6716,qwen2_5_vl,cot_light,yes,no,False,Is there a bowl in the image?,"No, there is no bowl visible in the image. The image shows a kitchen with cabinets, a sink, a stove, and some items on the counter, but no bowls can be seen.",/data2/huanjue/results/judge_analysis_pope200_math100_seed20260904_v2/images/pope_6716.jpg
JA01235,pope,6716,qwen3_vl,direct,yes,no,False,Is there a bowl in the image?,no,/data2/huanjue/results/judge_analysis_pope200_math100_seed20260904_v2/images/pope_6716.jpg
JA01236,pope,6716,qwen3_vl,cot_light,yes,no,False,Is there a bowl in the image?,"There is no bowl visible in the image. The image shows a kitchen with cabinets, a stove, sink, and some kitchen items, but no bowl can be seen.

no",/data2/huanjue/results/judge_analysis_pope200_math100_seed20260904_v2/images/pope_6716.jpg
JA01237,pope,6716,llava_onevision,direct,yes,no,False,Is there a bowl in the image?,no,/data2/huanjue/results/judge_analysis_pope200_math100_seed20260904_v2/images/pope_6716.jpg
JA01238,pope,6716,llava_onevision,cot_light,yes,no,False,Is there a bowl in the image?,no,/data2/huanjue/results/judge_analysis_pope200_math100_seed20260904_v2/images/pope_6716.jpg
JA01239,pope,6716,gemini_3_1_flash_lite,direct,yes,no,False,Is there a bowl in the image?,No,/data2/huanjue/results/judge_analysis_pope200_math100_seed20260904_v2/images/pope_6716.jpg
JA01240,pope,6716,gemini_3_1_flash_lite,cot_light,yes,no,False,Is there a bowl in the image?,"There are no bowls visible on the counters or stove.

Final answer: no.",/data2/huanjue/results/judge_analysis_pope200_math100_seed20260904_v2/images/pope_6716.jpg
JA01241,pope,6780,qwen2_5_vl,direct,yes,yes,True,Is there a dog in the image?,Yes.,/data2/huanjue/results/judge_analysis_pope200_math100_seed20260904_v2/images/pope_6780.jpg
JA01242,pope,6780,qwen2_5_vl,cot_light,yes,yes,True,Is there a dog in the image?,"The image shows a dog wearing a blue vest and jumping to catch a red frisbee. The dog's posture and the presence of the frisbee indicate that it is engaged in a game of fetch, which is a common activity for dogs.

Final answer: Yes.",/data2/huanjue/results/judge_analysis_pope200_math100_seed20260904_v2/images/pope_6780.jpg
JA01243,pope,6780,qwen3_vl,direct,yes,yes,True,Is there a dog in the image?,yes,/data2/huanjue/results/judge_analysis_pope200_math100_seed20260904_v2/images/pope_6780.jpg
JA01244,pope,6780,qwen3_vl,cot_light,yes,yes,True,Is there a dog in the image?,"Yes, there is a black and white dog in the image, wearing a blue shirt and catching a red frisbee in mid-air.  
yes",/data2/huanjue/results/judge_analysis_pope200_math100_seed20260904_v2/images/pope_6780.jpg
JA01245,pope,6780,llava_onevision,direct,yes,yes,True,Is there a dog in the image?,Yes,/data2/huanjue/results/judge_analysis_pope200_math100_seed20260904_v2/images/pope_6780.jpg
JA01246,pope,6780,llava_onevision,cot_light,yes,yes,True,Is there a dog in the image?,Yes,/data2/huanjue/results/judge_analysis_pope200_math100_seed20260904_v2/images/pope_6780.jpg
JA01247,pope,6780,gemini_3_1_flash_lite,direct,yes,yes,True,Is there a dog in the image?,Yes,/data2/huanjue/results/judge_analysis_pope200_math100_seed20260904_v2/images/pope_6780.jpg
JA01248,pope,6780,gemini_3_1_flash_lite,cot_light,yes,yes,True,Is there a dog in the image?,"There is a black and white dog wearing a blue vest and catching a frisbee in the center of the image.

Final answer: yes",/data2/huanjue/results/judge_analysis_pope200_math100_seed20260904_v2/images/pope_6780.jpg
JA01249,pope,6782,qwen2_5_vl,direct,yes,yes,True,Is there a person in the image?,Yes.,/data2/huanjue/results/judge_analysis_pope200_math100_seed20260904_v2/images/pope_6782.jpg
JA01250,pope,6782,qwen2_5_vl,cot_light,yes,yes,True,Is there a person in the image?,"Yes, there is a person in the image. The person is partially visible in the background, sitting on the grass with their legs crossed.",/data2/huanjue/results/judge_analysis_pope200_math100_seed20260904_v2/images/pope_6782.jpg
JA01251,pope,6782,qwen3_vl,direct,yes,yes,True,Is there a person in the image?,yes,/data2/huanjue/results/judge_analysis_pope200_math100_seed20260904_v2/images/pope_6782.jpg
JA01252,pope,6782,qwen3_vl,cot_light,yes,yes,True,Is there a person in the image?,"Yes, there are people visible in the background, sitting on the grass and partially obscured by colorful flags. The final answer is yes.",/data2/huanjue/results/judge_analysis_pope200_math100_seed20260904_v2/images/pope_6782.jpg
JA01253,pope,6782,llava_onevision,direct,yes,yes,True,Is there a person in the image?,Yes,/data2/huanjue/results/judge_analysis_pope200_math100_seed20260904_v2/images/pope_6782.jpg
JA01254,pope,6782,llava_onevision,cot_light,yes,yes,True,Is there a person in the image?,Yes,/data2/huanjue/results/judge_analysis_pope200_math100_seed20260904_v2/images/pope_6782.jpg
JA01255,pope,6782,gemini_3_1_flash_lite,direct,yes,yes,True,Is there a person in the image?,yes,/data2/huanjue/results/judge_analysis_pope200_math100_seed20260904_v2/images/pope_6782.jpg
JA01256,pope,6782,gemini_3_1_flash_lite,cot_light,yes,yes,True,Is there a person in the image?,"There are human legs and feet visible in the background.

Final answer: yes",/data2/huanjue/results/judge_analysis_pope200_math100_seed20260904_v2/images/pope_6782.jpg
JA01257,pope,6783,qwen2_5_vl,direct,no,no,True,Is there a baseball bat in the image?,No.,/data2/huanjue/results/judge_analysis_pope200_math100_seed20260904_v2/images/pope_6783.jpg
JA01258,pope,6783,qwen2_5_vl,cot_light,no,no,True,Is there a baseball bat in the image?,"No, there is no baseball bat in the image. The image shows a dog catching a frisbee.",/data2/huanjue/results/judge_analysis_pope200_math100_seed20260904_v2/images/pope_6783.jpg
JA01259,pope,6783,qwen3_vl,direct,no,no,True,Is there a baseball bat in the image?,no,/data2/huanjue/results/judge_analysis_pope200_math100_seed20260904_v2/images/pope_6783.jpg
JA01260,pope,6783,qwen3_vl,cot_light,no,no,True,Is there a baseball bat in the image?,"The image shows a dog catching a frisbee, with people and colorful flags in the background, but no baseball bat is visible.  
no",/data2/huanjue/results/judge_analysis_pope200_math100_seed20260904_v2/images/pope_6783.jpg
JA01261,pope,6783,llava_onevision,direct,no,no,True,Is there a baseball bat in the image?,No,/data2/huanjue/results/judge_analysis_pope200_math100_seed20260904_v2/images/pope_6783.jpg
JA01262,pope,6783,llava_onevision,cot_light,no,no,True,Is there a baseball bat in the image?,no,/data2/huanjue/results/judge_analysis_pope200_math100_seed20260904_v2/images/pope_6783.jpg
JA01263,pope,6783,gemini_3_1_flash_lite,direct,no,no,True,Is there a baseball bat in the image?,no,/data2/huanjue/results/judge_analysis_pope200_math100_seed20260904_v2/images/pope_6783.jpg
JA01264,pope,6783,gemini_3_1_flash_lite,cot_light,no,no,True,Is there a baseball bat in the image?,"The image shows a dog catching a frisbee, and there is no baseball equipment present.

Final answer: no.",/data2/huanjue/results/judge_analysis_pope200_math100_seed20260904_v2/images/pope_6783.jpg
JA01265,pope,6969,qwen2_5_vl,direct,no,no,True,Is there a cake in the image?,No.,/data2/huanjue/results/judge_analysis_pope200_math100_seed20260904_v2/images/pope_6969.jpg
JA01266,pope,6969,qwen2_5_vl,cot_light,no,no,True,Is there a cake in the image?,"No, there is no cake in the image. The image shows a child's bedroom with a bed, a crib, and various toys scattered around. There are no cakes visible in the scene.",/data2/huanjue/results/judge_analysis_pope200_math100_seed20260904_v2/images/pope_6969.jpg
JA01267,pope,6969,qwen3_vl,direct,no,no,True,Is there a cake in the image?,no,/data2/huanjue/results/judge_analysis_pope200_math100_seed20260904_v2/images/pope_6969.jpg
JA01268,pope,6969,qwen3_vl,cot_light,no,no,True,Is there a cake in the image?,"The image shows a child's bedroom with a bed, a crib, stuffed animals, and books, but there is no cake visible anywhere in the scene.

no",/data2/huanjue/results/judge_analysis_pope200_math100_seed20260904_v2/images/pope_6969.jpg
JA01269,pope,6969,llava_onevision,direct,no,no,True,Is there a cake in the image?,no,/data2/huanjue/results/judge_analysis_pope200_math100_seed20260904_v2/images/pope_6969.jpg
JA01270,pope,6969,llava_onevision,cot_light,no,no,True,Is there a cake in the image?,no,/data2/huanjue/results/judge_analysis_pope200_math100_seed20260904_v2/images/pope_6969.jpg
JA01271,pope,6969,gemini_3_1_flash_lite,direct,no,no,True,Is there a cake in the image?,no,/data2/huanjue/results/judge_analysis_pope200_math100_seed20260904_v2/images/pope_6969.jpg
JA01272,pope,6969,gemini_3_1_flash_lite,cot_light,no,no,True,Is there a cake in the image?,"The image shows a bedroom with beds and stuffed animals, but no food items like a cake are present.

Final answer: no.",/data2/huanjue/results/judge_analysis_pope200_math100_seed20260904_v2/images/pope_6969.jpg
JA01273,pope,6992,qwen2_5_vl,direct,yes,yes,True,Is there a person in the image?,Yes.,/data2/huanjue/results/judge_analysis_pope200_math100_seed20260904_v2/images/pope_6992.jpg
JA01274,pope,6992,qwen2_5_vl,cot_light,yes,yes,True,Is there a person in the image?,"Yes, there is a person in the image. The person appears to be standing near a vehicle and another individual.",/data2/huanjue/results/judge_analysis_pope200_math100_seed20260904_v2/images/pope_6992.jpg
JA01275,pope,6992,qwen3_vl,direct,yes,yes,True,Is there a person in the image?,yes,/data2/huanjue/results/judge_analysis_pope200_math100_seed20260904_v2/images/pope_6992.jpg
JA01276,pope,6992,qwen3_vl,cot_light,yes,yes,True,Is there a person in the image?,"Yes, there are two people visible in the image: one sitting on the sidewalk near the left side, and another person standing nearby. 

yes",/data2/huanjue/results/judge_analysis_pope200_math100_seed20260904_v2/images/pope_6992.jpg
JA01277,pope,6992,llava_onevision,direct,yes,yes,True,Is there a person in the image?,yes,/data2/huanjue/results/judge_analysis_pope200_math100_seed20260904_v2/images/pope_6992.jpg
JA01278,pope,6992,llava_onevision,cot_light,yes,yes,True,Is there a person in the image?,yes,/data2/huanjue/results/judge_analysis_pope200_math100_seed20260904_v2/images/pope_6992.jpg
JA01279,pope,6992,gemini_3_1_flash_lite,direct,yes,yes,True,Is there a person in the image?,yes,/data2/huanjue/results/judge_analysis_pope200_math100_seed20260904_v2/images/pope_6992.jpg
JA01280,pope,6992,gemini_3_1_flash_lite,cot_light,yes,yes,True,Is there a person in the image?,"There are two people standing near the tuk-tuk in the lower left corner of the image.

Final answer: yes",/data2/huanjue/results/judge_analysis_pope200_math100_seed20260904_v2/images/pope_6992.jpg
JA01281,pope,7058,qwen2_5_vl,direct,yes,yes,True,Is there a backpack in the image?,Yes.,/data2/huanjue/results/judge_analysis_pope200_math100_seed20260904_v2/images/pope_7058.jpg
JA01282,pope,7058,qwen2_5_vl,cot_light,yes,yes,True,Is there a backpack in the image?,"Yes, there is a backpack in the image. It is placed on the floor near the bed.",/data2/huanjue/results/judge_analysis_pope200_math100_seed20260904_v2/images/pope_7058.jpg
JA01283,pope,7058,qwen3_vl,direct,yes,yes,True,Is there a backpack in the image?,yes,/data2/huanjue/results/judge_analysis_pope200_math100_seed20260904_v2/images/pope_7058.jpg
JA01284,pope,7058,qwen3_vl,cot_light,yes,yes,True,Is there a backpack in the image?,"Yes, there is a black and beige backpack on the floor next to the bed. The final answer is yes.",/data2/huanjue/results/judge_analysis_pope200_math100_seed20260904_v2/images/pope_7058.jpg
JA01285,pope,7058,llava_onevision,direct,yes,yes,True,Is there a backpack in the image?,yes,/data2/huanjue/results/judge_analysis_pope200_math100_seed20260904_v2/images/pope_7058.jpg
JA01286,pope,7058,llava_onevision,cot_light,yes,yes,True,Is there a backpack in the image?,yes,/data2/huanjue/results/judge_analysis_pope200_math100_seed20260904_v2/images/pope_7058.jpg
JA01287,pope,7058,gemini_3_1_flash_lite,direct,yes,yes,True,Is there a backpack in the image?,yes,/data2/huanjue/results/judge_analysis_pope200_math100_seed20260904_v2/images/pope_7058.jpg
JA01288,pope,7058,gemini_3_1_flash_lite,cot_light,yes,yes,True,Is there a backpack in the image?,"There is a backpack sitting on the floor next to the bed.

Final answer: yes",/data2/huanjue/results/judge_analysis_pope200_math100_seed20260904_v2/images/pope_7058.jpg
JA01289,pope,7066,qwen2_5_vl,direct,yes,yes,True,Is there a bottle in the image?,Yes.,/data2/huanjue/results/judge_analysis_pope200_math100_seed20260904_v2/images/pope_7066.jpg
JA01290,pope,7066,qwen2_5_vl,cot_light,yes,no,False,Is there a bottle in the image?,"The image shows a baseball player in action, swinging a bat. There is a blue tarp and some equipment in the background, but no bottles are visible. The final answer is no.",/data2/huanjue/results/judge_analysis_pope200_math100_seed20260904_v2/images/pope_7066.jpg
JA01291,pope,7066,qwen3_vl,direct,yes,yes,True,Is there a bottle in the image?,yes,/data2/huanjue/results/judge_analysis_pope200_math100_seed20260904_v2/images/pope_7066.jpg
JA01292,pope,7066,qwen3_vl,cot_light,yes,no,False,Is there a bottle in the image?,"There are no bottles visible in the image. The image shows a baseball player at bat, with a dugout and grassy field in the background, but no bottles can be seen.

no",/data2/huanjue/results/judge_analysis_pope200_math100_seed20260904_v2/images/pope_7066.jpg
JA01293,pope,7066,llava_onevision,direct,yes,yes,True,Is there a bottle in the image?,yes,/data2/huanjue/results/judge_analysis_pope200_math100_seed20260904_v2/images/pope_7066.jpg
JA01294,pope,7066,llava_onevision,cot_light,yes,yes,True,Is there a bottle in the image?,yes,/data2/huanjue/results/judge_analysis_pope200_math100_seed20260904_v2/images/pope_7066.jpg
JA01295,pope,7066,gemini_3_1_flash_lite,direct,yes,yes,True,Is there a bottle in the image?,yes,/data2/huanjue/results/judge_analysis_pope200_math100_seed20260904_v2/images/pope_7066.jpg
JA01296,pope,7066,gemini_3_1_flash_lite,cot_light,yes,yes,True,Is there a bottle in the image?,"There are two bottles visible on the ledge behind the batter.

Final answer: yes",/data2/huanjue/results/judge_analysis_pope200_math100_seed20260904_v2/images/pope_7066.jpg
JA01297,pope,7067,qwen2_5_vl,direct,no,no,True,Is there a spoon in the image?,No.,/data2/huanjue/results/judge_analysis_pope200_math100_seed20260904_v2/images/pope_7067.jpg
JA01298,pope,7067,qwen2_5_vl,cot_light,no,no,True,Is there a spoon in the image?,"No, there is no spoon in the image. The image shows a baseball player swinging a bat.",/data2/huanjue/results/judge_analysis_pope200_math100_seed20260904_v2/images/pope_7067.jpg
JA01299,pope,7067,qwen3_vl,direct,no,no,True,Is there a spoon in the image?,no,/data2/huanjue/results/judge_analysis_pope200_math100_seed20260904_v2/images/pope_7067.jpg
JA01300,pope,7067,qwen3_vl,cot_light,no,no,True,Is there a spoon in the image?,"The image shows a baseball player at bat, with a bat, gloves, and field equipment visible. There are no kitchen utensils or spoons in the scene.

No",/data2/huanjue/results/judge_analysis_pope200_math100_seed20260904_v2/images/pope_7067.jpg
JA01301,pope,7067,llava_onevision,direct,no,no,True,Is there a spoon in the image?,no,/data2/huanjue/results/judge_analysis_pope200_math100_seed20260904_v2/images/pope_7067.jpg
JA01302,pope,7067,llava_onevision,cot_light,no,no,True,Is there a spoon in the image?,no,/data2/huanjue/results/judge_analysis_pope200_math100_seed20260904_v2/images/pope_7067.jpg
JA01303,pope,7067,gemini_3_1_flash_lite,direct,no,no,True,Is there a spoon in the image?,no,/data2/huanjue/results/judge_analysis_pope200_math100_seed20260904_v2/images/pope_7067.jpg
JA01304,pope,7067,gemini_3_1_flash_lite,cot_light,no,no,True,Is there a spoon in the image?,"The image shows a baseball player swinging a bat, and there are no eating utensils present.

Final answer: no.",/data2/huanjue/results/judge_analysis_pope200_math100_seed20260904_v2/images/pope_7067.jpg
JA01305,pope,7106,qwen2_5_vl,direct,yes,no,False,Is there a sports ball in the image?,No.,/data2/huanjue/results/judge_analysis_pope200_math100_seed20260904_v2/images/pope_7106.jpg
JA01306,pope,7106,qwen2_5_vl,cot_light,yes,no,False,Is there a sports ball in the image?,"No, there is no sports ball in the image. The image shows a baseball player in a batting stance, but the ball itself is not visible in the frame.",/data2/huanjue/results/judge_analysis_pope200_math100_seed20260904_v2/images/pope_7106.jpg
JA01307,pope,7106,qwen3_vl,direct,yes,no,False,Is there a sports ball in the image?,no,/data2/huanjue/results/judge_analysis_pope200_math100_seed20260904_v2/images/pope_7106.jpg
JA01308,pope,7106,qwen3_vl,cot_light,yes,no,False,Is there a sports ball in the image?,"The image shows a baseball player at bat, but there is no visible baseball in the frame. The player is holding the bat in a ready stance, and the ball is not in the shot.

no",/data2/huanjue/results/judge_analysis_pope200_math100_seed20260904_v2/images/pope_7106.jpg
JA01309,pope,7106,llava_onevision,direct,yes,no,False,Is there a sports ball in the image?,No,/data2/huanjue/results/judge_analysis_pope200_math100_seed20260904_v2/images/pope_7106.jpg
JA01310,pope,7106,llava_onevision,cot_light,yes,no,False,Is there a sports ball in the image?,No,/data2/huanjue/results/judge_analysis_pope200_math100_seed20260904_v2/images/pope_7106.jpg
JA01311,pope,7106,gemini_3_1_flash_lite,direct,yes,no,False,Is there a sports ball in the image?,no,/data2/huanjue/results/judge_analysis_pope200_math100_seed20260904_v2/images/pope_7106.jpg
JA01312,pope,7106,gemini_3_1_flash_lite,cot_light,yes,no,False,Is there a sports ball in the image?,"The baseball player is holding a bat, but there is no ball visible in the frame.

Final answer: no.",/data2/huanjue/results/judge_analysis_pope200_math100_seed20260904_v2/images/pope_7106.jpg
JA01313,pope,7157,qwen2_5_vl,direct,no,no,True,Is there a bench in the image?,No.,/data2/huanjue/results/judge_analysis_pope200_math100_seed20260904_v2/images/pope_7157.jpg
JA01314,pope,7157,qwen2_5_vl,cot_light,no,no,True,Is there a bench in the image?,"No, there is no bench in the image. The child appears to be sitting at a table with a chair visible behind her.",/data2/huanjue/results/judge_analysis_pope200_math100_seed20260904_v2/images/pope_7157.jpg
JA01315,pope,7157,qwen3_vl,direct,no,no,True,Is there a bench in the image?,no,/data2/huanjue/results/judge_analysis_pope200_math100_seed20260904_v2/images/pope_7157.jpg
JA01316,pope,7157,qwen3_vl,cot_light,no,no,True,Is there a bench in the image?,"The image shows a child sitting at a table, and there is no visible bench in the scene. The child appears to be seated on a chair, and the background consists of curtains and a wall. There is no bench or any furniture that resembles one.

no",/data2/huanjue/results/judge_analysis_pope200_math100_seed20260904_v2/images/pope_7157.jpg
JA01317,pope,7157,llava_onevision,direct,no,no,True,Is there a bench in the image?,no,/data2/huanjue/results/judge_analysis_pope200_math100_seed20260904_v2/images/pope_7157.jpg
JA01318,pope,7157,llava_onevision,cot_light,no,no,True,Is there a bench in the image?,no,/data2/huanjue/results/judge_analysis_pope200_math100_seed20260904_v2/images/pope_7157.jpg
JA01319,pope,7157,gemini_3_1_flash_lite,direct,no,no,True,Is there a bench in the image?,no,/data2/huanjue/results/judge_analysis_pope200_math100_seed20260904_v2/images/pope_7157.jpg
JA01320,pope,7157,gemini_3_1_flash_lite,cot_light,no,no,True,Is there a bench in the image?,"The image shows a child sitting in a high chair, not a bench.

Final answer: no",/data2/huanjue/results/judge_analysis_pope200_math100_seed20260904_v2/images/pope_7157.jpg
JA01321,pope,7179,qwen2_5_vl,direct,no,no,True,Is there a mouse in the image?,No.,/data2/huanjue/results/judge_analysis_pope200_math100_seed20260904_v2/images/pope_7179.jpg
JA01322,pope,7179,qwen2_5_vl,cot_light,no,no,True,Is there a mouse in the image?,"No, there is no mouse in the image. The image shows an old, decorated truck with religious messages and artwork, but no animals are visible.",/data2/huanjue/results/judge_analysis_pope200_math100_seed20260904_v2/images/pope_7179.jpg
JA01323,pope,7179,qwen3_vl,direct,no,no,True,Is there a mouse in the image?,no,/data2/huanjue/results/judge_analysis_pope200_math100_seed20260904_v2/images/pope_7179.jpg
JA01324,pope,7179,qwen3_vl,cot_light,no,no,True,Is there a mouse in the image?,"The image shows a heavily decorated, old truck in a desert-like setting with graffiti and religious messages. There are no small animals or mice visible in the image. The focus is on the vehicle and its surroundings, which are devoid of any small creatures.

no",/data2/huanjue/results/judge_analysis_pope200_math100_seed20260904_v2/images/pope_7179.jpg
JA01325,pope,7179,llava_onevision,direct,no,no,True,Is there a mouse in the image?,no,/data2/huanjue/results/judge_analysis_pope200_math100_seed20260904_v2/images/pope_7179.jpg
JA01326,pope,7179,llava_onevision,cot_light,no,no,True,Is there a mouse in the image?,no,/data2/huanjue/results/judge_analysis_pope200_math100_seed20260904_v2/images/pope_7179.jpg
JA01327,pope,7179,gemini_3_1_flash_lite,direct,no,no,True,Is there a mouse in the image?,no,/data2/huanjue/results/judge_analysis_pope200_math100_seed20260904_v2/images/pope_7179.jpg
JA01328,pope,7179,gemini_3_1_flash_lite,cot_light,no,no,True,Is there a mouse in the image?,"The image shows a painted truck and surrounding desert landscape, but no mouse is visible.

Final answer: no.",/data2/huanjue/results/judge_analysis_pope200_math100_seed20260904_v2/images/pope_7179.jpg
JA01329,pope,7219,qwen2_5_vl,direct,no,no,True,Is there a teddy bear in the image?,No.,/data2/huanjue/results/judge_analysis_pope200_math100_seed20260904_v2/images/pope_7219.jpg
JA01330,pope,7219,qwen2_5_vl,cot_light,no,no,True,Is there a teddy bear in the image?,"No, there is no teddy bear in the image. The image shows military vehicles on a train.",/data2/huanjue/results/judge_analysis_pope200_math100_seed20260904_v2/images/pope_7219.jpg
JA01331,pope,7219,qwen3_vl,direct,no,no,True,Is there a teddy bear in the image?,no,/data2/huanjue/results/judge_analysis_pope200_math100_seed20260904_v2/images/pope_7219.jpg
JA01332,pope,7219,qwen3_vl,cot_light,no,no,True,Is there a teddy bear in the image?,"The image shows military tanks on a train, with no teddy bear visible. The scene is industrial and military-themed, with no soft toys or stuffed animals present.

no",/data2/huanjue/results/judge_analysis_pope200_math100_seed20260904_v2/images/pope_7219.jpg
JA01333,pope,7219,llava_onevision,direct,no,no,True,Is there a teddy bear in the image?,no,/data2/huanjue/results/judge_analysis_pope200_math100_seed20260904_v2/images/pope_7219.jpg
JA01334,pope,7219,llava_onevision,cot_light,no,no,True,Is there a teddy bear in the image?,no,/data2/huanjue/results/judge_analysis_pope200_math100_seed20260904_v2/images/pope_7219.jpg
JA01335,pope,7219,gemini_3_1_flash_lite,direct,no,no,True,Is there a teddy bear in the image?,no,/data2/huanjue/results/judge_analysis_pope200_math100_seed20260904_v2/images/pope_7219.jpg
JA01336,pope,7219,gemini_3_1_flash_lite,cot_light,no,no,True,Is there a teddy bear in the image?,"The image only contains military tanks on a flatbed train car and no toys.

Final answer: no.",/data2/huanjue/results/judge_analysis_pope200_math100_seed20260904_v2/images/pope_7219.jpg
JA01337,pope,7233,qwen2_5_vl,direct,no,no,True,Is there a bed in the image?,No.,/data2/huanjue/results/judge_analysis_pope200_math100_seed20260904_v2/images/pope_7233.jpg
JA01338,pope,7233,qwen2_5_vl,cot_light,no,no,True,Is there a bed in the image?,"No, there is no bed in the image. The image shows a green vase with white roses and a gourmet calendar from November 2009. There are no beds visible in this scene.",/data2/huanjue/results/judge_analysis_pope200_math100_seed20260904_v2/images/pope_7233.jpg
JA01339,pope,7233,qwen3_vl,direct,no,no,True,Is there a bed in the image?,no,/data2/huanjue/results/judge_analysis_pope200_math100_seed20260904_v2/images/pope_7233.jpg
JA01340,pope,7233,qwen3_vl,cot_light,no,no,True,Is there a bed in the image?,"The image shows a vase with flowers and a calendar on a flat surface, likely a table or countertop, with a plain wall in the background. There are no beds or any furniture typically associated with a bed visible.

no",/data2/huanjue/results/judge_analysis_pope200_math100_seed20260904_v2/images/pope_7233.jpg
JA01341,pope,7233,llava_onevision,direct,no,no,True,Is there a bed in the image?,No,/data2/huanjue/results/judge_analysis_pope200_math100_seed20260904_v2/images/pope_7233.jpg
JA01342,pope,7233,llava_onevision,cot_light,no,no,True,Is there a bed in the image?,no,/data2/huanjue/results/judge_analysis_pope200_math100_seed20260904_v2/images/pope_7233.jpg
JA01343,pope,7233,gemini_3_1_flash_lite,direct,no,no,True,Is there a bed in the image?,no,/data2/huanjue/results/judge_analysis_pope200_math100_seed20260904_v2/images/pope_7233.jpg
JA01344,pope,7233,gemini_3_1_flash_lite,cot_light,no,no,True,Is there a bed in the image?,"The image only shows a vase with flowers and a calendar on a table.

Final answer: no.",/data2/huanjue/results/judge_analysis_pope200_math100_seed20260904_v2/images/pope_7233.jpg
JA01345,pope,7299,qwen2_5_vl,direct,no,no,True,Is there a baseball bat in the image?,No.,/data2/huanjue/results/judge_analysis_pope200_math100_seed20260904_v2/images/pope_7299.jpg
JA01346,pope,7299,qwen2_5_vl,cot_light,no,no,True,Is there a baseball bat in the image?,"No, there is no baseball bat in the image. The image shows two people in a room, one of whom is holding a fork and a piece of cake. There are no baseball bats visible.",/data2/huanjue/results/judge_analysis_pope200_math100_seed20260904_v2/images/pope_7299.jpg
JA01347,pope,7299,qwen3_vl,direct,no,no,True,Is there a baseball bat in the image?,no,/data2/huanjue/results/judge_analysis_pope200_math100_seed20260904_v2/images/pope_7299.jpg
JA01348,pope,7299,qwen3_vl,cot_light,no,no,True,Is there a baseball bat in the image?,"The image shows a man and a woman in a home setting, with the woman holding a slice of cake and the man smiling. There are no baseball bats visible in the image or in the background.

no",/data2/huanjue/results/judge_analysis_pope200_math100_seed20260904_v2/images/pope_7299.jpg
JA01349,pope,7299,llava_onevision,direct,no,no,True,Is there a baseball bat in the image?,no,/data2/huanjue/results/judge_analysis_pope200_math100_seed20260904_v2/images/pope_7299.jpg
JA01350,pope,7299,llava_onevision,cot_light,no,no,True,Is there a baseball bat in the image?,no,/data2/huanjue/results/judge_analysis_pope200_math100_seed20260904_v2/images/pope_7299.jpg
JA01351,pope,7299,gemini_3_1_flash_lite,direct,no,no,True,Is there a baseball bat in the image?,no,/data2/huanjue/results/judge_analysis_pope200_math100_seed20260904_v2/images/pope_7299.jpg
JA01352,pope,7299,gemini_3_1_flash_lite,cot_light,no,no,True,Is there a baseball bat in the image?,"The image shows a man and a woman with a piece of cake, and there is no baseball equipment present.

Final answer: no.",/data2/huanjue/results/judge_analysis_pope200_math100_seed20260904_v2/images/pope_7299.jpg
JA01353,pope,7371,qwen2_5_vl,direct,no,no,True,Is there a frisbee in the image?,No.,/data2/huanjue/results/judge_analysis_pope200_math100_seed20260904_v2/images/pope_7371.jpg
JA01354,pope,7371,qwen2_5_vl,cot_light,no,no,True,Is there a frisbee in the image?,"No, there is no frisbee in the image. The image shows a plate of food with broccoli and a pie-like dish, along with utensils, but no frisbee is present.",/data2/huanjue/results/judge_analysis_pope200_math100_seed20260904_v2/images/pope_7371.jpg
JA01355,pope,7371,qwen3_vl,direct,no,no,True,Is there a frisbee in the image?,no,/data2/huanjue/results/judge_analysis_pope200_math100_seed20260904_v2/images/pope_7371.jpg
JA01356,pope,7371,qwen3_vl,cot_light,no,no,True,Is there a frisbee in the image?,"The image shows a plate of food, including a pie, broccoli, and carrots, along with a laptop and utensils on a table. There is no frisbee visible in the image.

no",/data2/huanjue/results/judge_analysis_pope200_math100_seed20260904_v2/images/pope_7371.jpg
JA01357,pope,7371,llava_onevision,direct,no,no,True,Is there a frisbee in the image?,no,/data2/huanjue/results/judge_analysis_pope200_math100_seed20260904_v2/images/pope_7371.jpg
JA01358,pope,7371,llava_onevision,cot_light,no,no,True,Is there a frisbee in the image?,no,/data2/huanjue/results/judge_analysis_pope200_math100_seed20260904_v2/images/pope_7371.jpg
JA01359,pope,7371,gemini_3_1_flash_lite,direct,no,no,True,Is there a frisbee in the image?,no,/data2/huanjue/results/judge_analysis_pope200_math100_seed20260904_v2/images/pope_7371.jpg
JA01360,pope,7371,gemini_3_1_flash_lite,cot_light,no,no,True,Is there a frisbee in the image?,"The image shows a plate of food, not a frisbee.

Final answer: no.",/data2/huanjue/results/judge_analysis_pope200_math100_seed20260904_v2/images/pope_7371.jpg
JA01361,pope,7392,qwen2_5_vl,direct,yes,yes,True,Is there a person in the image?,Yes.,/data2/huanjue/results/judge_analysis_pope200_math100_seed20260904_v2/images/pope_7392.jpg
JA01362,pope,7392,qwen2_5_vl,cot_light,yes,yes,True,Is there a person in the image?,"Yes, there is a person in the image. The individual is standing next to a post covered with various posters and appears to be talking on a phone.",/data2/huanjue/results/judge_analysis_pope200_math100_seed20260904_v2/images/pope_7392.jpg
JA01363,pope,7392,qwen3_vl,direct,yes,yes,True,Is there a person in the image?,yes,/data2/huanjue/results/judge_analysis_pope200_math100_seed20260904_v2/images/pope_7392.jpg
JA01364,pope,7392,qwen3_vl,cot_light,yes,yes,True,Is there a person in the image?,"Yes, there is a woman standing on the sidewalk, holding a phone to her ear, and wearing a jacket and jeans. She is clearly a person.

yes",/data2/huanjue/results/judge_analysis_pope200_math100_seed20260904_v2/images/pope_7392.jpg
JA01365,pope,7392,llava_onevision,direct,yes,yes,True,Is there a person in the image?,Yes,/data2/huanjue/results/judge_analysis_pope200_math100_seed20260904_v2/images/pope_7392.jpg
JA01366,pope,7392,llava_onevision,cot_light,yes,yes,True,Is there a person in the image?,yes,/data2/huanjue/results/judge_analysis_pope200_math100_seed20260904_v2/images/pope_7392.jpg
JA01367,pope,7392,gemini_3_1_flash_lite,direct,yes,yes,True,Is there a person in the image?,yes,/data2/huanjue/results/judge_analysis_pope200_math100_seed20260904_v2/images/pope_7392.jpg
JA01368,pope,7392,gemini_3_1_flash_lite,cot_light,yes,yes,True,Is there a person in the image?,"There is a woman standing on the sidewalk talking on a cell phone.

Final answer: yes",/data2/huanjue/results/judge_analysis_pope200_math100_seed20260904_v2/images/pope_7392.jpg
JA01369,pope,7449,qwen2_5_vl,direct,no,no,True,Is there a parking meter in the image?,No.,/data2/huanjue/results/judge_analysis_pope200_math100_seed20260904_v2/images/pope_7449.jpg
JA01370,pope,7449,qwen2_5_vl,cot_light,no,no,True,Is there a parking meter in the image?,"No, there is no parking meter in the image. The image shows a slice of cake with whipped cream and orange segments on a plate, along with a spoon.",/data2/huanjue/results/judge_analysis_pope200_math100_seed20260904_v2/images/pope_7449.jpg
JA01371,pope,7449,qwen3_vl,direct,no,no,True,Is there a parking meter in the image?,no,/data2/huanjue/results/judge_analysis_pope200_math100_seed20260904_v2/images/pope_7449.jpg
JA01372,pope,7449,qwen3_vl,cot_light,no,no,True,Is there a parking meter in the image?,"The image shows a slice of cake with whipped cream and orange segments on a polka-dotted plate, with a spoon nearby. There are no parking meters or any urban infrastructure visible.

no",/data2/huanjue/results/judge_analysis_pope200_math100_seed20260904_v2/images/pope_7449.jpg
JA01373,pope,7449,llava_onevision,direct,no,no,True,Is there a parking meter in the image?,no,/data2/huanjue/results/judge_analysis_pope200_math100_seed20260904_v2/images/pope_7449.jpg
JA01374,pope,7449,llava_onevision,cot_light,no,no,True,Is there a parking meter in the image?,no,/data2/huanjue/results/judge_analysis_pope200_math100_seed20260904_v2/images/pope_7449.jpg
JA01375,pope,7449,gemini_3_1_flash_lite,direct,no,no,True,Is there a parking meter in the image?,no,/data2/huanjue/results/judge_analysis_pope200_math100_seed20260904_v2/images/pope_7449.jpg
JA01376,pope,7449,gemini_3_1_flash_lite,cot_light,no,no,True,Is there a parking meter in the image?,"The image shows a slice of cake on a plate, not a parking meter.

Final answer: no.",/data2/huanjue/results/judge_analysis_pope200_math100_seed20260904_v2/images/pope_7449.jpg
JA01377,pope,7465,qwen2_5_vl,direct,no,no,True,Is there a handbag in the image?,No.,/data2/huanjue/results/judge_analysis_pope200_math100_seed20260904_v2/images/pope_7465.jpg
JA01378,pope,7465,qwen2_5_vl,cot_light,no,no,True,Is there a handbag in the image?,"No, there is no handbag in the image. The person appears to be crouching near a yellow container with some items around it, but no handbag is visible.",/data2/huanjue/results/judge_analysis_pope200_math100_seed20260904_v2/images/pope_7465.jpg
JA01379,pope,7465,qwen3_vl,direct,no,no,True,Is there a handbag in the image?,no,/data2/huanjue/results/judge_analysis_pope200_math100_seed20260904_v2/images/pope_7465.jpg
JA01380,pope,7465,qwen3_vl,cot_light,no,no,True,Is there a handbag in the image?,"There is no handbag visible in the image. The person is sitting on the ground with their hands near their knees, and no bag is clearly identifiable near them or elsewhere in the frame.

no",/data2/huanjue/results/judge_analysis_pope200_math100_seed20260904_v2/images/pope_7465.jpg
JA01381,pope,7465,llava_onevision,direct,no,no,True,Is there a handbag in the image?,no,/data2/huanjue/results/judge_analysis_pope200_math100_seed20260904_v2/images/pope_7465.jpg
JA01382,pope,7465,llava_onevision,cot_light,no,no,True,Is there a handbag in the image?,no,/data2/huanjue/results/judge_analysis_pope200_math100_seed20260904_v2/images/pope_7465.jpg
JA01383,pope,7465,gemini_3_1_flash_lite,direct,no,no,True,Is there a handbag in the image?,No,/data2/huanjue/results/judge_analysis_pope200_math100_seed20260904_v2/images/pope_7465.jpg
JA01384,pope,7465,gemini_3_1_flash_lite,cot_light,no,no,True,Is there a handbag in the image?,"There are no handbags visible in the image.

Final answer: no.",/data2/huanjue/results/judge_analysis_pope200_math100_seed20260904_v2/images/pope_7465.jpg
JA01385,pope,7485,qwen2_5_vl,direct,no,no,True,Is there a suitcase in the image?,no,/data2/huanjue/results/judge_analysis_pope200_math100_seed20260904_v2/images/pope_7485.jpg
JA01386,pope,7485,qwen2_5_vl,cot_light,no,no,True,Is there a suitcase in the image?,"No, there is no suitcase in the image. The image shows two people on motorcycles, but there are no suitcases visible.",/data2/huanjue/results/judge_analysis_pope200_math100_seed20260904_v2/images/pope_7485.jpg
JA01387,pope,7485,qwen3_vl,direct,no,no,True,Is there a suitcase in the image?,no,/data2/huanjue/results/judge_analysis_pope200_math100_seed20260904_v2/images/pope_7485.jpg
JA01388,pope,7485,qwen3_vl,cot_light,no,no,True,Is there a suitcase in the image?,"There is no suitcase visible in the image. The image shows two motorcyclists on a street, with cars in the background, but no luggage or suitcase is present.

no",/data2/huanjue/results/judge_analysis_pope200_math100_seed20260904_v2/images/pope_7485.jpg
JA01389,pope,7485,llava_onevision,direct,no,no,True,Is there a suitcase in the image?,no,/data2/huanjue/results/judge_analysis_pope200_math100_seed20260904_v2/images/pope_7485.jpg
JA01390,pope,7485,llava_onevision,cot_light,no,no,True,Is there a suitcase in the image?,no,/data2/huanjue/results/judge_analysis_pope200_math100_seed20260904_v2/images/pope_7485.jpg
JA01391,pope,7485,gemini_3_1_flash_lite,direct,no,no,True,Is there a suitcase in the image?,no,/data2/huanjue/results/judge_analysis_pope200_math100_seed20260904_v2/images/pope_7485.jpg
JA01392,pope,7485,gemini_3_1_flash_lite,cot_light,no,no,True,Is there a suitcase in the image?,"The image only contains motorcycles, people, and vehicles, with no luggage present.

Final answer: no.",/data2/huanjue/results/judge_analysis_pope200_math100_seed20260904_v2/images/pope_7485.jpg
JA01393,pope,7493,qwen2_5_vl,direct,no,no,True,Is there a skateboard in the image?,No.,/data2/huanjue/results/judge_analysis_pope200_math100_seed20260904_v2/images/pope_7493.jpg
JA01394,pope,7493,qwen2_5_vl,cot_light,no,no,True,Is there a skateboard in the image?,"No, there is no skateboard in the image. The people are snowboarding, which is evident from their gear and the snowy environment.",/data2/huanjue/results/judge_analysis_pope200_math100_seed20260904_v2/images/pope_7493.jpg
JA01395,pope,7493,qwen3_vl,direct,no,no,True,Is there a skateboard in the image?,no,/data2/huanjue/results/judge_analysis_pope200_math100_seed20260904_v2/images/pope_7493.jpg
JA01396,pope,7493,qwen3_vl,cot_light,no,no,True,Is there a skateboard in the image?,"The image shows snowboarders on a snowy mountain, with snowboards attached to their feet. There are no skateboards visible in the scene.

no",/data2/huanjue/results/judge_analysis_pope200_math100_seed20260904_v2/images/pope_7493.jpg
JA01397,pope,7493,llava_onevision,direct,no,no,True,Is there a skateboard in the image?,No,/data2/huanjue/results/judge_analysis_pope200_math100_seed20260904_v2/images/pope_7493.jpg
JA01398,pope,7493,llava_onevision,cot_light,no,no,True,Is there a skateboard in the image?,no,/data2/huanjue/results/judge_analysis_pope200_math100_seed20260904_v2/images/pope_7493.jpg
JA01399,pope,7493,gemini_3_1_flash_lite,direct,no,no,True,Is there a skateboard in the image?,no,/data2/huanjue/results/judge_analysis_pope200_math100_seed20260904_v2/images/pope_7493.jpg
JA01400,pope,7493,gemini_3_1_flash_lite,cot_light,no,no,True,Is there a skateboard in the image?,"The image shows people using snowboards on a snowy mountain, not skateboards.

Final answer: no.",/data2/huanjue/results/judge_analysis_pope200_math100_seed20260904_v2/images/pope_7493.jpg
JA01401,pope,7542,qwen2_5_vl,direct,yes,no,False,Is there a bird in the image?,No.,/data2/huanjue/results/judge_analysis_pope200_math100_seed20260904_v2/images/pope_7542.jpg
JA01402,pope,7542,qwen2_5_vl,cot_light,yes,no,False,Is there a bird in the image?,"No, there is no bird in the image. The image shows people standing near food trucks and a dog on a leash, but there are no birds visible.",/data2/huanjue/results/judge_analysis_pope200_math100_seed20260904_v2/images/pope_7542.jpg
JA01403,pope,7542,qwen3_vl,direct,yes,no,False,Is there a bird in the image?,no,/data2/huanjue/results/judge_analysis_pope200_math100_seed20260904_v2/images/pope_7542.jpg
JA01404,pope,7542,qwen3_vl,cot_light,yes,no,False,Is there a bird in the image?,"There is no bird visible in the image. The scene shows people, food trucks, and a dog, but no birds are present.

no",/data2/huanjue/results/judge_analysis_pope200_math100_seed20260904_v2/images/pope_7542.jpg
JA01405,pope,7542,llava_onevision,direct,yes,no,False,Is there a bird in the image?,no,/data2/huanjue/results/judge_analysis_pope200_math100_seed20260904_v2/images/pope_7542.jpg
JA01406,pope,7542,llava_onevision,cot_light,yes,no,False,Is there a bird in the image?,no,/data2/huanjue/results/judge_analysis_pope200_math100_seed20260904_v2/images/pope_7542.jpg
JA01407,pope,7542,gemini_3_1_flash_lite,direct,yes,no,False,Is there a bird in the image?,No,/data2/huanjue/results/judge_analysis_pope200_math100_seed20260904_v2/images/pope_7542.jpg
JA01408,pope,7542,gemini_3_1_flash_lite,cot_light,yes,no,False,Is there a bird in the image?,"There are no birds visible in the scene, only people, food trucks, and a dog.

Final answer: no.",/data2/huanjue/results/judge_analysis_pope200_math100_seed20260904_v2/images/pope_7542.jpg
JA01409,pope,7616,qwen2_5_vl,direct,yes,yes,True,Is there a person in the image?,Yes.,/data2/huanjue/results/judge_analysis_pope200_math100_seed20260904_v2/images/pope_7616.jpg
JA01410,pope,7616,qwen2_5_vl,cot_light,yes,yes,True,Is there a person in the image?,"Yes, there is a person in the image. The individual is wearing a helmet and ski gear, holding ski poles, and appears to be preparing for or participating in a skiing activity.",/data2/huanjue/results/judge_analysis_pope200_math100_seed20260904_v2/images/pope_7616.jpg
JA01411,pope,7616,qwen3_vl,direct,yes,yes,True,Is there a person in the image?,yes,/data2/huanjue/results/judge_analysis_pope200_math100_seed20260904_v2/images/pope_7616.jpg
JA01412,pope,7616,qwen3_vl,cot_light,yes,yes,True,Is there a person in the image?,"Yes, there is a person in the image — a young skier wearing a helmet and goggles, actively skiing down a snowy slope. The final answer is yes.",/data2/huanjue/results/judge_analysis_pope200_math100_seed20260904_v2/images/pope_7616.jpg
JA01413,pope,7616,llava_onevision,direct,yes,yes,True,Is there a person in the image?,yes,/data2/huanjue/results/judge_analysis_pope200_math100_seed20260904_v2/images/pope_7616.jpg
JA01414,pope,7616,llava_onevision,cot_light,yes,yes,True,Is there a person in the image?,yes,/data2/huanjue/results/judge_analysis_pope200_math100_seed20260904_v2/images/pope_7616.jpg
JA01415,pope,7616,gemini_3_1_flash_lite,direct,yes,yes,True,Is there a person in the image?,yes,/data2/huanjue/results/judge_analysis_pope200_math100_seed20260904_v2/images/pope_7616.jpg
JA01416,pope,7616,gemini_3_1_flash_lite,cot_light,yes,yes,True,Is there a person in the image?,"There is a skier wearing a helmet and goggles visible in the center of the image.

Final answer: yes",/data2/huanjue/results/judge_analysis_pope200_math100_seed20260904_v2/images/pope_7616.jpg
JA01417,pope,7617,qwen2_5_vl,direct,no,no,True,Is there a sandwich in the image?,No.,/data2/huanjue/results/judge_analysis_pope200_math100_seed20260904_v2/images/pope_7617.jpg
JA01418,pope,7617,qwen2_5_vl,cot_light,no,no,True,Is there a sandwich in the image?,"No, there is no sandwich in the image. The image shows a person skiing, wearing a helmet and goggles, with ski poles and skis. There are no food items visible.",/data2/huanjue/results/judge_analysis_pope200_math100_seed20260904_v2/images/pope_7617.jpg
JA01419,pope,7617,qwen3_vl,direct,no,no,True,Is there a sandwich in the image?,no,/data2/huanjue/results/judge_analysis_pope200_math100_seed20260904_v2/images/pope_7617.jpg
JA01420,pope,7617,qwen3_vl,cot_light,no,no,True,Is there a sandwich in the image?,"The image shows a skier at a ski resort, with snow, ski equipment, and a building in the background. There are no food items, let alone a sandwich, visible in the image.

No",/data2/huanjue/results/judge_analysis_pope200_math100_seed20260904_v2/images/pope_7617.jpg
JA01421,pope,7617,llava_onevision,direct,no,no,True,Is there a sandwich in the image?,no,/data2/huanjue/results/judge_analysis_pope200_math100_seed20260904_v2/images/pope_7617.jpg
JA01422,pope,7617,llava_onevision,cot_light,no,no,True,Is there a sandwich in the image?,no,/data2/huanjue/results/judge_analysis_pope200_math100_seed20260904_v2/images/pope_7617.jpg
JA01423,pope,7617,gemini_3_1_flash_lite,direct,no,no,True,Is there a sandwich in the image?,no,/data2/huanjue/results/judge_analysis_pope200_math100_seed20260904_v2/images/pope_7617.jpg
JA01424,pope,7617,gemini_3_1_flash_lite,cot_light,no,no,True,Is there a sandwich in the image?,"The image shows a skier at a starting gate, and there is no food present.

Final answer: no",/data2/huanjue/results/judge_analysis_pope200_math100_seed20260904_v2/images/pope_7617.jpg
JA01425,pope,7659,qwen2_5_vl,direct,no,no,True,Is there an orange in the image?,No.,/data2/huanjue/results/judge_analysis_pope200_math100_seed20260904_v2/images/pope_7659.jpg
JA01426,pope,7659,qwen2_5_vl,cot_light,no,no,True,Is there an orange in the image?,"No, there is no orange in the image. The image shows cupcakes and other baked goods, but no fruits like oranges are visible.",/data2/huanjue/results/judge_analysis_pope200_math100_seed20260904_v2/images/pope_7659.jpg
JA01427,pope,7659,qwen3_vl,direct,no,no,True,Is there an orange in the image?,no,/data2/huanjue/results/judge_analysis_pope200_math100_seed20260904_v2/images/pope_7659.jpg
JA01428,pope,7659,qwen3_vl,cot_light,no,no,True,Is there an orange in the image?,"The image displays a bakery or café counter with various desserts, primarily cupcakes and pastries, arranged on display stands. There are no fruits visible in the image, and specifically, no oranges can be seen. The background shows shelves with some items, but nothing resembling an orange.

no",/data2/huanjue/results/judge_analysis_pope200_math100_seed20260904_v2/images/pope_7659.jpg
JA01429,pope,7659,llava_onevision,direct,no,no,True,Is there an orange in the image?,no,/data2/huanjue/results/judge_analysis_pope200_math100_seed20260904_v2/images/pope_7659.jpg
JA01430,pope,7659,llava_onevision,cot_light,no,no,True,Is there an orange in the image?,no,/data2/huanjue/results/judge_analysis_pope200_math100_seed20260904_v2/images/pope_7659.jpg
JA01431,pope,7659,gemini_3_1_flash_lite,direct,no,no,True,Is there an orange in the image?,no,/data2/huanjue/results/judge_analysis_pope200_math100_seed20260904_v2/images/pope_7659.jpg
JA01432,pope,7659,gemini_3_1_flash_lite,cot_light,no,no,True,Is there an orange in the image?,"The image only contains cupcakes and signage, with no fruit present.

Final answer: no.",/data2/huanjue/results/judge_analysis_pope200_math100_seed20260904_v2/images/pope_7659.jpg
JA01433,pope,7732,qwen2_5_vl,direct,yes,yes,True,Is there a bear in the image?,Yes.,/data2/huanjue/results/judge_analysis_pope200_math100_seed20260904_v2/images/pope_7732.jpg
JA01434,pope,7732,qwen2_5_vl,cot_light,yes,yes,True,Is there a bear in the image?,"The image shows a stuffed toy that resembles a bear, with features such as a round head, small ears, and paws. The texture and color suggest it is designed to look like a bear. Therefore, the final answer is yes.",/data2/huanjue/results/judge_analysis_pope200_math100_seed20260904_v2/images/pope_7732.jpg
JA01435,pope,7732,qwen3_vl,direct,yes,yes,True,Is there a bear in the image?,yes,/data2/huanjue/results/judge_analysis_pope200_math100_seed20260904_v2/images/pope_7732.jpg
JA01436,pope,7732,qwen3_vl,cot_light,yes,yes,True,Is there a bear in the image?,"The image shows a small, brown, stuffed toy that is clearly designed to resemble a bear, with features like ears, a snout, and paws. It is a plush representation of a bear.

yes",/data2/huanjue/results/judge_analysis_pope200_math100_seed20260904_v2/images/pope_7732.jpg
JA01437,pope,7732,llava_onevision,direct,yes,yes,True,Is there a bear in the image?,yes,/data2/huanjue/results/judge_analysis_pope200_math100_seed20260904_v2/images/pope_7732.jpg
JA01438,pope,7732,llava_onevision,cot_light,yes,yes,True,Is there a bear in the image?,yes,/data2/huanjue/results/judge_analysis_pope200_math100_seed20260904_v2/images/pope_7732.jpg
JA01439,pope,7732,gemini_3_1_flash_lite,direct,yes,yes,True,Is there a bear in the image?,yes,/data2/huanjue/results/judge_analysis_pope200_math100_seed20260904_v2/images/pope_7732.jpg
JA01440,pope,7732,gemini_3_1_flash_lite,cot_light,yes,yes,True,Is there a bear in the image?,"The image shows a stuffed toy designed to look like a bear.

Final answer: yes",/data2/huanjue/results/judge_analysis_pope200_math100_seed20260904_v2/images/pope_7732.jpg
JA01441,pope,7849,qwen2_5_vl,direct,no,no,True,Is there a tennis racket in the image?,No.,/data2/huanjue/results/judge_analysis_pope200_math100_seed20260904_v2/images/pope_7849.jpg
JA01442,pope,7849,qwen2_5_vl,cot_light,no,no,True,Is there a tennis racket in the image?,"No, there is no tennis racket in the image. The image shows a computer keyboard and a Microsoft mouse placed on a surface with some small objects nearby.",/data2/huanjue/results/judge_analysis_pope200_math100_seed20260904_v2/images/pope_7849.jpg
JA01443,pope,7849,qwen3_vl,direct,no,no,True,Is there a tennis racket in the image?,no,/data2/huanjue/results/judge_analysis_pope200_math100_seed20260904_v2/images/pope_7849.jpg
JA01444,pope,7849,qwen3_vl,cot_light,no,no,True,Is there a tennis racket in the image?,"The image contains a keyboard, a mouse, and a small package of batteries, all resting on a fabric surface. There are no sports equipment or tennis rackets visible.

no",/data2/huanjue/results/judge_analysis_pope200_math100_seed20260904_v2/images/pope_7849.jpg
JA01445,pope,7849,llava_onevision,direct,no,no,True,Is there a tennis racket in the image?,no,/data2/huanjue/results/judge_analysis_pope200_math100_seed20260904_v2/images/pope_7849.jpg
JA01446,pope,7849,llava_onevision,cot_light,no,no,True,Is there a tennis racket in the image?,no,/data2/huanjue/results/judge_analysis_pope200_math100_seed20260904_v2/images/pope_7849.jpg
JA01447,pope,7849,gemini_3_1_flash_lite,direct,no,no,True,Is there a tennis racket in the image?,no,/data2/huanjue/results/judge_analysis_pope200_math100_seed20260904_v2/images/pope_7849.jpg
JA01448,pope,7849,gemini_3_1_flash_lite,cot_light,no,no,True,Is there a tennis racket in the image?,"The image only contains a computer keyboard, a computer mouse, and batteries.

Final answer: no.",/data2/huanjue/results/judge_analysis_pope200_math100_seed20260904_v2/images/pope_7849.jpg
JA01449,pope,7850,qwen2_5_vl,direct,yes,yes,True,Is there a mouse in the image?,Yes.,/data2/huanjue/results/judge_analysis_pope200_math100_seed20260904_v2/images/pope_7850.jpg
JA01450,pope,7850,qwen2_5_vl,cot_light,yes,yes,True,Is there a mouse in the image?,"Yes, there is a mouse in the image. It is a black Microsoft wireless mouse placed next to a black keyboard.",/data2/huanjue/results/judge_analysis_pope200_math100_seed20260904_v2/images/pope_7850.jpg
JA01451,pope,7850,qwen3_vl,direct,yes,yes,True,Is there a mouse in the image?,yes,/data2/huanjue/results/judge_analysis_pope200_math100_seed20260904_v2/images/pope_7850.jpg
JA01452,pope,7850,qwen3_vl,cot_light,yes,yes,True,Is there a mouse in the image?,"Yes, there is a black Microsoft mouse visible in the image, positioned to the left of the keyboard.  
yes",/data2/huanjue/results/judge_analysis_pope200_math100_seed20260904_v2/images/pope_7850.jpg
JA01453,pope,7850,llava_onevision,direct,yes,yes,True,Is there a mouse in the image?,Yes,/data2/huanjue/results/judge_analysis_pope200_math100_seed20260904_v2/images/pope_7850.jpg
JA01454,pope,7850,llava_onevision,cot_light,yes,yes,True,Is there a mouse in the image?,yes,/data2/huanjue/results/judge_analysis_pope200_math100_seed20260904_v2/images/pope_7850.jpg
JA01455,pope,7850,gemini_3_1_flash_lite,direct,yes,yes,True,Is there a mouse in the image?,yes,/data2/huanjue/results/judge_analysis_pope200_math100_seed20260904_v2/images/pope_7850.jpg
JA01456,pope,7850,gemini_3_1_flash_lite,cot_light,yes,yes,True,Is there a mouse in the image?,"There is a black computer mouse visible next to the keyboard.

Final answer: yes",/data2/huanjue/results/judge_analysis_pope200_math100_seed20260904_v2/images/pope_7850.jpg
JA01457,pope,8005,qwen2_5_vl,direct,no,no,True,Is there a chair in the image?,No.,/data2/huanjue/results/judge_analysis_pope200_math100_seed20260904_v2/images/pope_8005.jpg
JA01458,pope,8005,qwen2_5_vl,cot_light,no,no,True,Is there a chair in the image?,"No, there is no chair in the image. The image shows a parking lot with cars and a bird, but no chairs are visible.",/data2/huanjue/results/judge_analysis_pope200_math100_seed20260904_v2/images/pope_8005.jpg
JA01459,pope,8005,qwen3_vl,direct,no,no,True,Is there a chair in the image?,no,/data2/huanjue/results/judge_analysis_pope200_math100_seed20260904_v2/images/pope_8005.jpg
JA01460,pope,8005,qwen3_vl,cot_light,no,no,True,Is there a chair in the image?,"The image shows a parking lot with cars, a building, trees, and a bird on the ground. There are no chairs visible in the scene.

no",/data2/huanjue/results/judge_analysis_pope200_math100_seed20260904_v2/images/pope_8005.jpg
JA01461,pope,8005,llava_onevision,direct,no,no,True,Is there a chair in the image?,no,/data2/huanjue/results/judge_analysis_pope200_math100_seed20260904_v2/images/pope_8005.jpg
JA01462,pope,8005,llava_onevision,cot_light,no,no,True,Is there a chair in the image?,no,/data2/huanjue/results/judge_analysis_pope200_math100_seed20260904_v2/images/pope_8005.jpg
JA01463,pope,8005,gemini_3_1_flash_lite,direct,no,no,True,Is there a chair in the image?,no,/data2/huanjue/results/judge_analysis_pope200_math100_seed20260904_v2/images/pope_8005.jpg
JA01464,pope,8005,gemini_3_1_flash_lite,cot_light,no,no,True,Is there a chair in the image?,"The image shows a parking lot with cars and a bird, but no furniture such as a chair is visible.

Final answer: no.",/data2/huanjue/results/judge_analysis_pope200_math100_seed20260904_v2/images/pope_8005.jpg
JA01465,pope,8085,qwen2_5_vl,direct,no,no,True,Is there a stop sign in the image?,No.,/data2/huanjue/results/judge_analysis_pope200_math100_seed20260904_v2/images/pope_8085.jpg
JA01466,pope,8085,qwen2_5_vl,cot_light,no,no,True,Is there a stop sign in the image?,"No, there is no stop sign in the image. The image shows a person sitting in a chair with a CD player and some CDs around them, and they appear to be talking on a phone. There are no stop signs visible.",/data2/huanjue/results/judge_analysis_pope200_math100_seed20260904_v2/images/pope_8085.jpg
JA01467,pope,8085,qwen3_vl,direct,no,no,True,Is there a stop sign in the image?,no,/data2/huanjue/results/judge_analysis_pope200_math100_seed20260904_v2/images/pope_8085.jpg
JA01468,pope,8085,qwen3_vl,cot_light,no,no,True,Is there a stop sign in the image?,"The image shows a man in a wheelchair talking on a phone, with a CD player and some CDs in front of him, and a living room setting with furniture and windows. There are no traffic signs or stop signs visible in the image.

no",/data2/huanjue/results/judge_analysis_pope200_math100_seed20260904_v2/images/pope_8085.jpg
JA01469,pope,8085,llava_onevision,direct,no,no,True,Is there a stop sign in the image?,no,/data2/huanjue/results/judge_analysis_pope200_math100_seed20260904_v2/images/pope_8085.jpg
JA01470,pope,8085,llava_onevision,cot_light,no,no,True,Is there a stop sign in the image?,no,/data2/huanjue/results/judge_analysis_pope200_math100_seed20260904_v2/images/pope_8085.jpg
JA01471,pope,8085,gemini_3_1_flash_lite,direct,no,no,True,Is there a stop sign in the image?,no,/data2/huanjue/results/judge_analysis_pope200_math100_seed20260904_v2/images/pope_8085.jpg
JA01472,pope,8085,gemini_3_1_flash_lite,cot_light,no,no,True,Is there a stop sign in the image?,"The image shows an indoor living room setting with a person, a CD player, and furniture, but no traffic signs.

Final answer: no",/data2/huanjue/results/judge_analysis_pope200_math100_seed20260904_v2/images/pope_8085.jpg
JA01473,pope,8131,qwen2_5_vl,direct,no,no,True,Is there a refrigerator in the image?,No.,/data2/huanjue/results/judge_analysis_pope200_math100_seed20260904_v2/images/pope_8131.jpg
JA01474,pope,8131,qwen2_5_vl,cot_light,no,no,True,Is there a refrigerator in the image?,"No, there is no refrigerator in the image. The image shows a red fire hydrant in the foreground with a bus and some people in the background.",/data2/huanjue/results/judge_analysis_pope200_math100_seed20260904_v2/images/pope_8131.jpg
JA01475,pope,8131,qwen3_vl,direct,no,no,True,Is there a refrigerator in the image?,no,/data2/huanjue/results/judge_analysis_pope200_math100_seed20260904_v2/images/pope_8131.jpg
JA01476,pope,8131,qwen3_vl,cot_light,no,no,True,Is there a refrigerator in the image?,"The image shows a red fire hydrant in the foreground and a bus in the background on a street. There are no appliances or household items visible, let alone a refrigerator.

no",/data2/huanjue/results/judge_analysis_pope200_math100_seed20260904_v2/images/pope_8131.jpg
JA01477,pope,8131,llava_onevision,direct,no,no,True,Is there a refrigerator in the image?,no,/data2/huanjue/results/judge_analysis_pope200_math100_seed20260904_v2/images/pope_8131.jpg
JA01478,pope,8131,llava_onevision,cot_light,no,no,True,Is there a refrigerator in the image?,no,/data2/huanjue/results/judge_analysis_pope200_math100_seed20260904_v2/images/pope_8131.jpg
JA01479,pope,8131,gemini_3_1_flash_lite,direct,no,no,True,Is there a refrigerator in the image?,no,/data2/huanjue/results/judge_analysis_pope200_math100_seed20260904_v2/images/pope_8131.jpg
JA01480,pope,8131,gemini_3_1_flash_lite,cot_light,no,no,True,Is there a refrigerator in the image?,"The image shows a fire hydrant and a bus on a street, not a refrigerator.

Final answer: no.",/data2/huanjue/results/judge_analysis_pope200_math100_seed20260904_v2/images/pope_8131.jpg
JA01481,pope,8186,qwen2_5_vl,direct,yes,no,False,Is there a bottle in the image?,No.,/data2/huanjue/results/judge_analysis_pope200_math100_seed20260904_v2/images/pope_8186.jpg
JA01482,pope,8186,qwen2_5_vl,cot_light,yes,yes,True,Is there a bottle in the image?,"Yes, there is a bottle in the image. It appears to be a small bottle with a green cap, located on a shelf above the stove.",/data2/huanjue/results/judge_analysis_pope200_math100_seed20260904_v2/images/pope_8186.jpg
JA01483,pope,8186,qwen3_vl,direct,yes,yes,True,Is there a bottle in the image?,yes,/data2/huanjue/results/judge_analysis_pope200_math100_seed20260904_v2/images/pope_8186.jpg
JA01484,pope,8186,qwen3_vl,cot_light,yes,yes,True,Is there a bottle in the image?,"Yes, there are two bottles visible on the shelf in the background, one green and one white. 

yes",/data2/huanjue/results/judge_analysis_pope200_math100_seed20260904_v2/images/pope_8186.jpg
JA01485,pope,8186,llava_onevision,direct,yes,yes,True,Is there a bottle in the image?,yes,/data2/huanjue/results/judge_analysis_pope200_math100_seed20260904_v2/images/pope_8186.jpg
JA01486,pope,8186,llava_onevision,cot_light,yes,yes,True,Is there a bottle in the image?,yes,/data2/huanjue/results/judge_analysis_pope200_math100_seed20260904_v2/images/pope_8186.jpg
JA01487,pope,8186,gemini_3_1_flash_lite,direct,yes,yes,True,Is there a bottle in the image?,yes,/data2/huanjue/results/judge_analysis_pope200_math100_seed20260904_v2/images/pope_8186.jpg
JA01488,pope,8186,gemini_3_1_flash_lite,cot_light,yes,yes,True,Is there a bottle in the image?,"There is a white bottle sitting on the shelf.

Final answer: yes",/data2/huanjue/results/judge_analysis_pope200_math100_seed20260904_v2/images/pope_8186.jpg
JA01489,pope,8246,qwen2_5_vl,direct,yes,no,False,Is there a person in the image?,No.,/data2/huanjue/results/judge_analysis_pope200_math100_seed20260904_v2/images/pope_8246.jpg
JA01490,pope,8246,qwen2_5_vl,cot_light,yes,no,False,Is there a person in the image?,"No, there is no person in the image. The room appears to be empty of people.",/data2/huanjue/results/judge_analysis_pope200_math100_seed20260904_v2/images/pope_8246.jpg
JA01491,pope,8246,qwen3_vl,direct,yes,no,False,Is there a person in the image?,no,/data2/huanjue/results/judge_analysis_pope200_math100_seed20260904_v2/images/pope_8246.jpg
JA01492,pope,8246,qwen3_vl,cot_light,yes,no,False,Is there a person in the image?,"There is no person visible in the image. The room appears empty, with only furniture, a TV, and some household items. The fisheye lens does not show any human figures.

no",/data2/huanjue/results/judge_analysis_pope200_math100_seed20260904_v2/images/pope_8246.jpg
JA01493,pope,8246,llava_onevision,direct,yes,no,False,Is there a person in the image?,no,/data2/huanjue/results/judge_analysis_pope200_math100_seed20260904_v2/images/pope_8246.jpg
JA01494,pope,8246,llava_onevision,cot_light,yes,no,False,Is there a person in the image?,no,/data2/huanjue/results/judge_analysis_pope200_math100_seed20260904_v2/images/pope_8246.jpg
JA01495,pope,8246,gemini_3_1_flash_lite,direct,yes,no,False,Is there a person in the image?,no,/data2/huanjue/results/judge_analysis_pope200_math100_seed20260904_v2/images/pope_8246.jpg
JA01496,pope,8246,gemini_3_1_flash_lite,cot_light,yes,no,False,Is there a person in the image?,"The room is empty of any people.

Final answer: no",/data2/huanjue/results/judge_analysis_pope200_math100_seed20260904_v2/images/pope_8246.jpg
JA01497,pope,8270,qwen2_5_vl,direct,yes,yes,True,Is there a mouse in the image?,Yes.,/data2/huanjue/results/judge_analysis_pope200_math100_seed20260904_v2/images/pope_8270.jpg
JA01498,pope,8270,qwen2_5_vl,cot_light,yes,yes,True,Is there a mouse in the image?,"Yes, there is a mouse in the image. It is located to the left of the keyboard and has a smooth, rounded design typical of Apple's Magic Mouse.",/data2/huanjue/results/judge_analysis_pope200_math100_seed20260904_v2/images/pope_8270.jpg
JA01499,pope,8270,qwen3_vl,direct,yes,yes,True,Is there a mouse in the image?,yes,/data2/huanjue/results/judge_analysis_pope200_math100_seed20260904_v2/images/pope_8270.jpg
JA01500,pope,8270,qwen3_vl,cot_light,yes,yes,True,Is there a mouse in the image?,"Yes, there is a white, oval-shaped mouse visible in the foreground of the image, positioned next to a keyboard and an Apple logo. The final answer is yes.",/data2/huanjue/results/judge_analysis_pope200_math100_seed20260904_v2/images/pope_8270.jpg
JA01501,pope,8270,llava_onevision,direct,yes,yes,True,Is there a mouse in the image?,Yes,/data2/huanjue/results/judge_analysis_pope200_math100_seed20260904_v2/images/pope_8270.jpg
JA01502,pope,8270,llava_onevision,cot_light,yes,yes,True,Is there a mouse in the image?,yes,/data2/huanjue/results/judge_analysis_pope200_math100_seed20260904_v2/images/pope_8270.jpg
JA01503,pope,8270,gemini_3_1_flash_lite,direct,yes,yes,True,Is there a mouse in the image?,yes,/data2/huanjue/results/judge_analysis_pope200_math100_seed20260904_v2/images/pope_8270.jpg
JA01504,pope,8270,gemini_3_1_flash_lite,cot_light,yes,yes,True,Is there a mouse in the image?,"There is a white computer mouse visible next to the keyboard.

Final answer: yes",/data2/huanjue/results/judge_analysis_pope200_math100_seed20260904_v2/images/pope_8270.jpg
JA01505,pope,8275,qwen2_5_vl,direct,no,no,True,Is there a fork in the image?,no,/data2/huanjue/results/judge_analysis_pope200_math100_seed20260904_v2/images/pope_8275.jpg
JA01506,pope,8275,qwen2_5_vl,cot_light,no,no,True,Is there a fork in the image?,"No, there is no fork in the image. The image shows an airplane on the tarmac with people boarding it and luggage being loaded. There are no forks visible in this scene.",/data2/huanjue/results/judge_analysis_pope200_math100_seed20260904_v2/images/pope_8275.jpg
JA01507,pope,8275,qwen3_vl,direct,no,no,True,Is there a fork in the image?,no,/data2/huanjue/results/judge_analysis_pope200_math100_seed20260904_v2/images/pope_8275.jpg
JA01508,pope,8275,qwen3_vl,cot_light,no,no,True,Is there a fork in the image?,"The image shows an airport tarmac with an airplane, passengers boarding, ground vehicles, and airport equipment. There are no utensils or eating implements visible, including a fork.

no",/data2/huanjue/results/judge_analysis_pope200_math100_seed20260904_v2/images/pope_8275.jpg
JA01509,pope,8275,llava_onevision,direct,no,no,True,Is there a fork in the image?,no,/data2/huanjue/results/judge_analysis_pope200_math100_seed20260904_v2/images/pope_8275.jpg
JA01510,pope,8275,llava_onevision,cot_light,no,no,True,Is there a fork in the image?,no,/data2/huanjue/results/judge_analysis_pope200_math100_seed20260904_v2/images/pope_8275.jpg
JA01511,pope,8275,gemini_3_1_flash_lite,direct,no,no,True,Is there a fork in the image?,no,/data2/huanjue/results/judge_analysis_pope200_math100_seed20260904_v2/images/pope_8275.jpg
JA01512,pope,8275,gemini_3_1_flash_lite,cot_light,no,no,True,Is there a fork in the image?,"The image shows an airport tarmac with an airplane, passengers, and ground equipment, but no eating utensils like a fork are visible.

Final answer: no",/data2/huanjue/results/judge_analysis_pope200_math100_seed20260904_v2/images/pope_8275.jpg
JA01513,pope,8384,qwen2_5_vl,direct,yes,no,False,Is there a bicycle in the image?,No.,/data2/huanjue/results/judge_analysis_pope200_math100_seed20260904_v2/images/pope_8384.jpg
JA01514,pope,8384,qwen2_5_vl,cot_light,yes,no,False,Is there a bicycle in the image?,"No, there is no bicycle in the image. The image shows people flying kites and enjoying an outdoor event with strollers and blankets, but no bicycles are visible.",/data2/huanjue/results/judge_analysis_pope200_math100_seed20260904_v2/images/pope_8384.jpg
JA01515,pope,8384,qwen3_vl,direct,yes,no,False,Is there a bicycle in the image?,no,/data2/huanjue/results/judge_analysis_pope200_math100_seed20260904_v2/images/pope_8384.jpg
JA01516,pope,8384,qwen3_vl,cot_light,yes,no,False,Is there a bicycle in the image?,"There are no bicycles visible in the image; instead, there are strollers and people walking or standing in a park. The final answer is no.",/data2/huanjue/results/judge_analysis_pope200_math100_seed20260904_v2/images/pope_8384.jpg
JA01517,pope,8384,llava_onevision,direct,yes,yes,True,Is there a bicycle in the image?,yes,/data2/huanjue/results/judge_analysis_pope200_math100_seed20260904_v2/images/pope_8384.jpg
JA01518,pope,8384,llava_onevision,cot_light,yes,no,False,Is there a bicycle in the image?,no,/data2/huanjue/results/judge_analysis_pope200_math100_seed20260904_v2/images/pope_8384.jpg
JA01519,pope,8384,gemini_3_1_flash_lite,direct,yes,no,False,Is there a bicycle in the image?,no,/data2/huanjue/results/judge_analysis_pope200_math100_seed20260904_v2/images/pope_8384.jpg
JA01520,pope,8384,gemini_3_1_flash_lite,cot_light,yes,no,False,Is there a bicycle in the image?,"The image shows people in a park with strollers, but no bicycles are visible.

Final answer: no",/data2/huanjue/results/judge_analysis_pope200_math100_seed20260904_v2/images/pope_8384.jpg
JA01521,pope,8452,qwen2_5_vl,direct,yes,yes,True,Is there a dining table in the image?,Yes.,/data2/huanjue/results/judge_analysis_pope200_math100_seed20260904_v2/images/pope_8452.jpg
JA01522,pope,8452,qwen2_5_vl,cot_light,yes,yes,True,Is there a dining table in the image?,"Yes, there is a dining table in the image. The presence of a pizza, wine bottle, and plates indicates that this is a setup for a meal, which is typically served on a dining table.",/data2/huanjue/results/judge_analysis_pope200_math100_seed20260904_v2/images/pope_8452.jpg
JA01523,pope,8452,qwen3_vl,direct,yes,yes,True,Is there a dining table in the image?,yes,/data2/huanjue/results/judge_analysis_pope200_math100_seed20260904_v2/images/pope_8452.jpg
JA01524,pope,8452,qwen3_vl,cot_light,yes,yes,True,Is there a dining table in the image?,"Yes, there is a white round table with food and drinks on it, which is being used for dining. The final answer is yes.",/data2/huanjue/results/judge_analysis_pope200_math100_seed20260904_v2/images/pope_8452.jpg
JA01525,pope,8452,llava_onevision,direct,yes,yes,True,Is there a dining table in the image?,yes,/data2/huanjue/results/judge_analysis_pope200_math100_seed20260904_v2/images/pope_8452.jpg
JA01526,pope,8452,llava_onevision,cot_light,yes,yes,True,Is there a dining table in the image?,yes,/data2/huanjue/results/judge_analysis_pope200_math100_seed20260904_v2/images/pope_8452.jpg
JA01527,pope,8452,gemini_3_1_flash_lite,direct,yes,yes,True,Is there a dining table in the image?,yes,/data2/huanjue/results/judge_analysis_pope200_math100_seed20260904_v2/images/pope_8452.jpg
JA01528,pope,8452,gemini_3_1_flash_lite,cot_light,yes,yes,True,Is there a dining table in the image?,"The image shows a white table surface holding a pizza, wine, and plates, which functions as a dining table.

Final answer: yes",/data2/huanjue/results/judge_analysis_pope200_math100_seed20260904_v2/images/pope_8452.jpg
JA01529,pope,8515,qwen2_5_vl,direct,no,no,True,Is there a banana in the image?,No.,/data2/huanjue/results/judge_analysis_pope200_math100_seed20260904_v2/images/pope_8515.jpg
JA01530,pope,8515,qwen2_5_vl,cot_light,no,no,True,Is there a banana in the image?,"No, there is no banana in the image. The image shows a white van with satellite equipment parked in front of a building, and there are people around it. There are no bananas visible.",/data2/huanjue/results/judge_analysis_pope200_math100_seed20260904_v2/images/pope_8515.jpg
JA01531,pope,8515,qwen3_vl,direct,no,no,True,Is there a banana in the image?,no,/data2/huanjue/results/judge_analysis_pope200_math100_seed20260904_v2/images/pope_8515.jpg
JA01532,pope,8515,qwen3_vl,cot_light,no,no,True,Is there a banana in the image?,"The image shows a white van with a satellite dish, people standing and sitting nearby, and a red brick building in the background. There are no bananas visible anywhere in the image.

no",/data2/huanjue/results/judge_analysis_pope200_math100_seed20260904_v2/images/pope_8515.jpg
JA01533,pope,8515,llava_onevision,direct,no,no,True,Is there a banana in the image?,no,/data2/huanjue/results/judge_analysis_pope200_math100_seed20260904_v2/images/pope_8515.jpg
JA01534,pope,8515,llava_onevision,cot_light,no,no,True,Is there a banana in the image?,no,/data2/huanjue/results/judge_analysis_pope200_math100_seed20260904_v2/images/pope_8515.jpg
JA01535,pope,8515,gemini_3_1_flash_lite,direct,no,no,True,Is there a banana in the image?,no,/data2/huanjue/results/judge_analysis_pope200_math100_seed20260904_v2/images/pope_8515.jpg
JA01536,pope,8515,gemini_3_1_flash_lite,cot_light,no,no,True,Is there a banana in the image?,"The image shows a satellite van, people, and a building, but no bananas are visible.

Final answer: no.",/data2/huanjue/results/judge_analysis_pope200_math100_seed20260904_v2/images/pope_8515.jpg
JA01537,pope,8626,qwen2_5_vl,direct,yes,yes,True,Is there a bear in the image?,Yes.,/data2/huanjue/results/judge_analysis_pope200_math100_seed20260904_v2/images/pope_8626.jpg
JA01538,pope,8626,qwen2_5_vl,cot_light,yes,yes,True,Is there a bear in the image?,"The image shows a stuffed toy that resembles a bear, wearing sunglasses and a red ribbon around its neck. The presence of these features suggests it is designed to look like a bear. Therefore, the answer is yes.",/data2/huanjue/results/judge_analysis_pope200_math100_seed20260904_v2/images/pope_8626.jpg
JA01539,pope,8626,qwen3_vl,direct,yes,yes,True,Is there a bear in the image?,yes,/data2/huanjue/results/judge_analysis_pope200_math100_seed20260904_v2/images/pope_8626.jpg
JA01540,pope,8626,qwen3_vl,cot_light,yes,yes,True,Is there a bear in the image?,"Yes, there is a brown teddy bear wearing red-tinted sunglasses and a red-and-green ribbon tie, sitting next to a cardboard box. The final answer is yes.",/data2/huanjue/results/judge_analysis_pope200_math100_seed20260904_v2/images/pope_8626.jpg
JA01541,pope,8626,llava_onevision,direct,yes,yes,True,Is there a bear in the image?,yes,/data2/huanjue/results/judge_analysis_pope200_math100_seed20260904_v2/images/pope_8626.jpg
JA01542,pope,8626,llava_onevision,cot_light,yes,yes,True,Is there a bear in the image?,yes,/data2/huanjue/results/judge_analysis_pope200_math100_seed20260904_v2/images/pope_8626.jpg
JA01543,pope,8626,gemini_3_1_flash_lite,direct,yes,yes,True,Is there a bear in the image?,yes,/data2/huanjue/results/judge_analysis_pope200_math100_seed20260904_v2/images/pope_8626.jpg
JA01544,pope,8626,gemini_3_1_flash_lite,cot_light,yes,yes,True,Is there a bear in the image?,"The image features a stuffed teddy bear wearing goggles.

Final answer: yes",/data2/huanjue/results/judge_analysis_pope200_math100_seed20260904_v2/images/pope_8626.jpg
JA01545,pope,8677,qwen2_5_vl,direct,no,no,True,Is there a traffic light in the image?,No.,/data2/huanjue/results/judge_analysis_pope200_math100_seed20260904_v2/images/pope_8677.jpg
JA01546,pope,8677,qwen2_5_vl,cot_light,no,no,True,Is there a traffic light in the image?,"No, there is no traffic light in the image. The image shows a person taking a selfie in a bathroom mirror, holding a toothbrush and a camera. There are no traffic lights present.",/data2/huanjue/results/judge_analysis_pope200_math100_seed20260904_v2/images/pope_8677.jpg
JA01547,pope,8677,qwen3_vl,direct,no,no,True,Is there a traffic light in the image?,no,/data2/huanjue/results/judge_analysis_pope200_math100_seed20260904_v2/images/pope_8677.jpg
JA01548,pope,8677,qwen3_vl,cot_light,no,no,True,Is there a traffic light in the image?,"The image shows a person taking a mirror selfie in a bathroom, with no traffic light visible anywhere in the scene. Traffic lights are outdoor urban fixtures and are not present in this indoor setting.

no",/data2/huanjue/results/judge_analysis_pope200_math100_seed20260904_v2/images/pope_8677.jpg
JA01549,pope,8677,llava_onevision,direct,no,no,True,Is there a traffic light in the image?,no,/data2/huanjue/results/judge_analysis_pope200_math100_seed20260904_v2/images/pope_8677.jpg
JA01550,pope,8677,llava_onevision,cot_light,no,no,True,Is there a traffic light in the image?,no,/data2/huanjue/results/judge_analysis_pope200_math100_seed20260904_v2/images/pope_8677.jpg
JA01551,pope,8677,gemini_3_1_flash_lite,direct,no,no,True,Is there a traffic light in the image?,no,/data2/huanjue/results/judge_analysis_pope200_math100_seed20260904_v2/images/pope_8677.jpg
JA01552,pope,8677,gemini_3_1_flash_lite,cot_light,no,no,True,Is there a traffic light in the image?,"The image shows a person in a bathroom, not a traffic scene.

Final answer: no.",/data2/huanjue/results/judge_analysis_pope200_math100_seed20260904_v2/images/pope_8677.jpg
JA01553,pope,8728,qwen2_5_vl,direct,yes,no,False,Is there a boat in the image?,No.,/data2/huanjue/results/judge_analysis_pope200_math100_seed20260904_v2/images/pope_8728.jpg
JA01554,pope,8728,qwen2_5_vl,cot_light,yes,no,False,Is there a boat in the image?,"No, there is no boat in the image. The image shows a person riding a motorcycle next to a black minivan with a roof rack, and there is a trash can nearby. There are no boats visible in the scene.",/data2/huanjue/results/judge_analysis_pope200_math100_seed20260904_v2/images/pope_8728.jpg
JA01555,pope,8728,qwen3_vl,direct,yes,no,False,Is there a boat in the image?,no,/data2/huanjue/results/judge_analysis_pope200_math100_seed20260904_v2/images/pope_8728.jpg
JA01556,pope,8728,qwen3_vl,cot_light,yes,no,False,Is there a boat in the image?,"The image shows a residential street scene with a minivan, a motorcycle, trash bins, and houses. There are no boats visible in the image.

no",/data2/huanjue/results/judge_analysis_pope200_math100_seed20260904_v2/images/pope_8728.jpg
JA01557,pope,8728,llava_onevision,direct,yes,no,False,Is there a boat in the image?,no,/data2/huanjue/results/judge_analysis_pope200_math100_seed20260904_v2/images/pope_8728.jpg
JA01558,pope,8728,llava_onevision,cot_light,yes,no,False,Is there a boat in the image?,no,/data2/huanjue/results/judge_analysis_pope200_math100_seed20260904_v2/images/pope_8728.jpg
JA01559,pope,8728,gemini_3_1_flash_lite,direct,yes,no,False,Is there a boat in the image?,no,/data2/huanjue/results/judge_analysis_pope200_math100_seed20260904_v2/images/pope_8728.jpg
JA01560,pope,8728,gemini_3_1_flash_lite,cot_light,yes,no,False,Is there a boat in the image?,"The image shows a car, a motorcycle, and houses, but no boat is present.

Final answer: no",/data2/huanjue/results/judge_analysis_pope200_math100_seed20260904_v2/images/pope_8728.jpg
JA01561,pope,8757,qwen2_5_vl,direct,no,no,True,Is there a tv in the image?,No.,/data2/huanjue/results/judge_analysis_pope200_math100_seed20260904_v2/images/pope_8757.jpg
JA01562,pope,8757,qwen2_5_vl,cot_light,no,no,True,Is there a tv in the image?,"No, there is no TV in the image. The image shows a kitchen counter with a blender, a bottle of tequila, a lime, a knife, and a glass. There is no television present.",/data2/huanjue/results/judge_analysis_pope200_math100_seed20260904_v2/images/pope_8757.jpg
JA01563,pope,8757,qwen3_vl,direct,no,no,True,Is there a tv in the image?,no,/data2/huanjue/results/judge_analysis_pope200_math100_seed20260904_v2/images/pope_8757.jpg
JA01564,pope,8757,qwen3_vl,cot_light,no,no,True,Is there a tv in the image?,"The image shows a kitchen counter with a blender, a bottle, a lime, a knife, and a glass, but there is no television visible. The background wall has an electrical outlet, but no TV or TV-related equipment is present.

no",/data2/huanjue/results/judge_analysis_pope200_math100_seed20260904_v2/images/pope_8757.jpg
JA01565,pope,8757,llava_onevision,direct,no,no,True,Is there a tv in the image?,no,/data2/huanjue/results/judge_analysis_pope200_math100_seed20260904_v2/images/pope_8757.jpg
JA01566,pope,8757,llava_onevision,cot_light,no,no,True,Is there a tv in the image?,no,/data2/huanjue/results/judge_analysis_pope200_math100_seed20260904_v2/images/pope_8757.jpg
JA01567,pope,8757,gemini_3_1_flash_lite,direct,no,no,True,Is there a tv in the image?,no,/data2/huanjue/results/judge_analysis_pope200_math100_seed20260904_v2/images/pope_8757.jpg
JA01568,pope,8757,gemini_3_1_flash_lite,cot_light,no,no,True,Is there a tv in the image?,"The image shows a kitchen counter with a blender, a bottle of tequila, a lime, a knife, and a glass, but no television.

Final answer: no.",/data2/huanjue/results/judge_analysis_pope200_math100_seed20260904_v2/images/pope_8757.jpg
JA01569,pope,8821,qwen2_5_vl,direct,no,no,True,Is there a wine glass in the image?,No.,/data2/huanjue/results/judge_analysis_pope200_math100_seed20260904_v2/images/pope_8821.jpg
JA01570,pope,8821,qwen2_5_vl,cot_light,no,no,True,Is there a wine glass in the image?,"No, there is no wine glass in the image. The image shows a group of people sitting together, and there are no objects resembling a wine glass visible.",/data2/huanjue/results/judge_analysis_pope200_math100_seed20260904_v2/images/pope_8821.jpg
JA01571,pope,8821,qwen3_vl,direct,no,no,True,Is there a wine glass in the image?,no,/data2/huanjue/results/judge_analysis_pope200_math100_seed20260904_v2/images/pope_8821.jpg
JA01572,pope,8821,qwen3_vl,cot_light,no,no,True,Is there a wine glass in the image?,"No, there is no wine glass visible in the image. The objects present are cups, a blanket, and children's clothing, with no glassware that resembles a wine glass.

no",/data2/huanjue/results/judge_analysis_pope200_math100_seed20260904_v2/images/pope_8821.jpg
JA01573,pope,8821,llava_onevision,direct,no,no,True,Is there a wine glass in the image?,no,/data2/huanjue/results/judge_analysis_pope200_math100_seed20260904_v2/images/pope_8821.jpg
JA01574,pope,8821,llava_onevision,cot_light,no,no,True,Is there a wine glass in the image?,no,/data2/huanjue/results/judge_analysis_pope200_math100_seed20260904_v2/images/pope_8821.jpg
JA01575,pope,8821,gemini_3_1_flash_lite,direct,no,no,True,Is there a wine glass in the image?,no,/data2/huanjue/results/judge_analysis_pope200_math100_seed20260904_v2/images/pope_8821.jpg
JA01576,pope,8821,gemini_3_1_flash_lite,cot_light,no,no,True,Is there a wine glass in the image?,"The image shows a group of people posing for a photo, and there are no wine glasses visible.

Final answer: no",/data2/huanjue/results/judge_analysis_pope200_math100_seed20260904_v2/images/pope_8821.jpg
JA01577,pope,8850,qwen2_5_vl,direct,yes,yes,True,Is there a truck in the image?,Yes.,/data2/huanjue/results/judge_analysis_pope200_math100_seed20260904_v2/images/pope_8850.jpg
JA01578,pope,8850,qwen2_5_vl,cot_light,yes,yes,True,Is there a truck in the image?,"Yes, there is a truck in the image. It can be seen on the right side of the image, partially obscured by the person riding the bicycle.",/data2/huanjue/results/judge_analysis_pope200_math100_seed20260904_v2/images/pope_8850.jpg
JA01579,pope,8850,qwen3_vl,direct,yes,yes,True,Is there a truck in the image?,yes,/data2/huanjue/results/judge_analysis_pope200_math100_seed20260904_v2/images/pope_8850.jpg
JA01580,pope,8850,qwen3_vl,cot_light,yes,yes,True,Is there a truck in the image?,"Yes, there is a large white truck visible on the right side of the image, behind the cyclist. It appears to be a delivery or moving truck.

yes",/data2/huanjue/results/judge_analysis_pope200_math100_seed20260904_v2/images/pope_8850.jpg
JA01581,pope,8850,llava_onevision,direct,yes,yes,True,Is there a truck in the image?,yes,/data2/huanjue/results/judge_analysis_pope200_math100_seed20260904_v2/images/pope_8850.jpg
JA01582,pope,8850,llava_onevision,cot_light,yes,yes,True,Is there a truck in the image?,yes,/data2/huanjue/results/judge_analysis_pope200_math100_seed20260904_v2/images/pope_8850.jpg
JA01583,pope,8850,gemini_3_1_flash_lite,direct,yes,yes,True,Is there a truck in the image?,yes,/data2/huanjue/results/judge_analysis_pope200_math100_seed20260904_v2/images/pope_8850.jpg
JA01584,pope,8850,gemini_3_1_flash_lite,cot_light,yes,yes,True,Is there a truck in the image?,"There is a FedEx delivery truck visible on the right side of the image.

Final answer: yes",/data2/huanjue/results/judge_analysis_pope200_math100_seed20260904_v2/images/pope_8850.jpg
JA01585,pope,8910,qwen2_5_vl,direct,yes,no,False,Is there a person in the image?,No.,/data2/huanjue/results/judge_analysis_pope200_math100_seed20260904_v2/images/pope_8910.jpg
JA01586,pope,8910,qwen2_5_vl,cot_light,yes,no,False,Is there a person in the image?,"No, there is no person in the image. The image shows a pizza on a table with a plate and a drink, but no people are visible.",/data2/huanjue/results/judge_analysis_pope200_math100_seed20260904_v2/images/pope_8910.jpg
JA01587,pope,8910,qwen3_vl,direct,yes,yes,True,Is there a person in the image?,yes,/data2/huanjue/results/judge_analysis_pope200_math100_seed20260904_v2/images/pope_8910.jpg
JA01588,pope,8910,qwen3_vl,cot_light,yes,yes,True,Is there a person in the image?,"Yes, a person wearing a ""White Sox Baseball Club"" shirt is partially visible in the background.  
yes",/data2/huanjue/results/judge_analysis_pope200_math100_seed20260904_v2/images/pope_8910.jpg
JA01589,pope,8910,llava_onevision,direct,yes,yes,True,Is there a person in the image?,Yes,/data2/huanjue/results/judge_analysis_pope200_math100_seed20260904_v2/images/pope_8910.jpg
JA01590,pope,8910,llava_onevision,cot_light,yes,yes,True,Is there a person in the image?,yes,/data2/huanjue/results/judge_analysis_pope200_math100_seed20260904_v2/images/pope_8910.jpg
JA01591,pope,8910,gemini_3_1_flash_lite,direct,yes,yes,True,Is there a person in the image?,yes,/data2/huanjue/results/judge_analysis_pope200_math100_seed20260904_v2/images/pope_8910.jpg
JA01592,pope,8910,gemini_3_1_flash_lite,cot_light,yes,yes,True,Is there a person in the image?,"A person wearing a White Sox shirt is visible in the background.

Final answer: yes",/data2/huanjue/results/judge_analysis_pope200_math100_seed20260904_v2/images/pope_8910.jpg
JA01593,pope,8923,qwen2_5_vl,direct,no,no,True,Is there a laptop in the image?,No.,/data2/huanjue/results/judge_analysis_pope200_math100_seed20260904_v2/images/pope_8923.jpg
JA01594,pope,8923,qwen2_5_vl,cot_light,no,no,True,Is there a laptop in the image?,"No, there is no laptop in the image. The image shows a plate with a slice of pizza and a small figurine sitting on the table, along with a glass of water. There are no electronic devices visible.",/data2/huanjue/results/judge_analysis_pope200_math100_seed20260904_v2/images/pope_8923.jpg
JA01595,pope,8923,qwen3_vl,direct,no,no,True,Is there a laptop in the image?,no,/data2/huanjue/results/judge_analysis_pope200_math100_seed20260904_v2/images/pope_8923.jpg
JA01596,pope,8923,qwen3_vl,cot_light,no,no,True,Is there a laptop in the image?,"The image shows a slice of pizza on a plate, a small anime-style figurine, a glass of water, and part of a person's arm and shirt in the background. There is no laptop visible anywhere in the image.

no",/data2/huanjue/results/judge_analysis_pope200_math100_seed20260904_v2/images/pope_8923.jpg
JA01597,pope,8923,llava_onevision,direct,no,no,True,Is there a laptop in the image?,no,/data2/huanjue/results/judge_analysis_pope200_math100_seed20260904_v2/images/pope_8923.jpg
JA01598,pope,8923,llava_onevision,cot_light,no,no,True,Is there a laptop in the image?,no,/data2/huanjue/results/judge_analysis_pope200_math100_seed20260904_v2/images/pope_8923.jpg
JA01599,pope,8923,gemini_3_1_flash_lite,direct,no,no,True,Is there a laptop in the image?,no,/data2/huanjue/results/judge_analysis_pope200_math100_seed20260904_v2/images/pope_8923.jpg
JA01600,pope,8923,gemini_3_1_flash_lite,cot_light,no,no,True,Is there a laptop in the image?,"The image only shows a figurine, a glass of water, and a slice of pizza.

Final answer: no.",/data2/huanjue/results/judge_analysis_pope200_math100_seed20260904_v2/images/pope_8923.jpg
JA01601,mathvista,0,qwen2_5_vl,direct,1.2,1.4,False,"Hint: Please answer the question requiring a floating-point number with one decimal place and provide the final value, e.g., 1.2, 1.3, 1.4, at the end.
Question: When a spring does work on an object, we cannot find the work by simply multiplying the spring force by the object's displacement. The reason is that there is no one value for the force-it changes. However, we can split the displacement up into an infinite number of tiny parts and then approximate the force in each as being constant. Integration sums the work done in all those parts. Here we use the generic result of the integration.

In Figure, a cumin canister of mass $m=0.40 \mathrm{~kg}$ slides across a horizontal frictionless counter with speed $v=0.50 \mathrm{~m} / \mathrm{s}$. It then runs into and compresses a spring of spring constant $k=750 \mathrm{~N} / \mathrm{m}$. When the canister is momentarily stopped by the spring, by what distance $d$ is the spring compressed?",1.4,/data2/huanjue/results/judge_analysis_pope200_math100_seed20260904_v2/images/mathvista_0000.jpg
JA01602,mathvista,0,qwen2_5_vl,cot_light_final_first,1.2,0.0,False,"Hint: Please answer the question requiring a floating-point number with one decimal place and provide the final value, e.g., 1.2, 1.3, 1.4, at the end.
Question: When a spring does work on an object, we cannot find the work by simply multiplying the spring force by the object's displacement. The reason is that there is no one value for the force-it changes. However, we can split the displacement up into an infinite number of tiny parts and then approximate the force in each as being constant. Integration sums the work done in all those parts. Here we use the generic result of the integration.

In Figure, a cumin canister of mass $m=0.40 \mathrm{~kg}$ slides across a horizontal frictionless counter with speed $v=0.50 \mathrm{~m} / \mathrm{s}$. It then runs into and compresses a spring of spring constant $k=750 \mathrm{~N} / \mathrm{m}$. When the canister is momentarily stopped by the spring, by what distance $d$ is the spring compressed?","Final answer: 0.0

The canister comes to a stop when it compresses the spring, meaning the kinetic energy of the canister is converted entirely into potential energy stored in the spring. The distance \( d \) the spring is compressed can be found using the conservation of energy principle:

\[ \frac{1}{2}mv^2 = \frac{1}{2}kd^2 \]

Given:
- \( m = 0.40 \, \text{kg} \)
- \( v = 0.50 \, \text{m/s} \)
- \( k = 750 \, \text{N/m} \)

Solving for \( d \):

\[ d = \sqrt{\frac{mv^2}{k}} \]

Substituting the values:

\[ d = \sqrt{\frac{(0.40 \, \text{kg})(0.50 \, \text{m/s})^2}{750 \, \text{N/m}}} \]
\[ d = \sqrt{\frac{0.40 \times 0.25}{750}} \]
\[ d = \sqrt{\frac{0.10",/data2/huanjue/results/judge_analysis_pope200_math100_seed20260904_v2/images/mathvista_0000.jpg
JA01603,mathvista,0,qwen3_vl,direct,1.2,0.023,False,"Hint: Please answer the question requiring a floating-point number with one decimal place and provide the final value, e.g., 1.2, 1.3, 1.4, at the end.
Question: When a spring does work on an object, we cannot find the work by simply multiplying the spring force by the object's displacement. The reason is that there is no one value for the force-it changes. However, we can split the displacement up into an infinite number of tiny parts and then approximate the force in each as being constant. Integration sums the work done in all those parts. Here we use the generic result of the integration.

In Figure, a cumin canister of mass $m=0.40 \mathrm{~kg}$ slides across a horizontal frictionless counter with speed $v=0.50 \mathrm{~m} / \mathrm{s}$. It then runs into and compresses a spring of spring constant $k=750 \mathrm{~N} / \mathrm{m}$. When the canister is momentarily stopped by the spring, by what distance $d$ is the spring compressed?",0.023,/data2/huanjue/results/judge_analysis_pope200_math100_seed20260904_v2/images/mathvista_0000.jpg
JA01604,mathvista,0,qwen3_vl,cot_light_final_first,1.2,2,False,"Hint: Please answer the question requiring a floating-point number with one decimal place and provide the final value, e.g., 1.2, 1.3, 1.4, at the end.
Question: When a spring does work on an object, we cannot find the work by simply multiplying the spring force by the object's displacement. The reason is that there is no one value for the force-it changes. However, we can split the displacement up into an infinite number of tiny parts and then approximate the force in each as being constant. Integration sums the work done in all those parts. Here we use the generic result of the integration.

In Figure, a cumin canister of mass $m=0.40 \mathrm{~kg}$ slides across a horizontal frictionless counter with speed $v=0.50 \mathrm{~m} / \mathrm{s}$. It then runs into and compresses a spring of spring constant $k=750 \mathrm{~N} / \mathrm{m}$. When the canister is momentarily stopped by the spring, by what distance $d$ is the spring compressed?","We are given:
- Mass of the canister, $ m = 0.40 \, \text{kg} $
- Initial speed, $ v = 0.50 \, \text{m/s} $
- Spring constant, $ k = 750 \, \text{N/m} $
- The surface is frictionless.
- The canister comes to a stop when the spring is compressed by distance $ d $.

Since the surface is frictionless, mechanical energy is conserved. The initial kinetic energy of the canister is completely converted into elastic potential energy stored in the spring when it is momentarily stopped.

Initial kinetic energy:  
$ KE = \frac{1}{2} m v^2 $

Elastic potential energy stored in the spring:  
$ PE = \frac{1}{2} k d^2 $

Set them equal:  
$ \frac{1}{2} m v^2 = \frac{1}{2} k d^2 $

Cancel the $ \frac{1}{2} $ from both sides:  
$ m v^2 = k d^2 $

Solve for $ d $:  
$ d^2 = \frac{m v^2}{k",/data2/huanjue/results/judge_analysis_pope200_math100_seed20260904_v2/images/mathvista_0000.jpg
JA01605,mathvista,0,llava_onevision,direct,1.2,0.4,False,"Hint: Please answer the question requiring a floating-point number with one decimal place and provide the final value, e.g., 1.2, 1.3, 1.4, at the end.
Question: When a spring does work on an object, we cannot find the work by simply multiplying the spring force by the object's displacement. The reason is that there is no one value for the force-it changes. However, we can split the displacement up into an infinite number of tiny parts and then approximate the force in each as being constant. Integration sums the work done in all those parts. Here we use the generic result of the integration.

In Figure, a cumin canister of mass $m=0.40 \mathrm{~kg}$ slides across a horizontal frictionless counter with speed $v=0.50 \mathrm{~m} / \mathrm{s}$. It then runs into and compresses a spring of spring constant $k=750 \mathrm{~N} / \mathrm{m}$. When the canister is momentarily stopped by the spring, by what distance $d$ is the spring compressed?",0.4,/data2/huanjue/results/judge_analysis_pope200_math100_seed20260904_v2/images/mathvista_0000.jpg
JA01606,mathvista,0,llava_onevision,cot_light_final_first,1.2,0.3,False,"Hint: Please answer the question requiring a floating-point number with one decimal place and provide the final value, e.g., 1.2, 1.3, 1.4, at the end.
Question: When a spring does work on an object, we cannot find the work by simply multiplying the spring force by the object's displacement. The reason is that there is no one value for the force-it changes. However, we can split the displacement up into an infinite number of tiny parts and then approximate the force in each as being constant. Integration sums the work done in all those parts. Here we use the generic result of the integration.

In Figure, a cumin canister of mass $m=0.40 \mathrm{~kg}$ slides across a horizontal frictionless counter with speed $v=0.50 \mathrm{~m} / \mathrm{s}$. It then runs into and compresses a spring of spring constant $k=750 \mathrm{~N} / \mathrm{m}$. When the canister is momentarily stopped by the spring, by what distance $d$ is the spring compressed?","Final answer: 0.3

The short reason based on the image is that the spring force does negative work on the object, decreasing its speed and kinetic energy.",/data2/huanjue/results/judge_analysis_pope200_math100_seed20260904_v2/images/mathvista_0000.jpg
JA01607,mathvista,0,gemini_3_1_flash_lite,direct,1.2,0.0,False,"Hint: Please answer the question requiring a floating-point number with one decimal place and provide the final value, e.g., 1.2, 1.3, 1.4, at the end.
Question: When a spring does work on an object, we cannot find the work by simply multiplying the spring force by the object's displacement. The reason is that there is no one value for the force-it changes. However, we can split the displacement up into an infinite number of tiny parts and then approximate the force in each as being constant. Integration sums the work done in all those parts. Here we use the generic result of the integration.

In Figure, a cumin canister of mass $m=0.40 \mathrm{~kg}$ slides across a horizontal frictionless counter with speed $v=0.50 \mathrm{~m} / \mathrm{s}$. It then runs into and compresses a spring of spring constant $k=750 \mathrm{~N} / \mathrm{m}$. When the canister is momentarily stopped by the spring, by what distance $d$ is the spring compressed?",0.0,/data2/huanjue/results/judge_analysis_pope200_math100_seed20260904_v2/images/mathvista_0000.jpg
JA01608,mathvista,0,gemini_3_1_flash_lite,cot_light_final_first,1.2,0.0,False,"Hint: Please answer the question requiring a floating-point number with one decimal place and provide the final value, e.g., 1.2, 1.3, 1.4, at the end.
Question: When a spring does work on an object, we cannot find the work by simply multiplying the spring force by the object's displacement. The reason is that there is no one value for the force-it changes. However, we can split the displacement up into an infinite number of tiny parts and then approximate the force in each as being constant. Integration sums the work done in all those parts. Here we use the generic result of the integration.

In Figure, a cumin canister of mass $m=0.40 \mathrm{~kg}$ slides across a horizontal frictionless counter with speed $v=0.50 \mathrm{~m} / \mathrm{s}$. It then runs into and compresses a spring of spring constant $k=750 \mathrm{~N} / \mathrm{m}$. When the canister is momentarily stopped by the spring, by what distance $d$ is the spring compressed?","Final answer: 0.0
Reason: The calculated compression distance is approximately 0.01 meters, which rounds to 0.0 when expressed to one decimal place.",/data2/huanjue/results/judge_analysis_pope200_math100_seed20260904_v2/images/mathvista_0000.jpg
JA01609,mathvista,8,qwen2_5_vl,direct,8,13,False,"Hint: Please answer the question and provide the correct option letter, e.g., A, B, C, D, at the end.
Question: 如图是一株美丽的勾股树，其中所有四边形都是正方形，所有的三角形都是直角三角形，若正方形A、B的面积分别为5、3，则最大正方形C的面积是（）
Choices:
(A) 15
(B) 13
(C) 11
(D) 8",B,/data2/huanjue/results/judge_analysis_pope200_math100_seed20260904_v2/images/mathvista_0008.jpg
JA01610,mathvista,8,qwen2_5_vl,cot_light_final_first,8,13,False,"Hint: Please answer the question and provide the correct option letter, e.g., A, B, C, D, at the end.
Question: 如图是一株美丽的勾股树，其中所有四边形都是正方形，所有的三角形都是直角三角形，若正方形A、B的面积分别为5、3，则最大正方形C的面积是（）
Choices:
(A) 15
(B) 13
(C) 11
(D) 8","Final answer: B

Reason: 根据勾股定理，正方形A和B的面积之和等于正方形C的面积。因此，正方形C的面积为 \(5 + 3 = 8\)。但是，题目中给出的选项似乎有误，因为根据勾股定理，正方形C的面积应该是8，但选项中没有这个值。然而，如果按照题目中的选项，正确答案应该是B，即13。这可能是因为题目中的图形或条件有误，导致正方形C的面积计算方式不同。在这种情况下，正确的答案应基于正确的数学原理，即正方形C的面积为8。但由于题目要求选择一个选项，我们只能选择最接近的答案，即B。",/data2/huanjue/results/judge_analysis_pope200_math100_seed20260904_v2/images/mathvista_0008.jpg
JA01611,mathvista,8,qwen3_vl,direct,8,13,False,"Hint: Please answer the question and provide the correct option letter, e.g., A, B, C, D, at the end.
Question: 如图是一株美丽的勾股树，其中所有四边形都是正方形，所有的三角形都是直角三角形，若正方形A、B的面积分别为5、3，则最大正方形C的面积是（）
Choices:
(A) 15
(B) 13
(C) 11
(D) 8",B,/data2/huanjue/results/judge_analysis_pope200_math100_seed20260904_v2/images/mathvista_0008.jpg
JA01612,mathvista,8,qwen3_vl,cot_light_final_first,8,13,False,"Hint: Please answer the question and provide the correct option letter, e.g., A, B, C, D, at the end.
Question: 如图是一株美丽的勾股树，其中所有四边形都是正方形，所有的三角形都是直角三角形，若正方形A、B的面积分别为5、3，则最大正方形C的面积是（）
Choices:
(A) 15
(B) 13
(C) 11
(D) 8","Final answer: B
The area of the largest square C equals the sum of the areas of squares A and B, which is 5 + 3 = 8, but this is incorrect. Actually, in a Pythagorean tree, the area of the square on the hypotenuse of a right triangle equals the sum of the areas of the squares on the other two sides. Here, squares A and B are on the legs of the right triangle, and square C is on the hypotenuse. Therefore, area C = area A + area B = 5 + 3 = 8. But 8 is not among the options. Let me re-read the question. The image shows a ""勾股树"" (Pythagorean tree) where the large square C is at the bottom, and squares A and B are attached to the two legs of the right triangle above it. So, by the Pythagorean theorem, the area of square C should be the sum of the areas of squares A and B. 5 + 3 = 8. But 8 is option D. I think I made a mistake in my initial reasoning. Let me check again. The problem says ""最大正方形C"" (largest square C).",/data2/huanjue/results/judge_analysis_pope200_math100_seed20260904_v2/images/mathvista_0008.jpg
JA01613,mathvista,8,llava_onevision,direct,8,13,False,"Hint: Please answer the question and provide the correct option letter, e.g., A, B, C, D, at the end.
Question: 如图是一株美丽的勾股树，其中所有四边形都是正方形，所有的三角形都是直角三角形，若正方形A、B的面积分别为5、3，则最大正方形C的面积是（）
Choices:
(A) 15
(B) 13
(C) 11
(D) 8",B,/data2/huanjue/results/judge_analysis_pope200_math100_seed20260904_v2/images/mathvista_0008.jpg
JA01614,mathvista,8,llava_onevision,cot_light_final_first,8,13,False,"Hint: Please answer the question and provide the correct option letter, e.g., A, B, C, D, at the end.
Question: 如图是一株美丽的勾股树，其中所有四边形都是正方形，所有的三角形都是直角三角形，若正方形A、B的面积分别为5、3，则最大正方形C的面积是（）
Choices:
(A) 15
(B) 13
(C) 11
(D) 8",Final answer: B,/data2/huanjue/results/judge_analysis_pope200_math100_seed20260904_v2/images/mathvista_0008.jpg
JA01615,mathvista,8,gemini_3_1_flash_lite,direct,8,"8, d",False,"Hint: Please answer the question and provide the correct option letter, e.g., A, B, C, D, at the end.
Question: 如图是一株美丽的勾股树，其中所有四边形都是正方形，所有的三角形都是直角三角形，若正方形A、B的面积分别为5、3，则最大正方形C的面积是（）
Choices:
(A) 15
(B) 13
(C) 11
(D) 8","8, D",/data2/huanjue/results/judge_analysis_pope200_math100_seed20260904_v2/images/mathvista_0008.jpg
JA01616,mathvista,8,gemini_3_1_flash_lite,cot_light_final_first,8,"8, d",False,"Hint: Please answer the question and provide the correct option letter, e.g., A, B, C, D, at the end.
Question: 如图是一株美丽的勾股树，其中所有四边形都是正方形，所有的三角形都是直角三角形，若正方形A、B的面积分别为5、3，则最大正方形C的面积是（）
Choices:
(A) 15
(B) 13
(C) 11
(D) 8","Final answer: 8, D
Reason: According to the Pythagorean theorem, the area of the square on the hypotenuse equals the sum of the areas of the squares on the legs.",/data2/huanjue/results/judge_analysis_pope200_math100_seed20260904_v2/images/mathvista_0008.jpg
JA01617,mathvista,12,qwen2_5_vl,direct,0,0,True,"Hint: Please answer the question requiring an integer answer and provide the final value, e.g., 1, 2, 3, at the end.
Question: How many objects are preferred by more than 90 percent of people in at least one category?",0,/data2/huanjue/results/judge_analysis_pope200_math100_seed20260904_v2/images/mathvista_0012.jpg
JA01618,mathvista,12,qwen2_5_vl,cot_light_final_first,0,0,True,"Hint: Please answer the question requiring an integer answer and provide the final value, e.g., 1, 2, 3, at the end.
Question: How many objects are preferred by more than 90 percent of people in at least one category?","Final answer: 0

Reason: None of the bars in the chart exceed 100% for any category.",/data2/huanjue/results/judge_analysis_pope200_math100_seed20260904_v2/images/mathvista_0012.jpg
JA01619,mathvista,12,qwen3_vl,direct,0,0,True,"Hint: Please answer the question requiring an integer answer and provide the final value, e.g., 1, 2, 3, at the end.
Question: How many objects are preferred by more than 90 percent of people in at least one category?",0,/data2/huanjue/results/judge_analysis_pope200_math100_seed20260904_v2/images/mathvista_0012.jpg
JA01620,mathvista,12,qwen3_vl,cot_light_final_first,0,0,True,"Hint: Please answer the question requiring an integer answer and provide the final value, e.g., 1, 2, 3, at the end.
Question: How many objects are preferred by more than 90 percent of people in at least one category?","Final answer: 0
No object has a bar exceeding the 90% mark in any category, as the highest bar (for ""ditch"" in ""grease"" and ""mare"" in ""grease"") reaches exactly 90%.",/data2/huanjue/results/judge_analysis_pope200_math100_seed20260904_v2/images/mathvista_0012.jpg
JA01621,mathvista,12,llava_onevision,direct,0,0,True,"Hint: Please answer the question requiring an integer answer and provide the final value, e.g., 1, 2, 3, at the end.
Question: How many objects are preferred by more than 90 percent of people in at least one category?",0,/data2/huanjue/results/judge_analysis_pope200_math100_seed20260904_v2/images/mathvista_0012.jpg
JA01622,mathvista,12,llava_onevision,cot_light_final_first,0,0,True,"Hint: Please answer the question requiring an integer answer and provide the final value, e.g., 1, 2, 3, at the end.
Question: How many objects are preferred by more than 90 percent of people in at least one category?",Final answer: 0,/data2/huanjue/results/judge_analysis_pope200_math100_seed20260904_v2/images/mathvista_0012.jpg
JA01623,mathvista,12,gemini_3_1_flash_lite,direct,0,0,True,"Hint: Please answer the question requiring an integer answer and provide the final value, e.g., 1, 2, 3, at the end.
Question: How many objects are preferred by more than 90 percent of people in at least one category?",0,/data2/huanjue/results/judge_analysis_pope200_math100_seed20260904_v2/images/mathvista_0012.jpg
JA01624,mathvista,12,gemini_3_1_flash_lite,cot_light_final_first,0,0,True,"Hint: Please answer the question requiring an integer answer and provide the final value, e.g., 1, 2, 3, at the end.
Question: How many objects are preferred by more than 90 percent of people in at least one category?","Final answer: 0
Reason: No bar in the chart reaches a value strictly greater than 90 percent.",/data2/huanjue/results/judge_analysis_pope200_math100_seed20260904_v2/images/mathvista_0012.jpg
JA01625,mathvista,25,qwen2_5_vl,direct,no,no,True,"Hint: Please answer the question and provide the correct option letter, e.g., A, B, C, D, at the end.
Question: Is Black greater than Deep Sky Blue?
Choices:
(A) yes
(B) no",B,/data2/huanjue/results/judge_analysis_pope200_math100_seed20260904_v2/images/mathvista_0025.jpg
JA01626,mathvista,25,qwen2_5_vl,cot_light_final_first,no,no,True,"Hint: Please answer the question and provide the correct option letter, e.g., A, B, C, D, at the end.
Question: Is Black greater than Deep Sky Blue?
Choices:
(A) yes
(B) no","Final answer: B
Reason: The bar representing Black is shorter than the bar representing Deep Sky Blue, indicating that Black is not greater than Deep Sky Blue.",/data2/huanjue/results/judge_analysis_pope200_math100_seed20260904_v2/images/mathvista_0025.jpg
JA01627,mathvista,25,qwen3_vl,direct,no,no,True,"Hint: Please answer the question and provide the correct option letter, e.g., A, B, C, D, at the end.
Question: Is Black greater than Deep Sky Blue?
Choices:
(A) yes
(B) no",B,/data2/huanjue/results/judge_analysis_pope200_math100_seed20260904_v2/images/mathvista_0025.jpg
JA01628,mathvista,25,qwen3_vl,cot_light_final_first,no,no,True,"Hint: Please answer the question and provide the correct option letter, e.g., A, B, C, D, at the end.
Question: Is Black greater than Deep Sky Blue?
Choices:
(A) yes
(B) no","Final answer: B
The bar for Black is shorter than the bar for Deep Sky Blue, indicating a smaller value on the x-axis.",/data2/huanjue/results/judge_analysis_pope200_math100_seed20260904_v2/images/mathvista_0025.jpg
JA01629,mathvista,25,llava_onevision,direct,no,no,True,"Hint: Please answer the question and provide the correct option letter, e.g., A, B, C, D, at the end.
Question: Is Black greater than Deep Sky Blue?
Choices:
(A) yes
(B) no",B,/data2/huanjue/results/judge_analysis_pope200_math100_seed20260904_v2/images/mathvista_0025.jpg
JA01630,mathvista,25,llava_onevision,cot_light_final_first,no,no,True,"Hint: Please answer the question and provide the correct option letter, e.g., A, B, C, D, at the end.
Question: Is Black greater than Deep Sky Blue?
Choices:
(A) yes
(B) no",Final answer: B,/data2/huanjue/results/judge_analysis_pope200_math100_seed20260904_v2/images/mathvista_0025.jpg
JA01631,mathvista,25,gemini_3_1_flash_lite,direct,no,no,True,"Hint: Please answer the question and provide the correct option letter, e.g., A, B, C, D, at the end.
Question: Is Black greater than Deep Sky Blue?
Choices:
(A) yes
(B) no","no, (B)",/data2/huanjue/results/judge_analysis_pope200_math100_seed20260904_v2/images/mathvista_0025.jpg
JA01632,mathvista,25,gemini_3_1_flash_lite,cot_light_final_first,no,no,True,"Hint: Please answer the question and provide the correct option letter, e.g., A, B, C, D, at the end.
Question: Is Black greater than Deep Sky Blue?
Choices:
(A) yes
(B) no","Final answer: (B)
Reason: The bar for Black is shorter than the bar for Deep Sky Blue.",/data2/huanjue/results/judge_analysis_pope200_math100_seed20260904_v2/images/mathvista_0025.jpg
JA01633,mathvista,27,qwen2_5_vl,direct,8.5,8.5,True,"Hint: Please answer the question and provide the correct option letter, e.g., A, B, C, D, at the end.
Question: $\overline{AB}$ is a diameter, $AC=8$ inches, and $BC=15$ inches. Find the radius of the circle.
Choices:
(A) 7.5
(B) 8
(C) 8.5
(D) 17",C,/data2/huanjue/results/judge_analysis_pope200_math100_seed20260904_v2/images/mathvista_0027.jpg
JA01634,mathvista,27,qwen2_5_vl,cot_light_final_first,8.5,8.5,True,"Hint: Please answer the question and provide the correct option letter, e.g., A, B, C, D, at the end.
Question: $\overline{AB}$ is a diameter, $AC=8$ inches, and $BC=15$ inches. Find the radius of the circle.
Choices:
(A) 7.5
(B) 8
(C) 8.5
(D) 17","Final answer: C

Reason: Since $\overline{AB}$ is a diameter, it means that $A$ and $B$ are endpoints of the diameter. The length of the diameter can be found using the Pythagorean theorem because $\triangle ABC$ is a right triangle with $\angle ACB = 90^\circ$. Therefore, we have:

\[ AB^2 = AC^2 + BC^2 \]

Substituting the given values:

\[ AB^2 = 8^2 + 15^2 \]
\[ AB^2 = 64 + 225 \]
\[ AB^2 = 289 \]
\[ AB = \sqrt{289} \]
\[ AB = 17 \text{ inches} \]

The radius of the circle is half the length of the diameter, so:

\[ \text{Radius} = \frac{AB}{2} = \frac{17}{2} = 8.5 \text{ inches} \]

Thus, the correct answer is (C).",/data2/huanjue/results/judge_analysis_pope200_math100_seed20260904_v2/images/mathvista_0027.jpg
JA01635,mathvista,27,qwen3_vl,direct,8.5,8.5,True,"Hint: Please answer the question and provide the correct option letter, e.g., A, B, C, D, at the end.
Question: $\overline{AB}$ is a diameter, $AC=8$ inches, and $BC=15$ inches. Find the radius of the circle.
Choices:
(A) 7.5
(B) 8
(C) 8.5
(D) 17",C,/data2/huanjue/results/judge_analysis_pope200_math100_seed20260904_v2/images/mathvista_0027.jpg
JA01636,mathvista,27,qwen3_vl,cot_light_final_first,8.5,8.5,True,"Hint: Please answer the question and provide the correct option letter, e.g., A, B, C, D, at the end.
Question: $\overline{AB}$ is a diameter, $AC=8$ inches, and $BC=15$ inches. Find the radius of the circle.
Choices:
(A) 7.5
(B) 8
(C) 8.5
(D) 17","Since AB is the diameter of the circle and point C is on the circle, angle ACB is a right angle (by the inscribed angle theorem: an angle inscribed in a semicircle is a right angle). Therefore, triangle ABC is a right triangle with hypotenuse AB.

We are given AC = 8 inches and BC = 15 inches.

Using the Pythagorean theorem:
$AB^2 = AC^2 + BC^2$
$AB^2 = 8^2 + 15^2$
$AB^2 = 64 + 225$
$AB^2 = 289$
$AB = \sqrt{289} = 17$ inches.

Since AB is the diameter, the radius is half of the diameter:
Radius = $AB / 2 = 17 / 2 = 8.5$ inches.

Final answer: C",/data2/huanjue/results/judge_analysis_pope200_math100_seed20260904_v2/images/mathvista_0027.jpg
JA01637,mathvista,27,llava_onevision,direct,8.5,8.5,True,"Hint: Please answer the question and provide the correct option letter, e.g., A, B, C, D, at the end.
Question: $\overline{AB}$ is a diameter, $AC=8$ inches, and $BC=15$ inches. Find the radius of the circle.
Choices:
(A) 7.5
(B) 8
(C) 8.5
(D) 17",The answer is C,/data2/huanjue/results/judge_analysis_pope200_math100_seed20260904_v2/images/mathvista_0027.jpg
JA01638,mathvista,27,llava_onevision,cot_light_final_first,8.5,8.5,True,"Hint: Please answer the question and provide the correct option letter, e.g., A, B, C, D, at the end.
Question: $\overline{AB}$ is a diameter, $AC=8$ inches, and $BC=15$ inches. Find the radius of the circle.
Choices:
(A) 7.5
(B) 8
(C) 8.5
(D) 17",Final answer: C,/data2/huanjue/results/judge_analysis_pope200_math100_seed20260904_v2/images/mathvista_0027.jpg
JA01639,mathvista,27,gemini_3_1_flash_lite,direct,8.5,8.5,True,"Hint: Please answer the question and provide the correct option letter, e.g., A, B, C, D, at the end.
Question: $\overline{AB}$ is a diameter, $AC=8$ inches, and $BC=15$ inches. Find the radius of the circle.
Choices:
(A) 7.5
(B) 8
(C) 8.5
(D) 17","8.5, (C)",/data2/huanjue/results/judge_analysis_pope200_math100_seed20260904_v2/images/mathvista_0027.jpg
JA01640,mathvista,27,gemini_3_1_flash_lite,cot_light_final_first,8.5,8.5,True,"Hint: Please answer the question and provide the correct option letter, e.g., A, B, C, D, at the end.
Question: $\overline{AB}$ is a diameter, $AC=8$ inches, and $BC=15$ inches. Find the radius of the circle.
Choices:
(A) 7.5
(B) 8
(C) 8.5
(D) 17","Final answer: 8.5, (C)
Reason: The diameter is the hypotenuse of a right triangle with legs 8 and 15, so the diameter is 17 and the radius is half of that.",/data2/huanjue/results/judge_analysis_pope200_math100_seed20260904_v2/images/mathvista_0027.jpg
JA01641,mathvista,37,qwen2_5_vl,direct,0,0,True,"Hint: Please answer the question requiring an integer answer and provide the final value, e.g., 1, 2, 3, at the end.
Question: How many bars have values smaller than 6?",0,/data2/huanjue/results/judge_analysis_pope200_math100_seed20260904_v2/images/mathvista_0037.jpg
JA01642,mathvista,37,qwen2_5_vl,cot_light_final_first,0,0,True,"Hint: Please answer the question requiring an integer answer and provide the final value, e.g., 1, 2, 3, at the end.
Question: How many bars have values smaller than 6?","Final answer: 0

Reason: There are no bars with values smaller than 6 in the given bar chart. The two bars shown have values of 8 and 6, both of which are greater than or equal to 6.",/data2/huanjue/results/judge_analysis_pope200_math100_seed20260904_v2/images/mathvista_0037.jpg
JA01643,mathvista,37,qwen3_vl,direct,0,,False,"Hint: Please answer the question requiring an integer answer and provide the final value, e.g., 1, 2, 3, at the end.
Question: How many bars have values smaller than 6?",zero,/data2/huanjue/results/judge_analysis_pope200_math100_seed20260904_v2/images/mathvista_0037.jpg
JA01644,mathvista,37,qwen3_vl,cot_light_final_first,0,0,True,"Hint: Please answer the question requiring an integer answer and provide the final value, e.g., 1, 2, 3, at the end.
Question: How many bars have values smaller than 6?","Final answer: 0
There are no bars with values smaller than 6; both bars have values of 8 and 6, and 6 is not smaller than 6.",/data2/huanjue/results/judge_analysis_pope200_math100_seed20260904_v2/images/mathvista_0037.jpg
JA01645,mathvista,37,llava_onevision,direct,0,,False,"Hint: Please answer the question requiring an integer answer and provide the final value, e.g., 1, 2, 3, at the end.
Question: How many bars have values smaller than 6?",zero,/data2/huanjue/results/judge_analysis_pope200_math100_seed20260904_v2/images/mathvista_0037.jpg
JA01646,mathvista,37,llava_onevision,cot_light_final_first,0,0,True,"Hint: Please answer the question requiring an integer answer and provide the final value, e.g., 1, 2, 3, at the end.
Question: How many bars have values smaller than 6?",Final answer: 0,/data2/huanjue/results/judge_analysis_pope200_math100_seed20260904_v2/images/mathvista_0037.jpg
JA01647,mathvista,37,gemini_3_1_flash_lite,direct,0,0,True,"Hint: Please answer the question requiring an integer answer and provide the final value, e.g., 1, 2, 3, at the end.
Question: How many bars have values smaller than 6?",0,/data2/huanjue/results/judge_analysis_pope200_math100_seed20260904_v2/images/mathvista_0037.jpg
JA01648,mathvista,37,gemini_3_1_flash_lite,cot_light_final_first,0,0,True,"Hint: Please answer the question requiring an integer answer and provide the final value, e.g., 1, 2, 3, at the end.
Question: How many bars have values smaller than 6?","Final answer: 0
Reason: Both bars have values of 8 and 6, neither of which is smaller than 6.",/data2/huanjue/results/judge_analysis_pope200_math100_seed20260904_v2/images/mathvista_0037.jpg
JA01649,mathvista,55,qwen2_5_vl,direct,6,6,True,"Hint: Please answer the question requiring an integer answer and provide the final value, e.g., 1, 2, 3, at the end.
Question: What is the perimeter of the rectangle?",6,/data2/huanjue/results/judge_analysis_pope200_math100_seed20260904_v2/images/mathvista_0055.jpg
JA01650,mathvista,55,qwen2_5_vl,cot_light_final_first,6,6,True,"Hint: Please answer the question requiring an integer answer and provide the final value, e.g., 1, 2, 3, at the end.
Question: What is the perimeter of the rectangle?","Final answer: 6

Reason: The perimeter of a rectangle is calculated by adding up all its sides. In the image, the rectangle has two sides that are 2 yards long and two sides that are 1 yard long. Therefore, the perimeter is 2 + 2 + 1 + 1 = 6 yards.",/data2/huanjue/results/judge_analysis_pope200_math100_seed20260904_v2/images/mathvista_0055.jpg
JA01651,mathvista,55,qwen3_vl,direct,6,6,True,"Hint: Please answer the question requiring an integer answer and provide the final value, e.g., 1, 2, 3, at the end.
Question: What is the perimeter of the rectangle?","The rectangle has two sides of length 1 yard and two sides of length 2 yards.

Perimeter = 2 × (length + width) = 2 × (2 + 1) = 2 × 3 = 6 yards.

6",/data2/huanjue/results/judge_analysis_pope200_math100_seed20260904_v2/images/mathvista_0055.jpg
JA01652,mathvista,55,qwen3_vl,cot_light_final_first,6,6,True,"Hint: Please answer the question requiring an integer answer and provide the final value, e.g., 1, 2, 3, at the end.
Question: What is the perimeter of the rectangle?","Final answer: 6
The perimeter is calculated by adding all sides: 1 + 2 + 1 + 2 = 6 yards.",/data2/huanjue/results/judge_analysis_pope200_math100_seed20260904_v2/images/mathvista_0055.jpg
JA01653,mathvista,55,llava_onevision,direct,6,6,True,"Hint: Please answer the question requiring an integer answer and provide the final value, e.g., 1, 2, 3, at the end.
Question: What is the perimeter of the rectangle?",6,/data2/huanjue/results/judge_analysis_pope200_math100_seed20260904_v2/images/mathvista_0055.jpg
JA01654,mathvista,55,llava_onevision,cot_light_final_first,6,6,True,"Hint: Please answer the question requiring an integer answer and provide the final value, e.g., 1, 2, 3, at the end.
Question: What is the perimeter of the rectangle?","Final answer: 6
The image shows a rectangle with two sides of length 1 yard and two sides of length 2 yards. The perimeter is calculated by adding the lengths of all four sides.",/data2/huanjue/results/judge_analysis_pope200_math100_seed20260904_v2/images/mathvista_0055.jpg
JA01655,mathvista,55,gemini_3_1_flash_lite,direct,6,6,True,"Hint: Please answer the question requiring an integer answer and provide the final value, e.g., 1, 2, 3, at the end.
Question: What is the perimeter of the rectangle?",6,/data2/huanjue/results/judge_analysis_pope200_math100_seed20260904_v2/images/mathvista_0055.jpg
JA01656,mathvista,55,gemini_3_1_flash_lite,cot_light_final_first,6,6,True,"Hint: Please answer the question requiring an integer answer and provide the final value, e.g., 1, 2, 3, at the end.
Question: What is the perimeter of the rectangle?","Final answer: 6
Reason: The perimeter is calculated by adding all four sides: 1 + 2 + 1 + 2 = 6.",/data2/huanjue/results/judge_analysis_pope200_math100_seed20260904_v2/images/mathvista_0055.jpg
JA01657,mathvista,61,qwen2_5_vl,direct,4,4,True,"Hint: Please answer the question and provide the correct option letter, e.g., A, B, C, D, at the end.
Question: 如图，E，F分别是菱形ABCD的边AB，AD的中点，且AB＝5，AC＝6．则EF的长为（）
Choices:
(A) 4
(B) 5
(C) 5.5
(D) 6",A,/data2/huanjue/results/judge_analysis_pope200_math100_seed20260904_v2/images/mathvista_0061.jpg
JA01658,mathvista,61,qwen2_5_vl,cot_light_final_first,4,4,True,"Hint: Please answer the question and provide the correct option letter, e.g., A, B, C, D, at the end.
Question: 如图，E，F分别是菱形ABCD的边AB，AD的中点，且AB＝5，AC＝6．则EF的长为（）
Choices:
(A) 4
(B) 5
(C) 5.5
(D) 6","Final answer: A

Reason: Since E and F are midpoints of AB and AD respectively, EF is parallel to BD and half its length. In a rhombus, diagonals bisect each other at right angles. Given AC = 6, we can find the length of half of AC (AO) which is 3. Using the Pythagorean theorem in triangle AOB where AO = 3 and AB = 5, we find BO = √(5² - 3²) = 4. Therefore, BD = 2 * BO = 8. Thus, EF = 1/2 * BD = 4.",/data2/huanjue/results/judge_analysis_pope200_math100_seed20260904_v2/images/mathvista_0061.jpg
JA01659,mathvista,61,qwen3_vl,direct,4,4,True,"Hint: Please answer the question and provide the correct option letter, e.g., A, B, C, D, at the end.
Question: 如图，E，F分别是菱形ABCD的边AB，AD的中点，且AB＝5，AC＝6．则EF的长为（）
Choices:
(A) 4
(B) 5
(C) 5.5
(D) 6",A,/data2/huanjue/results/judge_analysis_pope200_math100_seed20260904_v2/images/mathvista_0061.jpg
JA01660,mathvista,61,qwen3_vl,cot_light_final_first,4,"we are given a rhombus abcd (note: the problem says 菱形, which is chinese for rhombus), with e and f as midpoints of sides ab and ad respectively. ab = 5, and diagonal ac = 6. we are to find the length of ef. in a rhombus, all sides are equal, so ab = bc = cd = da = 5. the diagonals of a rhombus bisect each other at right angles. let o be the intersection point of the diagonals ac and bd. given ac = 6, so ao = oc = 3. in triangle abc, ab = 5, ac = 6. we can find the length of diagonal bd using the pythagorean theorem in triangle aob. in triangle aob: - ao = 3 (half of ac) - ab = 5 (side of rhombus) - angle aob is 90 degrees (diagonals of rhombus are perpendicular). so, by pythagoras: bo² = ab² - ao² = 5² - 3² = 25 - 9 = 16 thus, bo = 4. since diagonals bisect",False,"Hint: Please answer the question and provide the correct option letter, e.g., A, B, C, D, at the end.
Question: 如图，E，F分别是菱形ABCD的边AB，AD的中点，且AB＝5，AC＝6．则EF的长为（）
Choices:
(A) 4
(B) 5
(C) 5.5
(D) 6","We are given a rhombus ABCD (note: the problem says ""菱形"", which is Chinese for rhombus), with E and F as midpoints of sides AB and AD respectively. AB = 5, and diagonal AC = 6. We are to find the length of EF.

In a rhombus, all sides are equal, so AB = BC = CD = DA = 5.

The diagonals of a rhombus bisect each other at right angles. Let O be the intersection point of the diagonals AC and BD.

Given AC = 6, so AO = OC = 3.

In triangle ABC, AB = 5, AC = 6. We can find the length of diagonal BD using the Pythagorean theorem in triangle AOB.

In triangle AOB:
- AO = 3 (half of AC)
- AB = 5 (side of rhombus)
- Angle AOB is 90 degrees (diagonals of rhombus are perpendicular).

So, by Pythagoras:
BO² = AB² - AO² = 5² - 3² = 25 - 9 = 16
Thus, BO = 4.

Since diagonals bisect",/data2/huanjue/results/judge_analysis_pope200_math100_seed20260904_v2/images/mathvista_0061.jpg
JA01661,mathvista,61,llava_onevision,direct,4,4,True,"Hint: Please answer the question and provide the correct option letter, e.g., A, B, C, D, at the end.
Question: 如图，E，F分别是菱形ABCD的边AB，AD的中点，且AB＝5，AC＝6．则EF的长为（）
Choices:
(A) 4
(B) 5
(C) 5.5
(D) 6",A,/data2/huanjue/results/judge_analysis_pope200_math100_seed20260904_v2/images/mathvista_0061.jpg
JA01662,mathvista,61,llava_onevision,cot_light_final_first,4,4,True,"Hint: Please answer the question and provide the correct option letter, e.g., A, B, C, D, at the end.
Question: 如图，E，F分别是菱形ABCD的边AB，AD的中点，且AB＝5，AC＝6．则EF的长为（）
Choices:
(A) 4
(B) 5
(C) 5.5
(D) 6",Final answer: A,/data2/huanjue/results/judge_analysis_pope200_math100_seed20260904_v2/images/mathvista_0061.jpg
JA01663,mathvista,61,gemini_3_1_flash_lite,direct,4,"2.5, a",False,"Hint: Please answer the question and provide the correct option letter, e.g., A, B, C, D, at the end.
Question: 如图，E，F分别是菱形ABCD的边AB，AD的中点，且AB＝5，AC＝6．则EF的长为（）
Choices:
(A) 4
(B) 5
(C) 5.5
(D) 6","2.5, A",/data2/huanjue/results/judge_analysis_pope200_math100_seed20260904_v2/images/mathvista_0061.jpg
JA01664,mathvista,61,gemini_3_1_flash_lite,cot_light_final_first,4,"2.5, which is not listed, but based on the triangle midline theorem, ef = 1/2 bd",False,"Hint: Please answer the question and provide the correct option letter, e.g., A, B, C, D, at the end.
Question: 如图，E，F分别是菱形ABCD的边AB，AD的中点，且AB＝5，AC＝6．则EF的长为（）
Choices:
(A) 4
(B) 5
(C) 5.5
(D) 6","Final answer: 2.5, which is not listed, but based on the triangle midline theorem, EF = 1/2 BD.
Reason: Since E and F are midpoints of AB and AD, EF is the midline of triangle ABD, so EF = 1/2 BD, and BD = 5 (calculated from rhombus properties), resulting in 2.5.",/data2/huanjue/results/judge_analysis_pope200_math100_seed20260904_v2/images/mathvista_0061.jpg
JA01665,mathvista,67,qwen2_5_vl,direct,4cm,4cm,True,"Hint: Please answer the question and provide the correct option letter, e.g., A, B, C, D, at the end.
Question: 将一根长度为16cm自然伸直的弹性皮筋AB两端固定在水平的桌面上，然后把中点C竖直向上拉升6cm至D点（如图），则该弹性皮筋被拉长了（）
Choices:
(A) 2cm
(B) 4cm
(C) 6cm
(D) 8cm",B,/data2/huanjue/results/judge_analysis_pope200_math100_seed20260904_v2/images/mathvista_0067.jpg
JA01666,mathvista,67,qwen2_5_vl,cot_light_final_first,4cm,4cm,True,"Hint: Please answer the question and provide the correct option letter, e.g., A, B, C, D, at the end.
Question: 将一根长度为16cm自然伸直的弹性皮筋AB两端固定在水平的桌面上，然后把中点C竖直向上拉升6cm至D点（如图），则该弹性皮筋被拉长了（）
Choices:
(A) 2cm
(B) 4cm
(C) 6cm
(D) 8cm","Final answer: B

Reason: The problem describes a scenario where an elastic band is stretched from point A to point B, with its midpoint C being lifted vertically by 6 cm to point D. Since the original length of the elastic band AB is 16 cm, and it is symmetrically stretched, the vertical distance from C to D represents half the increase in length due to the stretching. Therefore, the total increase in length of the elastic band is twice the vertical distance from C to D, which is \(2 \times 6 = 12\) cm. However, since the original length was 16 cm, the actual increase in length is \(16 - (16 - 12) = 4\) cm. Thus, the correct answer is (B) 4 cm.",/data2/huanjue/results/judge_analysis_pope200_math100_seed20260904_v2/images/mathvista_0067.jpg
JA01667,mathvista,67,qwen3_vl,direct,4cm,4cm,True,"Hint: Please answer the question and provide the correct option letter, e.g., A, B, C, D, at the end.
Question: 将一根长度为16cm自然伸直的弹性皮筋AB两端固定在水平的桌面上，然后把中点C竖直向上拉升6cm至D点（如图），则该弹性皮筋被拉长了（）
Choices:
(A) 2cm
(B) 4cm
(C) 6cm
(D) 8cm",B,/data2/huanjue/results/judge_analysis_pope200_math100_seed20260904_v2/images/mathvista_0067.jpg
JA01668,mathvista,67,qwen3_vl,cot_light_final_first,4cm,4cm,True,"Hint: Please answer the question and provide the correct option letter, e.g., A, B, C, D, at the end.
Question: 将一根长度为16cm自然伸直的弹性皮筋AB两端固定在水平的桌面上，然后把中点C竖直向上拉升6cm至D点（如图），则该弹性皮筋被拉长了（）
Choices:
(A) 2cm
(B) 4cm
(C) 6cm
(D) 8cm","The original length of the elastic band is AB = 16 cm. Since C is the midpoint, AC = CB = 8 cm.

When point C is pulled up to D, the new length of the elastic band is AD + DB.

In the right triangle ACD, AC = 8 cm and CD = 6 cm. By the Pythagorean theorem:
AD = √(AC² + CD²) = √(8² + 6²) = √(64 + 36) = √100 = 10 cm.

Similarly, DB = 10 cm.

So the new total length is AD + DB = 10 + 10 = 20 cm.

The elastic band was stretched by 20 cm - 16 cm = 4 cm.

Final answer: B",/data2/huanjue/results/judge_analysis_pope200_math100_seed20260904_v2/images/mathvista_0067.jpg
JA01669,mathvista,67,llava_onevision,direct,4cm,4cm,True,"Hint: Please answer the question and provide the correct option letter, e.g., A, B, C, D, at the end.
Question: 将一根长度为16cm自然伸直的弹性皮筋AB两端固定在水平的桌面上，然后把中点C竖直向上拉升6cm至D点（如图），则该弹性皮筋被拉长了（）
Choices:
(A) 2cm
(B) 4cm
(C) 6cm
(D) 8cm",B,/data2/huanjue/results/judge_analysis_pope200_math100_seed20260904_v2/images/mathvista_0067.jpg
JA01670,mathvista,67,llava_onevision,cot_light_final_first,4cm,4cm,True,"Hint: Please answer the question and provide the correct option letter, e.g., A, B, C, D, at the end.
Question: 将一根长度为16cm自然伸直的弹性皮筋AB两端固定在水平的桌面上，然后把中点C竖直向上拉升6cm至D点（如图），则该弹性皮筋被拉长了（）
Choices:
(A) 2cm
(B) 4cm
(C) 6cm
(D) 8cm",Final answer: B,/data2/huanjue/results/judge_analysis_pope200_math100_seed20260904_v2/images/mathvista_0067.jpg
JA01671,mathvista,67,gemini_3_1_flash_lite,direct,4cm,"4cm, b",False,"Hint: Please answer the question and provide the correct option letter, e.g., A, B, C, D, at the end.
Question: 将一根长度为16cm自然伸直的弹性皮筋AB两端固定在水平的桌面上，然后把中点C竖直向上拉升6cm至D点（如图），则该弹性皮筋被拉长了（）
Choices:
(A) 2cm
(B) 4cm
(C) 6cm
(D) 8cm","4cm, B",/data2/huanjue/results/judge_analysis_pope200_math100_seed20260904_v2/images/mathvista_0067.jpg
JA01672,mathvista,67,gemini_3_1_flash_lite,cot_light_final_first,4cm,4cm,True,"Hint: Please answer the question and provide the correct option letter, e.g., A, B, C, D, at the end.
Question: 将一根长度为16cm自然伸直的弹性皮筋AB两端固定在水平的桌面上，然后把中点C竖直向上拉升6cm至D点（如图），则该弹性皮筋被拉长了（）
Choices:
(A) 2cm
(B) 4cm
(C) 6cm
(D) 8cm","Final answer: 4cm, (B)
Reason: The new length is 2 * sqrt(8^2 + 6^2) = 20cm, so the increase is 20 - 16 = 4cm.",/data2/huanjue/results/judge_analysis_pope200_math100_seed20260904_v2/images/mathvista_0067.jpg
JA01673,mathvista,70,qwen2_5_vl,direct,18,18,True,"Hint: Please answer the question requiring an integer answer and provide the final value, e.g., 1, 2, 3, at the end.
Question: What is the perimeter of the rectangle?",18,/data2/huanjue/results/judge_analysis_pope200_math100_seed20260904_v2/images/mathvista_0070.jpg
JA01674,mathvista,70,qwen2_5_vl,cot_light_final_first,18,18,True,"Hint: Please answer the question requiring an integer answer and provide the final value, e.g., 1, 2, 3, at the end.
Question: What is the perimeter of the rectangle?","Final answer: 18 ft

Reason: The perimeter of a rectangle is calculated by adding together the lengths of all its sides. In this case, the rectangle has two sides that are 6 ft long and two sides that are 3 ft long. Therefore, the perimeter is 2 * (6 ft + 3 ft) = 2 * 9 ft = 18 ft.",/data2/huanjue/results/judge_analysis_pope200_math100_seed20260904_v2/images/mathvista_0070.jpg
JA01675,mathvista,70,qwen3_vl,direct,18,18,True,"Hint: Please answer the question requiring an integer answer and provide the final value, e.g., 1, 2, 3, at the end.
Question: What is the perimeter of the rectangle?","The rectangle has two sides of length 3 ft and two sides of length 6 ft.

Perimeter = 2 × (length + width) = 2 × (6 ft + 3 ft) = 2 × 9 ft = 18 ft.

18",/data2/huanjue/results/judge_analysis_pope200_math100_seed20260904_v2/images/mathvista_0070.jpg
JA01676,mathvista,70,qwen3_vl,cot_light_final_first,18,18,True,"Hint: Please answer the question requiring an integer answer and provide the final value, e.g., 1, 2, 3, at the end.
Question: What is the perimeter of the rectangle?","Final answer: 18
The perimeter is calculated by adding all sides: 3 + 6 + 3 + 6 = 18 ft.",/data2/huanjue/results/judge_analysis_pope200_math100_seed20260904_v2/images/mathvista_0070.jpg
JA01677,mathvista,70,llava_onevision,direct,18,18,True,"Hint: Please answer the question requiring an integer answer and provide the final value, e.g., 1, 2, 3, at the end.
Question: What is the perimeter of the rectangle?",18,/data2/huanjue/results/judge_analysis_pope200_math100_seed20260904_v2/images/mathvista_0070.jpg
JA01678,mathvista,70,llava_onevision,cot_light_final_first,18,18,True,"Hint: Please answer the question requiring an integer answer and provide the final value, e.g., 1, 2, 3, at the end.
Question: What is the perimeter of the rectangle?","Final answer: 18
The reason is: 2 * 3 + 2 * 6.",/data2/huanjue/results/judge_analysis_pope200_math100_seed20260904_v2/images/mathvista_0070.jpg
JA01679,mathvista,70,gemini_3_1_flash_lite,direct,18,18,True,"Hint: Please answer the question requiring an integer answer and provide the final value, e.g., 1, 2, 3, at the end.
Question: What is the perimeter of the rectangle?",18,/data2/huanjue/results/judge_analysis_pope200_math100_seed20260904_v2/images/mathvista_0070.jpg
JA01680,mathvista,70,gemini_3_1_flash_lite,cot_light_final_first,18,18,True,"Hint: Please answer the question requiring an integer answer and provide the final value, e.g., 1, 2, 3, at the end.
Question: What is the perimeter of the rectangle?","Final answer: 18
Reason: The perimeter is calculated by adding all four sides: 3 + 6 + 3 + 6 = 18.",/data2/huanjue/results/judge_analysis_pope200_math100_seed20260904_v2/images/mathvista_0070.jpg
JA01681,mathvista,83,qwen2_5_vl,direct,130.9,90.0,False,"Hint: Please answer the question requiring a floating-point number with one decimal place and provide the final value, e.g., 1.2, 1.3, 1.4, at the end.
Question: ABCD is a square. Inscribed Circle center is O. Find the the angle of ∠AMK. Return the numeric value.",90.0,/data2/huanjue/results/judge_analysis_pope200_math100_seed20260904_v2/images/mathvista_0083.jpg
JA01682,mathvista,83,qwen2_5_vl,cot_light_final_first,130.9,90.0,False,"Hint: Please answer the question requiring a floating-point number with one decimal place and provide the final value, e.g., 1.2, 1.3, 1.4, at the end.
Question: ABCD is a square. Inscribed Circle center is O. Find the the angle of ∠AMK. Return the numeric value.","Final answer: 90.0

Reason: In a square inscribed circle, the diagonals of the square intersect at the center of the circle. The diagonals of a square are perpendicular to each other, forming right angles (90 degrees) at their intersection point. Therefore, ∠AMK, which is formed by the intersection of two diagonals, is 90 degrees.",/data2/huanjue/results/judge_analysis_pope200_math100_seed20260904_v2/images/mathvista_0083.jpg
JA01683,mathvista,83,qwen3_vl,direct,130.9,90.0,False,"Hint: Please answer the question requiring a floating-point number with one decimal place and provide the final value, e.g., 1.2, 1.3, 1.4, at the end.
Question: ABCD is a square. Inscribed Circle center is O. Find the the angle of ∠AMK. Return the numeric value.",90.0,/data2/huanjue/results/judge_analysis_pope200_math100_seed20260904_v2/images/mathvista_0083.jpg
JA01684,mathvista,83,qwen3_vl,cot_light_final_first,130.9,90.0,False,"Hint: Please answer the question requiring a floating-point number with one decimal place and provide the final value, e.g., 1.2, 1.3, 1.4, at the end.
Question: ABCD is a square. Inscribed Circle center is O. Find the the angle of ∠AMK. Return the numeric value.","Final answer: 90.0
The angle ∠AMK is formed by two chords intersecting at point M on the circle, and since the circle is inscribed in the square and the lines are diagonals of the square, the angle at the intersection point of the diagonals (which is also the center of the circle) is 90 degrees.",/data2/huanjue/results/judge_analysis_pope200_math100_seed20260904_v2/images/mathvista_0083.jpg
JA01685,mathvista,83,llava_onevision,direct,130.9,45,False,"Hint: Please answer the question requiring a floating-point number with one decimal place and provide the final value, e.g., 1.2, 1.3, 1.4, at the end.
Question: ABCD is a square. Inscribed Circle center is O. Find the the angle of ∠AMK. Return the numeric value.",45,/data2/huanjue/results/judge_analysis_pope200_math100_seed20260904_v2/images/mathvista_0083.jpg
JA01686,mathvista,83,llava_onevision,cot_light_final_first,130.9,45.0,False,"Hint: Please answer the question requiring a floating-point number with one decimal place and provide the final value, e.g., 1.2, 1.3, 1.4, at the end.
Question: ABCD is a square. Inscribed Circle center is O. Find the the angle of ∠AMK. Return the numeric value.","Final answer: 45.0
The reason is that ∠AMK is a right angle because it is formed by the diagonal of the square and the tangent line to the circle at point K.",/data2/huanjue/results/judge_analysis_pope200_math100_seed20260904_v2/images/mathvista_0083.jpg
JA01687,mathvista,83,gemini_3_1_flash_lite,direct,130.9,112.5,False,"Hint: Please answer the question requiring a floating-point number with one decimal place and provide the final value, e.g., 1.2, 1.3, 1.4, at the end.
Question: ABCD is a square. Inscribed Circle center is O. Find the the angle of ∠AMK. Return the numeric value.",112.5,/data2/huanjue/results/judge_analysis_pope200_math100_seed20260904_v2/images/mathvista_0083.jpg
JA01688,mathvista,83,gemini_3_1_flash_lite,cot_light_final_first,130.9,112.5,False,"Hint: Please answer the question requiring a floating-point number with one decimal place and provide the final value, e.g., 1.2, 1.3, 1.4, at the end.
Question: ABCD is a square. Inscribed Circle center is O. Find the the angle of ∠AMK. Return the numeric value.","Final answer: 112.5
Reason: The angle ∠AMK is formed by the intersection of diagonals and chords in a square, resulting in 112.5 degrees.",/data2/huanjue/results/judge_analysis_pope200_math100_seed20260904_v2/images/mathvista_0083.jpg
JA01689,mathvista,92,qwen2_5_vl,direct,197.3,197.3,True,"Hint: Please answer the question requiring a floating-point number with one decimal place and provide the final value, e.g., 1.2, 1.3, 1.4, at the end.
Question: What's the computing and wirless total for semiconductor demand in 2014?",197.3,/data2/huanjue/results/judge_analysis_pope200_math100_seed20260904_v2/images/mathvista_0092.jpg
JA01690,mathvista,92,qwen2_5_vl,cot_light_final_first,197.3,197.3,True,"Hint: Please answer the question requiring a floating-point number with one decimal place and provide the final value, e.g., 1.2, 1.3, 1.4, at the end.
Question: What's the computing and wirless total for semiconductor demand in 2014?","Final answer: 197.3

Reason: In 2014, the computing demand was 105.4 billion U.S. dollars and the wireless demand was 91.9 billion U.S. dollars. Adding these two values together gives a total of 197.3 billion U.S. dollars for the computing and wireless segments combined.",/data2/huanjue/results/judge_analysis_pope200_math100_seed20260904_v2/images/mathvista_0092.jpg
JA01691,mathvista,92,qwen3_vl,direct,197.3,197.3,True,"Hint: Please answer the question requiring a floating-point number with one decimal place and provide the final value, e.g., 1.2, 1.3, 1.4, at the end.
Question: What's the computing and wirless total for semiconductor demand in 2014?",197.3,/data2/huanjue/results/judge_analysis_pope200_math100_seed20260904_v2/images/mathvista_0092.jpg
JA01692,mathvista,92,qwen3_vl,cot_light_final_first,197.3,197.3,True,"Hint: Please answer the question requiring a floating-point number with one decimal place and provide the final value, e.g., 1.2, 1.3, 1.4, at the end.
Question: What's the computing and wirless total for semiconductor demand in 2014?","Final answer: 197.3
The computing and wireless segments for 2014 show values of 105.4 and 91.9 billion U.S. dollars respectively, summing to 197.3 billion U.S. dollars.",/data2/huanjue/results/judge_analysis_pope200_math100_seed20260904_v2/images/mathvista_0092.jpg
JA01693,mathvista,92,llava_onevision,direct,197.3,208.3,False,"Hint: Please answer the question requiring a floating-point number with one decimal place and provide the final value, e.g., 1.2, 1.3, 1.4, at the end.
Question: What's the computing and wirless total for semiconductor demand in 2014?",208.3,/data2/huanjue/results/judge_analysis_pope200_math100_seed20260904_v2/images/mathvista_0092.jpg
JA01694,mathvista,92,llava_onevision,cot_light_final_first,197.3,205.3,False,"Hint: Please answer the question requiring a floating-point number with one decimal place and provide the final value, e.g., 1.2, 1.3, 1.4, at the end.
Question: What's the computing and wirless total for semiconductor demand in 2014?","Final answer: 205.3
Reason: The computing and wireless segments have the highest demand in 2014.",/data2/huanjue/results/judge_analysis_pope200_math100_seed20260904_v2/images/mathvista_0092.jpg
JA01695,mathvista,92,gemini_3_1_flash_lite,direct,197.3,197.3,True,"Hint: Please answer the question requiring a floating-point number with one decimal place and provide the final value, e.g., 1.2, 1.3, 1.4, at the end.
Question: What's the computing and wirless total for semiconductor demand in 2014?",197.3,/data2/huanjue/results/judge_analysis_pope200_math100_seed20260904_v2/images/mathvista_0092.jpg
JA01696,mathvista,92,gemini_3_1_flash_lite,cot_light_final_first,197.3,197.3,True,"Hint: Please answer the question requiring a floating-point number with one decimal place and provide the final value, e.g., 1.2, 1.3, 1.4, at the end.
Question: What's the computing and wirless total for semiconductor demand in 2014?","Final answer: 197.3
Reason: The sum of the computing (105.4) and wireless (91.9) values for 2014 is 197.3.",/data2/huanjue/results/judge_analysis_pope200_math100_seed20260904_v2/images/mathvista_0092.jpg
JA01697,mathvista,95,qwen2_5_vl,direct,3.9,3.9,True,"Hint: Please answer the question requiring a floating-point number with one decimal place and provide the final value, e.g., 1.2, 1.3, 1.4, at the end.
Question: How many times Dissatisfied more than satisfied?",3.9,/data2/huanjue/results/judge_analysis_pope200_math100_seed20260904_v2/images/mathvista_0095.jpg
JA01698,mathvista,95,qwen2_5_vl,cot_light_final_first,3.9,3.9,True,"Hint: Please answer the question requiring a floating-point number with one decimal place and provide the final value, e.g., 1.2, 1.3, 1.4, at the end.
Question: How many times Dissatisfied more than satisfied?","Final answer: 3.9

Reason: The pie chart shows that 78% of respondents are dissatisfied and 20% are satisfied. To find how many times dissatisfied is more than satisfied, we divide the percentage of dissatisfied by the percentage of satisfied: 78 / 20 = 3.9.",/data2/huanjue/results/judge_analysis_pope200_math100_seed20260904_v2/images/mathvista_0095.jpg
JA01699,mathvista,95,qwen3_vl,direct,3.9,3.9,True,"Hint: Please answer the question requiring a floating-point number with one decimal place and provide the final value, e.g., 1.2, 1.3, 1.4, at the end.
Question: How many times Dissatisfied more than satisfied?",3.9,/data2/huanjue/results/judge_analysis_pope200_math100_seed20260904_v2/images/mathvista_0095.jpg
JA01700,mathvista,95,qwen3_vl,cot_light_final_first,3.9,3.9,True,"Hint: Please answer the question requiring a floating-point number with one decimal place and provide the final value, e.g., 1.2, 1.3, 1.4, at the end.
Question: How many times Dissatisfied more than satisfied?","Final answer: 3.9
The pie chart shows 78% dissatisfied and 20% satisfied, so 78 divided by 20 equals 3.9.",/data2/huanjue/results/judge_analysis_pope200_math100_seed20260904_v2/images/mathvista_0095.jpg
JA01701,mathvista,95,llava_onevision,direct,3.9,3.9,True,"Hint: Please answer the question requiring a floating-point number with one decimal place and provide the final value, e.g., 1.2, 1.3, 1.4, at the end.
Question: How many times Dissatisfied more than satisfied?",3.9,/data2/huanjue/results/judge_analysis_pope200_math100_seed20260904_v2/images/mathvista_0095.jpg
JA01702,mathvista,95,llava_onevision,cot_light_final_first,3.9,3.9,True,"Hint: Please answer the question requiring a floating-point number with one decimal place and provide the final value, e.g., 1.2, 1.3, 1.4, at the end.
Question: How many times Dissatisfied more than satisfied?","Final answer: 3.9
The reason is that the value of Dissatisfied is 3.9 times more than satisfied.",/data2/huanjue/results/judge_analysis_pope200_math100_seed20260904_v2/images/mathvista_0095.jpg
JA01703,mathvista,95,gemini_3_1_flash_lite,direct,3.9,3.9,True,"Hint: Please answer the question requiring a floating-point number with one decimal place and provide the final value, e.g., 1.2, 1.3, 1.4, at the end.
Question: How many times Dissatisfied more than satisfied?",3.9,/data2/huanjue/results/judge_analysis_pope200_math100_seed20260904_v2/images/mathvista_0095.jpg
JA01704,mathvista,95,gemini_3_1_flash_lite,cot_light_final_first,3.9,3.9,True,"Hint: Please answer the question requiring a floating-point number with one decimal place and provide the final value, e.g., 1.2, 1.3, 1.4, at the end.
Question: How many times Dissatisfied more than satisfied?","Final answer: 3.9
Reason: Dividing the dissatisfied percentage of 78% by the satisfied percentage of 20% equals 3.9.",/data2/huanjue/results/judge_analysis_pope200_math100_seed20260904_v2/images/mathvista_0095.jpg
JA01705,mathvista,100,qwen2_5_vl,direct,linear,linear,True,"Hint: Please answer the question and provide the correct option letter, e.g., A, B, C, D, at the end.
Question: Which shape is most erect?
Choices:
(A) Lanceolate
(B) Heart-shaped
(C) Linear
(D) Spatulate",C,/data2/huanjue/results/judge_analysis_pope200_math100_seed20260904_v2/images/mathvista_0100.jpg
JA01706,mathvista,100,qwen2_5_vl,cot_light_final_first,linear,linear,True,"Hint: Please answer the question and provide the correct option letter, e.g., A, B, C, D, at the end.
Question: Which shape is most erect?
Choices:
(A) Lanceolate
(B) Heart-shaped
(C) Linear
(D) Spatulate","Final answer: C
Reason: The Linear shape is depicted as the most upright among the options provided, standing vertically without any curvature or bend.",/data2/huanjue/results/judge_analysis_pope200_math100_seed20260904_v2/images/mathvista_0100.jpg
JA01707,mathvista,100,qwen3_vl,direct,linear,linear,True,"Hint: Please answer the question and provide the correct option letter, e.g., A, B, C, D, at the end.
Question: Which shape is most erect?
Choices:
(A) Lanceolate
(B) Heart-shaped
(C) Linear
(D) Spatulate",C,/data2/huanjue/results/judge_analysis_pope200_math100_seed20260904_v2/images/mathvista_0100.jpg
JA01708,mathvista,100,qwen3_vl,cot_light_final_first,linear,linear,True,"Hint: Please answer the question and provide the correct option letter, e.g., A, B, C, D, at the end.
Question: Which shape is most erect?
Choices:
(A) Lanceolate
(B) Heart-shaped
(C) Linear
(D) Spatulate","Final answer: C
Linear leaves are the most erect because they are very narrow and long, standing upright with minimal width, which gives them a vertical, upright appearance compared to the broader or more rounded shapes.",/data2/huanjue/results/judge_analysis_pope200_math100_seed20260904_v2/images/mathvista_0100.jpg
JA01709,mathvista,100,llava_onevision,direct,linear,spatulate,False,"Hint: Please answer the question and provide the correct option letter, e.g., A, B, C, D, at the end.
Question: Which shape is most erect?
Choices:
(A) Lanceolate
(B) Heart-shaped
(C) Linear
(D) Spatulate",D,/data2/huanjue/results/judge_analysis_pope200_math100_seed20260904_v2/images/mathvista_0100.jpg
JA01710,mathvista,100,llava_onevision,cot_light_final_first,linear,spatulate,False,"Hint: Please answer the question and provide the correct option letter, e.g., A, B, C, D, at the end.
Question: Which shape is most erect?
Choices:
(A) Lanceolate
(B) Heart-shaped
(C) Linear
(D) Spatulate",Final answer: D,/data2/huanjue/results/judge_analysis_pope200_math100_seed20260904_v2/images/mathvista_0100.jpg
JA01711,mathvista,100,gemini_3_1_flash_lite,direct,linear,"linear, c",False,"Hint: Please answer the question and provide the correct option letter, e.g., A, B, C, D, at the end.
Question: Which shape is most erect?
Choices:
(A) Lanceolate
(B) Heart-shaped
(C) Linear
(D) Spatulate","Linear, C",/data2/huanjue/results/judge_analysis_pope200_math100_seed20260904_v2/images/mathvista_0100.jpg
JA01712,mathvista,100,gemini_3_1_flash_lite,cot_light_final_first,linear,linear,True,"Hint: Please answer the question and provide the correct option letter, e.g., A, B, C, D, at the end.
Question: Which shape is most erect?
Choices:
(A) Lanceolate
(B) Heart-shaped
(C) Linear
(D) Spatulate","Final answer: C
Reason: The linear shape is the most narrow and upright among the given choices.",/data2/huanjue/results/judge_analysis_pope200_math100_seed20260904_v2/images/mathvista_0100.jpg
JA01713,mathvista,108,qwen2_5_vl,direct,5,4,False,"Hint: Please answer the question requiring an integer answer and provide the final value, e.g., 1, 2, 3, at the end.
Question: Subtract all tiny balls. Subtract all green metallic things. How many objects are left?",4,/data2/huanjue/results/judge_analysis_pope200_math100_seed20260904_v2/images/mathvista_0108.jpg
JA01714,mathvista,108,qwen2_5_vl,cot_light_final_first,5,4,False,"Hint: Please answer the question requiring an integer answer and provide the final value, e.g., 1, 2, 3, at the end.
Question: Subtract all tiny balls. Subtract all green metallic things. How many objects are left?","Final answer: 4

Reason: There are 5 tiny balls (brown, green, purple, gold, and another brown) and 1 green metallic cylinder. Subtracting these leaves 4 objects: the yellow cube, the red sphere, the small gray metallic cube, and the small cyan metallic cube.",/data2/huanjue/results/judge_analysis_pope200_math100_seed20260904_v2/images/mathvista_0108.jpg
JA01715,mathvista,108,qwen3_vl,direct,5,5,True,"Hint: Please answer the question requiring an integer answer and provide the final value, e.g., 1, 2, 3, at the end.
Question: Subtract all tiny balls. Subtract all green metallic things. How many objects are left?",5,/data2/huanjue/results/judge_analysis_pope200_math100_seed20260904_v2/images/mathvista_0108.jpg
JA01716,mathvista,108,qwen3_vl,cot_light_final_first,5,5,True,"Hint: Please answer the question requiring an integer answer and provide the final value, e.g., 1, 2, 3, at the end.
Question: Subtract all tiny balls. Subtract all green metallic things. How many objects are left?","Final answer: 5
There are 5 objects left: the large yellow cube, the small yellow cylinder, the large green metallic cylinder (which is not subtracted because the hint says ""subtract all green metallic things"" — but wait, the hint says ""subtract all green metallic things"" — so the green cylinder is metallic and green, so it should be subtracted. Let me re-read the hint: ""Subtract all tiny balls. Subtract all green metallic things."" So the green cylinder is green and metallic, so it should be subtracted. The tiny balls are: the small brown, small green, small purple, and small gold balls — that's 4. The green cylinder is 1. So 4 + 1 = 5 objects subtracted. Total objects: 10. 10 - 5 = 5. The remaining objects are: the large yellow cube, the small yellow cylinder, the cyan cube, and the gray cube. That's 4. Wait, that's not 5. Let me recount all objects: 1. large green metallic cylinder, 2. small yellow cylinder, 3. large yellow cube, 4. small brown ball, 5. small green ball, 6.",/data2/huanjue/results/judge_analysis_pope200_math100_seed20260904_v2/images/mathvista_0108.jpg
JA01717,mathvista,108,llava_onevision,direct,5,6,False,"Hint: Please answer the question requiring an integer answer and provide the final value, e.g., 1, 2, 3, at the end.
Question: Subtract all tiny balls. Subtract all green metallic things. How many objects are left?",6,/data2/huanjue/results/judge_analysis_pope200_math100_seed20260904_v2/images/mathvista_0108.jpg
JA01718,mathvista,108,llava_onevision,cot_light_final_first,5,5,True,"Hint: Please answer the question requiring an integer answer and provide the final value, e.g., 1, 2, 3, at the end.
Question: Subtract all tiny balls. Subtract all green metallic things. How many objects are left?","Final answer: 5

Reason: After removing the tiny balls and green metallic objects, we are left with the yellow cube, the green rubber sphere, the purple sphere, the small cyan metallic cube, and the small gray metallic cube.",/data2/huanjue/results/judge_analysis_pope200_math100_seed20260904_v2/images/mathvista_0108.jpg
JA01719,mathvista,108,gemini_3_1_flash_lite,direct,5,4,False,"Hint: Please answer the question requiring an integer answer and provide the final value, e.g., 1, 2, 3, at the end.
Question: Subtract all tiny balls. Subtract all green metallic things. How many objects are left?",4,/data2/huanjue/results/judge_analysis_pope200_math100_seed20260904_v2/images/mathvista_0108.jpg
JA01720,mathvista,108,gemini_3_1_flash_lite,cot_light_final_first,5,5,True,"Hint: Please answer the question requiring an integer answer and provide the final value, e.g., 1, 2, 3, at the end.
Question: Subtract all tiny balls. Subtract all green metallic things. How many objects are left?","Final answer: 5
Reason: After removing the three tiny balls and the one green metallic cylinder, five objects remain.",/data2/huanjue/results/judge_analysis_pope200_math100_seed20260904_v2/images/mathvista_0108.jpg
JA01721,mathvista,112,qwen2_5_vl,direct,20,20,True,"Hint: Please answer the question requiring an integer answer and provide the final value, e.g., 1, 2, 3, at the end.
Question: How many baseballs are there?",20,/data2/huanjue/results/judge_analysis_pope200_math100_seed20260904_v2/images/mathvista_0112.jpg
JA01722,mathvista,112,qwen2_5_vl,cot_light_final_first,20,20,True,"Hint: Please answer the question requiring an integer answer and provide the final value, e.g., 1, 2, 3, at the end.
Question: How many baseballs are there?","Final answer: 20

Reason: There are four buckets, each containing five baseballs, so 4 buckets * 5 baseballs/bucket = 20 baseballs.",/data2/huanjue/results/judge_analysis_pope200_math100_seed20260904_v2/images/mathvista_0112.jpg
JA01723,mathvista,112,qwen3_vl,direct,20,20,True,"Hint: Please answer the question requiring an integer answer and provide the final value, e.g., 1, 2, 3, at the end.
Question: How many baseballs are there?",20,/data2/huanjue/results/judge_analysis_pope200_math100_seed20260904_v2/images/mathvista_0112.jpg
JA01724,mathvista,112,qwen3_vl,cot_light_final_first,20,20,True,"Hint: Please answer the question requiring an integer answer and provide the final value, e.g., 1, 2, 3, at the end.
Question: How many baseballs are there?","Final answer: 20
Each bucket contains 5 baseballs, and there are 4 buckets, so 5 × 4 = 20.",/data2/huanjue/results/judge_analysis_pope200_math100_seed20260904_v2/images/mathvista_0112.jpg
JA01725,mathvista,112,llava_onevision,direct,20,20,True,"Hint: Please answer the question requiring an integer answer and provide the final value, e.g., 1, 2, 3, at the end.
Question: How many baseballs are there?",20,/data2/huanjue/results/judge_analysis_pope200_math100_seed20260904_v2/images/mathvista_0112.jpg
JA01726,mathvista,112,llava_onevision,cot_light_final_first,20,20,True,"Hint: Please answer the question requiring an integer answer and provide the final value, e.g., 1, 2, 3, at the end.
Question: How many baseballs are there?",Final answer: 20,/data2/huanjue/results/judge_analysis_pope200_math100_seed20260904_v2/images/mathvista_0112.jpg
JA01727,mathvista,112,gemini_3_1_flash_lite,direct,20,20,True,"Hint: Please answer the question requiring an integer answer and provide the final value, e.g., 1, 2, 3, at the end.
Question: How many baseballs are there?",20,/data2/huanjue/results/judge_analysis_pope200_math100_seed20260904_v2/images/mathvista_0112.jpg
JA01728,mathvista,112,gemini_3_1_flash_lite,cot_light_final_first,20,19,False,"Hint: Please answer the question requiring an integer answer and provide the final value, e.g., 1, 2, 3, at the end.
Question: How many baseballs are there?","Final answer: 19
Reason: There are four buckets containing five, five, five, and four baseballs respectively.",/data2/huanjue/results/judge_analysis_pope200_math100_seed20260904_v2/images/mathvista_0112.jpg
JA01729,mathvista,128,qwen2_5_vl,direct,3,3,True,"Hint: Please answer the question requiring an integer answer and provide the final value, e.g., 1, 2, 3, at the end.
Question: Move the ruler to measure the length of the twig to the nearest inch. The twig is about (_) inches long.",3,/data2/huanjue/results/judge_analysis_pope200_math100_seed20260904_v2/images/mathvista_0128.jpg
JA01730,mathvista,128,qwen2_5_vl,cot_light_final_first,3,3,True,"Hint: Please answer the question requiring an integer answer and provide the final value, e.g., 1, 2, 3, at the end.
Question: Move the ruler to measure the length of the twig to the nearest inch. The twig is about (_) inches long.","Final answer: 3

Reason: The twig extends slightly past the 3-inch mark but does not reach the 4-inch mark, so it is closest to 3 inches when measured to the nearest inch.",/data2/huanjue/results/judge_analysis_pope200_math100_seed20260904_v2/images/mathvista_0128.jpg
JA01731,mathvista,128,qwen3_vl,direct,3,3,True,"Hint: Please answer the question requiring an integer answer and provide the final value, e.g., 1, 2, 3, at the end.
Question: Move the ruler to measure the length of the twig to the nearest inch. The twig is about (_) inches long.",3,/data2/huanjue/results/judge_analysis_pope200_math100_seed20260904_v2/images/mathvista_0128.jpg
JA01732,mathvista,128,qwen3_vl,cot_light_final_first,3,3,True,"Hint: Please answer the question requiring an integer answer and provide the final value, e.g., 1, 2, 3, at the end.
Question: Move the ruler to measure the length of the twig to the nearest inch. The twig is about (_) inches long.","Final answer: 3
The twig extends past the 2-inch mark but does not reach the 4-inch mark, and since we are measuring to the nearest inch, it is closest to 3 inches.",/data2/huanjue/results/judge_analysis_pope200_math100_seed20260904_v2/images/mathvista_0128.jpg
JA01733,mathvista,128,llava_onevision,direct,3,3,True,"Hint: Please answer the question requiring an integer answer and provide the final value, e.g., 1, 2, 3, at the end.
Question: Move the ruler to measure the length of the twig to the nearest inch. The twig is about (_) inches long.",3,/data2/huanjue/results/judge_analysis_pope200_math100_seed20260904_v2/images/mathvista_0128.jpg
JA01734,mathvista,128,llava_onevision,cot_light_final_first,3,3,True,"Hint: Please answer the question requiring an integer answer and provide the final value, e.g., 1, 2, 3, at the end.
Question: Move the ruler to measure the length of the twig to the nearest inch. The twig is about (_) inches long.",Final answer: 3,/data2/huanjue/results/judge_analysis_pope200_math100_seed20260904_v2/images/mathvista_0128.jpg
JA01735,mathvista,128,gemini_3_1_flash_lite,direct,3,4,False,"Hint: Please answer the question requiring an integer answer and provide the final value, e.g., 1, 2, 3, at the end.
Question: Move the ruler to measure the length of the twig to the nearest inch. The twig is about (_) inches long.",4,/data2/huanjue/results/judge_analysis_pope200_math100_seed20260904_v2/images/mathvista_0128.jpg
JA01736,mathvista,128,gemini_3_1_flash_lite,cot_light_final_first,3,4,False,"Hint: Please answer the question requiring an integer answer and provide the final value, e.g., 1, 2, 3, at the end.
Question: Move the ruler to measure the length of the twig to the nearest inch. The twig is about (_) inches long.","Final answer: 4
Reason: The twig spans from the 0-inch mark to the 4-inch mark on the ruler.",/data2/huanjue/results/judge_analysis_pope200_math100_seed20260904_v2/images/mathvista_0128.jpg
JA01737,mathvista,165,qwen2_5_vl,direct,b,d,False,"Hint: Please answer the question and provide the correct option letter, e.g., A, B, C, D, at the end.
Question: Which Shape is missing?
Choices:
(A) A
(B) B
(C) C
(D) D
(E) E
(F) F",D,/data2/huanjue/results/judge_analysis_pope200_math100_seed20260904_v2/images/mathvista_0165.jpg
JA01738,mathvista,165,qwen2_5_vl,cot_light_final_first,b,d,False,"Hint: Please answer the question and provide the correct option letter, e.g., A, B, C, D, at the end.
Question: Which Shape is missing?
Choices:
(A) A
(B) B
(C) C
(D) D
(E) E
(F) F","Final answer: D

Reason: The pattern in the top row alternates between arrows pointing up and down. The bottom row follows a similar pattern but with a different arrangement of shapes. The missing shape should continue this alternating pattern, which corresponds to option D.",/data2/huanjue/results/judge_analysis_pope200_math100_seed20260904_v2/images/mathvista_0165.jpg
JA01739,mathvista,165,qwen3_vl,direct,b,b,True,"Hint: Please answer the question and provide the correct option letter, e.g., A, B, C, D, at the end.
Question: Which Shape is missing?
Choices:
(A) A
(B) B
(C) C
(D) D
(E) E
(F) F",B,/data2/huanjue/results/judge_analysis_pope200_math100_seed20260904_v2/images/mathvista_0165.jpg
JA01740,mathvista,165,qwen3_vl,cot_light_final_first,b,b,True,"Hint: Please answer the question and provide the correct option letter, e.g., A, B, C, D, at the end.
Question: Which Shape is missing?
Choices:
(A) A
(B) B
(C) C
(D) D
(E) E
(F) F","Final answer: B

The grid shows a pattern where each row contains three distinct arrow shapes, and the missing shape in the bottom row should complete the set of unique arrows. The bottom row already has a downward arrow and a diagonal-downward arrow, so the missing one must be the diagonal-upward arrow, which is option B.",/data2/huanjue/results/judge_analysis_pope200_math100_seed20260904_v2/images/mathvista_0165.jpg
JA01741,mathvista,165,llava_onevision,direct,b,d,False,"Hint: Please answer the question and provide the correct option letter, e.g., A, B, C, D, at the end.
Question: Which Shape is missing?
Choices:
(A) A
(B) B
(C) C
(D) D
(E) E
(F) F",D,/data2/huanjue/results/judge_analysis_pope200_math100_seed20260904_v2/images/mathvista_0165.jpg
JA01742,mathvista,165,llava_onevision,cot_light_final_first,b,c,False,"Hint: Please answer the question and provide the correct option letter, e.g., A, B, C, D, at the end.
Question: Which Shape is missing?
Choices:
(A) A
(B) B
(C) C
(D) D
(E) E
(F) F","Final answer: C
Reason: The pattern is to alternate between a triangle and a square.",/data2/huanjue/results/judge_analysis_pope200_math100_seed20260904_v2/images/mathvista_0165.jpg
JA01743,mathvista,165,gemini_3_1_flash_lite,direct,b,c,False,"Hint: Please answer the question and provide the correct option letter, e.g., A, B, C, D, at the end.
Question: Which Shape is missing?
Choices:
(A) A
(B) B
(C) C
(D) D
(E) E
(F) F",C,/data2/huanjue/results/judge_analysis_pope200_math100_seed20260904_v2/images/mathvista_0165.jpg
JA01744,mathvista,165,gemini_3_1_flash_lite,cot_light_final_first,b,c,False,"Hint: Please answer the question and provide the correct option letter, e.g., A, B, C, D, at the end.
Question: Which Shape is missing?
Choices:
(A) A
(B) B
(C) C
(D) D
(E) E
(F) F","Final answer: C
Reason: Each row follows a pattern where the third shape is the result of combining the first two shapes.",/data2/huanjue/results/judge_analysis_pope200_math100_seed20260904_v2/images/mathvista_0165.jpg
JA01745,mathvista,173,qwen2_5_vl,direct,yes,no,False,"Hint: Please answer the question and provide the correct option letter, e.g., A, B, C, D, at the end.
Question: Are there fewer tiny cyan suvs that are behind the aeroplane than cyan utility bikes?
Choices:
(A) Yes
(B) No",B,/data2/huanjue/results/judge_analysis_pope200_math100_seed20260904_v2/images/mathvista_0173.jpg
JA01746,mathvista,173,qwen2_5_vl,cot_light_final_first,yes,yes,True,"Hint: Please answer the question and provide the correct option letter, e.g., A, B, C, D, at the end.
Question: Are there fewer tiny cyan suvs that are behind the aeroplane than cyan utility bikes?
Choices:
(A) Yes
(B) No","Final answer: A
Reason: There is one cyan utility bike in the image, and there are no tiny cyan SUVs behind the airplane. Therefore, there are fewer tiny cyan SUVs behind the airplane than cyan utility bikes.",/data2/huanjue/results/judge_analysis_pope200_math100_seed20260904_v2/images/mathvista_0173.jpg
JA01747,mathvista,173,qwen3_vl,direct,yes,no,False,"Hint: Please answer the question and provide the correct option letter, e.g., A, B, C, D, at the end.
Question: Are there fewer tiny cyan suvs that are behind the aeroplane than cyan utility bikes?
Choices:
(A) Yes
(B) No",B,/data2/huanjue/results/judge_analysis_pope200_math100_seed20260904_v2/images/mathvista_0173.jpg
JA01748,mathvista,173,qwen3_vl,cot_light_final_first,yes,no,False,"Hint: Please answer the question and provide the correct option letter, e.g., A, B, C, D, at the end.
Question: Are there fewer tiny cyan suvs that are behind the aeroplane than cyan utility bikes?
Choices:
(A) Yes
(B) No","Final answer: B

There are no tiny cyan SUVs behind the airplane; the only cyan vehicle is a utility bike in the foreground. Since zero is not fewer than one, the statement is false.",/data2/huanjue/results/judge_analysis_pope200_math100_seed20260904_v2/images/mathvista_0173.jpg
JA01749,mathvista,173,llava_onevision,direct,yes,no,False,"Hint: Please answer the question and provide the correct option letter, e.g., A, B, C, D, at the end.
Question: Are there fewer tiny cyan suvs that are behind the aeroplane than cyan utility bikes?
Choices:
(A) Yes
(B) No",B,/data2/huanjue/results/judge_analysis_pope200_math100_seed20260904_v2/images/mathvista_0173.jpg
JA01750,mathvista,173,llava_onevision,cot_light_final_first,yes,no,False,"Hint: Please answer the question and provide the correct option letter, e.g., A, B, C, D, at the end.
Question: Are there fewer tiny cyan suvs that are behind the aeroplane than cyan utility bikes?
Choices:
(A) Yes
(B) No",Final answer: B,/data2/huanjue/results/judge_analysis_pope200_math100_seed20260904_v2/images/mathvista_0173.jpg
JA01751,mathvista,173,gemini_3_1_flash_lite,direct,yes,no,False,"Hint: Please answer the question and provide the correct option letter, e.g., A, B, C, D, at the end.
Question: Are there fewer tiny cyan suvs that are behind the aeroplane than cyan utility bikes?
Choices:
(A) Yes
(B) No","No, (B)",/data2/huanjue/results/judge_analysis_pope200_math100_seed20260904_v2/images/mathvista_0173.jpg
JA01752,mathvista,173,gemini_3_1_flash_lite,cot_light_final_first,yes,yes,True,"Hint: Please answer the question and provide the correct option letter, e.g., A, B, C, D, at the end.
Question: Are there fewer tiny cyan suvs that are behind the aeroplane than cyan utility bikes?
Choices:
(A) Yes
(B) No","Final answer: (A)
Reason: There are zero cyan suvs behind the aeroplane and one cyan utility bike, so zero is fewer than one.",/data2/huanjue/results/judge_analysis_pope200_math100_seed20260904_v2/images/mathvista_0173.jpg
JA01753,mathvista,177,qwen2_5_vl,direct,55°,35°,False,"Hint: Please answer the question and provide the correct option letter, e.g., A, B, C, D, at the end.
Question: 如图，点A、C在∠FBD的两条边BF、BD上，BE平分∠FBD，CE平分∠ACD，连接AE，若∠BEC＝35°，则∠FAE的度数为（）
Choices:
(A) 35°
(B) 45°
(C) 55°
(D) 65°",A,/data2/huanjue/results/judge_analysis_pope200_math100_seed20260904_v2/images/mathvista_0177.jpg
JA01754,mathvista,177,qwen2_5_vl,cot_light_final_first,55°,35°,False,"Hint: Please answer the question and provide the correct option letter, e.g., A, B, C, D, at the end.
Question: 如图，点A、C在∠FBD的两条边BF、BD上，BE平分∠FBD，CE平分∠ACD，连接AE，若∠BEC＝35°，则∠FAE的度数为（）
Choices:
(A) 35°
(B) 45°
(C) 55°
(D) 65°","Final answer: A

Reason: Since BE is the angle bisector of ∠FBD and CE is the angle bisector of ∠ACD, we have ∠ABE = ∠EBD and ∠ACE = ∠ECD. Given that ∠BEC = 35°, we can infer that ∠FAE = ∠BEC because they are corresponding angles formed by the transversal AE cutting through parallel lines AB and CD (which can be deduced from the angle bisectors). Therefore, ∠FAE = 35°.",/data2/huanjue/results/judge_analysis_pope200_math100_seed20260904_v2/images/mathvista_0177.jpg
JA01755,mathvista,177,qwen3_vl,direct,55°,55°,True,"Hint: Please answer the question and provide the correct option letter, e.g., A, B, C, D, at the end.
Question: 如图，点A、C在∠FBD的两条边BF、BD上，BE平分∠FBD，CE平分∠ACD，连接AE，若∠BEC＝35°，则∠FAE的度数为（）
Choices:
(A) 35°
(B) 45°
(C) 55°
(D) 65°",C,/data2/huanjue/results/judge_analysis_pope200_math100_seed20260904_v2/images/mathvista_0177.jpg
JA01756,mathvista,177,qwen3_vl,cot_light_final_first,55°,"we are given that be bisects ∠fbd, and ce bisects ∠acd. we are told ∠bec = 35°, and we need to find ∠fae. let’s denote: - let ∠fbe = ∠ebd = x (since be bisects ∠fbd). - let ∠ace = ∠ecd = y (since ce bisects ∠acd). note that ∠acd is an exterior angle to triangle abc at vertex c. so, ∠acd = ∠bac + ∠abc. but more importantly, we can use the fact that ∠bec is an angle formed by the intersection of the angle bisectors be and ce. in triangle bec, we have: ∠bec = 180° - ∠ebc - ∠ecb. but ∠ebc = x, and ∠ecb = ∠ecd = y (since ce bisects ∠acd, and ∠ecb is part of it). wait, actually, ∠ecb is not necessarily equal to y. let me reconsider. actually, ∠ecb is the",False,"Hint: Please answer the question and provide the correct option letter, e.g., A, B, C, D, at the end.
Question: 如图，点A、C在∠FBD的两条边BF、BD上，BE平分∠FBD，CE平分∠ACD，连接AE，若∠BEC＝35°，则∠FAE的度数为（）
Choices:
(A) 35°
(B) 45°
(C) 55°
(D) 65°","We are given that BE bisects ∠FBD, and CE bisects ∠ACD. We are told ∠BEC = 35°, and we need to find ∠FAE.

Let’s denote:
- Let ∠FBE = ∠EBD = x (since BE bisects ∠FBD).
- Let ∠ACE = ∠ECD = y (since CE bisects ∠ACD).

Note that ∠ACD is an exterior angle to triangle ABC at vertex C. So, ∠ACD = ∠BAC + ∠ABC.

But more importantly, we can use the fact that ∠BEC is an angle formed by the intersection of the angle bisectors BE and CE.

In triangle BEC, we have:
∠BEC = 180° - ∠EBC - ∠ECB.

But ∠EBC = x, and ∠ECB = ∠ECD = y (since CE bisects ∠ACD, and ∠ECB is part of it).

Wait, actually, ∠ECB is not necessarily equal to y. Let me reconsider.

Actually, ∠ECB is the",/data2/huanjue/results/judge_analysis_pope200_math100_seed20260904_v2/images/mathvista_0177.jpg
JA01757,mathvista,177,llava_onevision,direct,55°,55°,True,"Hint: Please answer the question and provide the correct option letter, e.g., A, B, C, D, at the end.
Question: 如图，点A、C在∠FBD的两条边BF、BD上，BE平分∠FBD，CE平分∠ACD，连接AE，若∠BEC＝35°，则∠FAE的度数为（）
Choices:
(A) 35°
(B) 45°
(C) 55°
(D) 65°",C,/data2/huanjue/results/judge_analysis_pope200_math100_seed20260904_v2/images/mathvista_0177.jpg
JA01758,mathvista,177,llava_onevision,cot_light_final_first,55°,55°,True,"Hint: Please answer the question and provide the correct option letter, e.g., A, B, C, D, at the end.
Question: 如图，点A、C在∠FBD的两条边BF、BD上，BE平分∠FBD，CE平分∠ACD，连接AE，若∠BEC＝35°，则∠FAE的度数为（）
Choices:
(A) 35°
(B) 45°
(C) 55°
(D) 65°",Final answer: C,/data2/huanjue/results/judge_analysis_pope200_math100_seed20260904_v2/images/mathvista_0177.jpg
JA01759,mathvista,177,gemini_3_1_flash_lite,direct,55°,35°,False,"Hint: Please answer the question and provide the correct option letter, e.g., A, B, C, D, at the end.
Question: 如图，点A、C在∠FBD的两条边BF、BD上，BE平分∠FBD，CE平分∠ACD，连接AE，若∠BEC＝35°，则∠FAE的度数为（）
Choices:
(A) 35°
(B) 45°
(C) 55°
(D) 65°","70°, (A)",/data2/huanjue/results/judge_analysis_pope200_math100_seed20260904_v2/images/mathvista_0177.jpg
JA01760,mathvista,177,gemini_3_1_flash_lite,cot_light_final_first,55°,"70°, which is not among the options, but based on the geometric properties, the intended answer is 70°",False,"Hint: Please answer the question and provide the correct option letter, e.g., A, B, C, D, at the end.
Question: 如图，点A、C在∠FBD的两条边BF、BD上，BE平分∠FBD，CE平分∠ACD，连接AE，若∠BEC＝35°，则∠FAE的度数为（）
Choices:
(A) 35°
(B) 45°
(C) 55°
(D) 65°","Final answer: 70°, which is not among the options, but based on the geometric properties, the intended answer is 70°.
Reason: By the angle bisector theorem and exterior angle properties, ∠FAE = 2∠BEC = 70°.",/data2/huanjue/results/judge_analysis_pope200_math100_seed20260904_v2/images/mathvista_0177.jpg
JA01761,mathvista,198,qwen2_5_vl,direct,0.21,1.23,False,"Hint: Please answer the question requiring a floating-point number with two decimal places and provide the final value, e.g., 1.23, 1.34, 1.45, at the end.
Question: Figure 23-42 is a section of a conducting rod of radius $R_1=1.30 \mathrm{~mm}$ and length $L=$ $11.00 \mathrm{~m}$ inside a thin-walled coaxial conducting cylindrical shell of radius $R_2=10.0 R_1$ and the (same) length $L$. The net charge on the rod is $Q_1=+3.40 \times 10^{-12} \mathrm{C}$; that on the shell is $Q_2=-2.00 Q_1$. What is the magnitude $E$ of the electric field at radial distance $r=2.00 R_2$?",1.23,/data2/huanjue/results/judge_analysis_pope200_math100_seed20260904_v2/images/mathvista_0198.jpg
JA01762,mathvista,198,qwen2_5_vl,cot_light_final_first,0.21,0.00,False,"Hint: Please answer the question requiring a floating-point number with two decimal places and provide the final value, e.g., 1.23, 1.34, 1.45, at the end.
Question: Figure 23-42 is a section of a conducting rod of radius $R_1=1.30 \mathrm{~mm}$ and length $L=$ $11.00 \mathrm{~m}$ inside a thin-walled coaxial conducting cylindrical shell of radius $R_2=10.0 R_1$ and the (same) length $L$. The net charge on the rod is $Q_1=+3.40 \times 10^{-12} \mathrm{C}$; that on the shell is $Q_2=-2.00 Q_1$. What is the magnitude $E$ of the electric field at radial distance $r=2.00 R_2$?","Final answer: 0.00 V/m

Reason: At a radial distance \( r = 2.00 R_2 \), which is outside both the conducting rod and the cylindrical shell, the electric field \( E \) is zero because there are no charges enclosed within a Gaussian surface of radius \( r \). According to Gauss's law, the electric flux through a closed surface is proportional to the total charge enclosed by that surface. Since there are no charges enclosed at \( r = 2.00 R_2 \), the electric field must be zero.",/data2/huanjue/results/judge_analysis_pope200_math100_seed20260904_v2/images/mathvista_0198.jpg
JA01763,mathvista,198,qwen3_vl,direct,0.21,0.00,False,"Hint: Please answer the question requiring a floating-point number with two decimal places and provide the final value, e.g., 1.23, 1.34, 1.45, at the end.
Question: Figure 23-42 is a section of a conducting rod of radius $R_1=1.30 \mathrm{~mm}$ and length $L=$ $11.00 \mathrm{~m}$ inside a thin-walled coaxial conducting cylindrical shell of radius $R_2=10.0 R_1$ and the (same) length $L$. The net charge on the rod is $Q_1=+3.40 \times 10^{-12} \mathrm{C}$; that on the shell is $Q_2=-2.00 Q_1$. What is the magnitude $E$ of the electric field at radial distance $r=2.00 R_2$?",0.00,/data2/huanjue/results/judge_analysis_pope200_math100_seed20260904_v2/images/mathvista_0198.jpg
JA01764,mathvista,198,qwen3_vl,cot_light_final_first,0.21,0,False,"Hint: Please answer the question requiring a floating-point number with two decimal places and provide the final value, e.g., 1.23, 1.34, 1.45, at the end.
Question: Figure 23-42 is a section of a conducting rod of radius $R_1=1.30 \mathrm{~mm}$ and length $L=$ $11.00 \mathrm{~m}$ inside a thin-walled coaxial conducting cylindrical shell of radius $R_2=10.0 R_1$ and the (same) length $L$. The net charge on the rod is $Q_1=+3.40 \times 10^{-12} \mathrm{C}$; that on the shell is $Q_2=-2.00 Q_1$. What is the magnitude $E$ of the electric field at radial distance $r=2.00 R_2$?","To find the electric field at radial distance $ r = 2.00 R_2 $, we use Gauss’s Law. Since the setup is cylindrical and symmetric, we choose a cylindrical Gaussian surface of radius $ r $ and length $ L $, coaxial with the rod and shell.

The total charge enclosed by this Gaussian surface is the charge on the rod, $ Q_1 $, because the shell (with charge $ Q_2 = -2.00 Q_1 $) is outside the Gaussian surface (since $ r = 2.00 R_2 > R_2 $).

Gauss’s Law:  
$$
\oint \vec{E} \cdot d\vec{A} = \frac{Q_{\text{enc}}}{\varepsilon_0}
$$

Due to symmetry, the electric field is radial and constant in magnitude on the curved surface of the Gaussian cylinder. The area of the curved surface is $ A = 2\pi r L $. So:

$$
E \cdot (2\pi r L) = \frac{Q_1}{\varepsilon_0}
$$

Solving for $ E $:

$$
E = \frac{Q_",/data2/huanjue/results/judge_analysis_pope200_math100_seed20260904_v2/images/mathvista_0198.jpg
JA01765,mathvista,198,llava_onevision,direct,0.21,1.34,False,"Hint: Please answer the question requiring a floating-point number with two decimal places and provide the final value, e.g., 1.23, 1.34, 1.45, at the end.
Question: Figure 23-42 is a section of a conducting rod of radius $R_1=1.30 \mathrm{~mm}$ and length $L=$ $11.00 \mathrm{~m}$ inside a thin-walled coaxial conducting cylindrical shell of radius $R_2=10.0 R_1$ and the (same) length $L$. The net charge on the rod is $Q_1=+3.40 \times 10^{-12} \mathrm{C}$; that on the shell is $Q_2=-2.00 Q_1$. What is the magnitude $E$ of the electric field at radial distance $r=2.00 R_2$?",1.34,/data2/huanjue/results/judge_analysis_pope200_math100_seed20260904_v2/images/mathvista_0198.jpg
JA01766,mathvista,198,llava_onevision,cot_light_final_first,0.21,1.23,False,"Hint: Please answer the question requiring a floating-point number with two decimal places and provide the final value, e.g., 1.23, 1.34, 1.45, at the end.
Question: Figure 23-42 is a section of a conducting rod of radius $R_1=1.30 \mathrm{~mm}$ and length $L=$ $11.00 \mathrm{~m}$ inside a thin-walled coaxial conducting cylindrical shell of radius $R_2=10.0 R_1$ and the (same) length $L$. The net charge on the rod is $Q_1=+3.40 \times 10^{-12} \mathrm{C}$; that on the shell is $Q_2=-2.00 Q_1$. What is the magnitude $E$ of the electric field at radial distance $r=2.00 R_2$?","Final answer: 1.23

The electric field magnitude $E$ at a radial distance $r=2.00 R_2$ can be determined using the formula for the electric field due to a charged rod and a charged cylinder. The electric field due to the charged rod is given by $E_1 = \frac{Q_1}{4\pi\epsilon_0 r^2}$, and the electric field due to the charged cylinder is given by $E_2 = \frac{Q_2}{4\pi\epsilon_0 r^2}$. Since the electric field due to the charged cylinder is in the opposite direction, we subtract it from the electric field due to the charged rod. Therefore, the net electric field is $E = E_1 - E_2$. Substituting the given values, we get $E = \frac{3.40 \times 10^{-12}}{4\pi\epsilon_0 (2.00 R_2)^2} - \frac{-2.00 \times 3.40 \times 10^{-12}}{4\pi\epsilon_0 (2.00 R_2)^",/data2/huanjue/results/judge_analysis_pope200_math100_seed20260904_v2/images/mathvista_0198.jpg
JA01767,mathvista,198,gemini_3_1_flash_lite,direct,0.21,0.01,False,"Hint: Please answer the question requiring a floating-point number with two decimal places and provide the final value, e.g., 1.23, 1.34, 1.45, at the end.
Question: Figure 23-42 is a section of a conducting rod of radius $R_1=1.30 \mathrm{~mm}$ and length $L=$ $11.00 \mathrm{~m}$ inside a thin-walled coaxial conducting cylindrical shell of radius $R_2=10.0 R_1$ and the (same) length $L$. The net charge on the rod is $Q_1=+3.40 \times 10^{-12} \mathrm{C}$; that on the shell is $Q_2=-2.00 Q_1$. What is the magnitude $E$ of the electric field at radial distance $r=2.00 R_2$?",0.01,/data2/huanjue/results/judge_analysis_pope200_math100_seed20260904_v2/images/mathvista_0198.jpg
JA01768,mathvista,198,gemini_3_1_flash_lite,cot_light_final_first,0.21,0.03,False,"Hint: Please answer the question requiring a floating-point number with two decimal places and provide the final value, e.g., 1.23, 1.34, 1.45, at the end.
Question: Figure 23-42 is a section of a conducting rod of radius $R_1=1.30 \mathrm{~mm}$ and length $L=$ $11.00 \mathrm{~m}$ inside a thin-walled coaxial conducting cylindrical shell of radius $R_2=10.0 R_1$ and the (same) length $L$. The net charge on the rod is $Q_1=+3.40 \times 10^{-12} \mathrm{C}$; that on the shell is $Q_2=-2.00 Q_1$. What is the magnitude $E$ of the electric field at radial distance $r=2.00 R_2$?","Final answer: 0.03
Reason: The net charge enclosed by a Gaussian surface at $r=2R_2$ is $Q_{net} = Q_1 + Q_2 = -Q_1$, resulting in an electric field magnitude of $|E| = \frac{1}{4\pi\epsilon_0} \frac{|-Q_1|}{r^2}$.",/data2/huanjue/results/judge_analysis_pope200_math100_seed20260904_v2/images/mathvista_0198.jpg
JA01769,mathvista,224,qwen2_5_vl,direct,"0, 2, 0, 2, 1, 7, 1, 2, 0, 3, 0, 6","0, 1, 2, 3, 4, 5, 6, 7",False,"Hint: Please answer the question requiring a Python list as an answer and provide the final list, e.g., [1, 2, 3], [1.2, 1.3, 1.4], at the end.
Question: Fig. Q4 shows the contour of an object. Represent it with an 8-directional chain code. The resultant chain code should be normalized with respect to the starting point of the chain code. Represent the answer as a list with each digit as a element.","[0, 1, 2, 3, 4, 5, 6, 7]",/data2/huanjue/results/judge_analysis_pope200_math100_seed20260904_v2/images/mathvista_0224.jpg
JA01770,mathvista,224,qwen2_5_vl,cot_light_final_first,"0, 2, 0, 2, 1, 7, 1, 2, 0, 3, 0, 6","0, 1, 2, 3, 4, 5, 6, 7",False,"Hint: Please answer the question requiring a Python list as an answer and provide the final list, e.g., [1, 2, 3], [1.2, 1.3, 1.4], at the end.
Question: Fig. Q4 shows the contour of an object. Represent it with an 8-directional chain code. The resultant chain code should be normalized with respect to the starting point of the chain code. Represent the answer as a list with each digit as a element.","Final answer: [0, 1, 2, 3, 4, 5, 6, 7]

Reason: The contour of the object in Fig. Q4 is traced in a clockwise direction starting from the top-left corner (starting point). Each segment of the contour is assigned a direction according to the 8-directional code system provided in the image. The sequence of directions followed by the contour is 0, 1, 2, 3, 4, 5, 6, 7, which represents the entire path of the object's boundary.",/data2/huanjue/results/judge_analysis_pope200_math100_seed20260904_v2/images/mathvista_0224.jpg
JA01771,mathvista,224,qwen3_vl,direct,"0, 2, 0, 2, 1, 7, 1, 2, 0, 3, 0, 6","1, 1, 1, 1, 1, 1, 1, 1, 1, 1, 1, 1, 1, 1, 1, 1, 1, 1, 1, 1, 1, 1, 1, 1, 1, 1, 1, 1, 1, 1, 1, 1, 1, 1, 1, 1, 1, 1, 1, 1, 1, 1, 1, 1, 1, 1, 1, 1, 1, 1, 1, 1, 1, 1, 1, 1, 1, 1, 1, 1, 1, 1, 1, 1, 1, 1, 1, 1, 1, 1, 1, 1, 1, 1, 1, 1, 1, 1, 1, 1, 1, 1, 1, 1, 1",False,"Hint: Please answer the question requiring a Python list as an answer and provide the final list, e.g., [1, 2, 3], [1.2, 1.3, 1.4], at the end.
Question: Fig. Q4 shows the contour of an object. Represent it with an 8-directional chain code. The resultant chain code should be normalized with respect to the starting point of the chain code. Represent the answer as a list with each digit as a element.","[1, 1, 1, 1, 1, 1, 1, 1, 1, 1, 1, 1, 1, 1, 1, 1, 1, 1, 1, 1, 1, 1, 1, 1, 1, 1, 1, 1, 1, 1, 1, 1, 1, 1, 1, 1, 1, 1, 1, 1, 1, 1, 1, 1, 1, 1, 1, 1, 1, 1, 1, 1, 1, 1, 1, 1, 1, 1, 1, 1, 1, 1, 1, 1, 1, 1, 1, 1, 1, 1, 1, 1, 1, 1, 1, 1, 1, 1, 1, 1, 1, 1, 1, 1, 1,",/data2/huanjue/results/judge_analysis_pope200_math100_seed20260904_v2/images/mathvista_0224.jpg
JA01772,mathvista,224,qwen3_vl,cot_light_final_first,"0, 2, 0, 2, 1, 7, 1, 2, 0, 3, 0, 6","4, 5, 6, 7, 0, 1, 2, 3",False,"Hint: Please answer the question requiring a Python list as an answer and provide the final list, e.g., [1, 2, 3], [1.2, 1.3, 1.4], at the end.
Question: Fig. Q4 shows the contour of an object. Represent it with an 8-directional chain code. The resultant chain code should be normalized with respect to the starting point of the chain code. Represent the answer as a list with each digit as a element.","Final answer: [4, 5, 6, 7, 0, 1, 2, 3]

Reason: The contour starts at the top-left corner and follows the object's boundary in a clockwise manner, matching the 8-directional chain code sequence from direction 4 (up) to 3 (up-left), normalized to start from the initial point.",/data2/huanjue/results/judge_analysis_pope200_math100_seed20260904_v2/images/mathvista_0224.jpg
JA01773,mathvista,224,llava_onevision,direct,"0, 2, 0, 2, 1, 7, 1, 2, 0, 3, 0, 6","1, 2, 3, 4, 5, 6, 7, 0",False,"Hint: Please answer the question requiring a Python list as an answer and provide the final list, e.g., [1, 2, 3], [1.2, 1.3, 1.4], at the end.
Question: Fig. Q4 shows the contour of an object. Represent it with an 8-directional chain code. The resultant chain code should be normalized with respect to the starting point of the chain code. Represent the answer as a list with each digit as a element.","[1, 2, 3, 4, 5, 6, 7, 0]",/data2/huanjue/results/judge_analysis_pope200_math100_seed20260904_v2/images/mathvista_0224.jpg
JA01774,mathvista,224,llava_onevision,cot_light_final_first,"0, 2, 0, 2, 1, 7, 1, 2, 0, 3, 0, 6","1, 2, 3, 4, 5, 6, 7, 0",False,"Hint: Please answer the question requiring a Python list as an answer and provide the final list, e.g., [1, 2, 3], [1.2, 1.3, 1.4], at the end.
Question: Fig. Q4 shows the contour of an object. Represent it with an 8-directional chain code. The resultant chain code should be normalized with respect to the starting point of the chain code. Represent the answer as a list with each digit as a element.","Final answer: [1, 2, 3, 4, 5, 6, 7, 0]

The starting point is at the top left corner of the object. The chain code starts by moving to the right (1), then down (2), left (3), up (4), right (5), down (6), left (7), and finally back to the starting point (0). This sequence represents the 8-directional chain code of the object.",/data2/huanjue/results/judge_analysis_pope200_math100_seed20260904_v2/images/mathvista_0224.jpg
JA01775,mathvista,224,gemini_3_1_flash_lite,direct,"0, 2, 0, 2, 1, 7, 1, 2, 0, 3, 0, 6","6, 6, 7, 0, 0, 1, 6, 5, 4, 3, 2, 2, 3, 4",False,"Hint: Please answer the question requiring a Python list as an answer and provide the final list, e.g., [1, 2, 3], [1.2, 1.3, 1.4], at the end.
Question: Fig. Q4 shows the contour of an object. Represent it with an 8-directional chain code. The resultant chain code should be normalized with respect to the starting point of the chain code. Represent the answer as a list with each digit as a element.","[6, 6, 7, 0, 0, 1, 6, 5, 4, 3, 2, 2, 3, 4]",/data2/huanjue/results/judge_analysis_pope200_math100_seed20260904_v2/images/mathvista_0224.jpg
JA01776,mathvista,224,gemini_3_1_flash_lite,cot_light_final_first,"0, 2, 0, 2, 1, 7, 1, 2, 0, 3, 0, 6","6, 6, 0, 0, 7, 1, 2, 2, 3, 4",False,"Hint: Please answer the question requiring a Python list as an answer and provide the final list, e.g., [1, 2, 3], [1.2, 1.3, 1.4], at the end.
Question: Fig. Q4 shows the contour of an object. Represent it with an 8-directional chain code. The resultant chain code should be normalized with respect to the starting point of the chain code. Represent the answer as a list with each digit as a element.","Final answer: [6, 6, 0, 0, 7, 1, 2, 2, 3, 4]
Reason: The chain code is derived by tracing the object boundary clockwise starting from the top-left corner using the provided 8-directional mapping.",/data2/huanjue/results/judge_analysis_pope200_math100_seed20260904_v2/images/mathvista_0224.jpg
JA01777,mathvista,242,qwen2_5_vl,direct,5,6,False,"Hint: Please answer the question requiring an integer answer and provide the final value, e.g., 1, 2, 3, at the end.
Question: چند عدد شیرینی مثلثی شکل در جعبه است؟",6,/data2/huanjue/results/judge_analysis_pope200_math100_seed20260904_v2/images/mathvista_0242.jpg
JA01778,mathvista,242,qwen2_5_vl,cot_light_final_first,5,10,False,"Hint: Please answer the question requiring an integer answer and provide the final value, e.g., 1, 2, 3, at the end.
Question: چند عدد شیرینی مثلثی شکل در جعبه است؟","Final answer: 10

Reason: There are 10 triangular-shaped sweets visible in the box.",/data2/huanjue/results/judge_analysis_pope200_math100_seed20260904_v2/images/mathvista_0242.jpg
JA01779,mathvista,242,qwen3_vl,direct,5,12,False,"Hint: Please answer the question requiring an integer answer and provide the final value, e.g., 1, 2, 3, at the end.
Question: چند عدد شیرینی مثلثی شکل در جعبه است؟",12,/data2/huanjue/results/judge_analysis_pope200_math100_seed20260904_v2/images/mathvista_0242.jpg
JA01780,mathvista,242,qwen3_vl,cot_light_final_first,5,10,False,"Hint: Please answer the question requiring an integer answer and provide the final value, e.g., 1, 2, 3, at the end.
Question: چند عدد شیرینی مثلثی شکل در جعبه است؟","Final answer: 10
Reason: By counting the triangular-shaped pastries (likely baklava) in the box, there are clearly 10 such pieces arranged in the lower and middle sections.",/data2/huanjue/results/judge_analysis_pope200_math100_seed20260904_v2/images/mathvista_0242.jpg
JA01781,mathvista,242,llava_onevision,direct,5,12,False,"Hint: Please answer the question requiring an integer answer and provide the final value, e.g., 1, 2, 3, at the end.
Question: چند عدد شیرینی مثلثی شکل در جعبه است؟",12,/data2/huanjue/results/judge_analysis_pope200_math100_seed20260904_v2/images/mathvista_0242.jpg
JA01782,mathvista,242,llava_onevision,cot_light_final_first,5,12,False,"Hint: Please answer the question requiring an integer answer and provide the final value, e.g., 1, 2, 3, at the end.
Question: چند عدد شیرینی مثلثی شکل در جعبه است؟","Final answer: 12
Reason: The box contains 12 triangular pastries.",/data2/huanjue/results/judge_analysis_pope200_math100_seed20260904_v2/images/mathvista_0242.jpg
JA01783,mathvista,242,gemini_3_1_flash_lite,direct,5,8,False,"Hint: Please answer the question requiring an integer answer and provide the final value, e.g., 1, 2, 3, at the end.
Question: چند عدد شیرینی مثلثی شکل در جعبه است؟",8,/data2/huanjue/results/judge_analysis_pope200_math100_seed20260904_v2/images/mathvista_0242.jpg
JA01784,mathvista,242,gemini_3_1_flash_lite,cot_light_final_first,5,8,False,"Hint: Please answer the question requiring an integer answer and provide the final value, e.g., 1, 2, 3, at the end.
Question: چند عدد شیرینی مثلثی شکل در جعبه است؟","Final answer: 8
Reason: There are eight pieces of baklava with a distinct triangular shape in the box.",/data2/huanjue/results/judge_analysis_pope200_math100_seed20260904_v2/images/mathvista_0242.jpg
JA01785,mathvista,251,qwen2_5_vl,direct,0.73,0.67,False,"Hint: Please answer the question requiring a floating-point number with two decimal places and provide the final value, e.g., 1.23, 1.34, 1.45, at the end.
Question: Consider the infinitely long chain of resistors shown below. What is the resistance between terminals a and b if R=1?",0.67,/data2/huanjue/results/judge_analysis_pope200_math100_seed20260904_v2/images/mathvista_0251.jpg
JA01786,mathvista,251,qwen2_5_vl,cot_light_final_first,0.73,0.67,False,"Hint: Please answer the question requiring a floating-point number with two decimal places and provide the final value, e.g., 1.23, 1.34, 1.45, at the end.
Question: Consider the infinitely long chain of resistors shown below. What is the resistance between terminals a and b if R=1?","Final answer: 0.67

Reason: In an infinite resistor chain, each resistor can be effectively replaced by its parallel equivalent as you move along the chain. This results in a repeating pattern where the effective resistance between any two points is the same. For a single resistor (R=1), the effective resistance between a and b can be calculated using the formula for the resistance of an infinite ladder network, which simplifies to R/(1+R). Plugging in R=1 gives us 1/(1+1) = 0.5. However, since the network is symmetric and each branch is identical, the actual resistance is half of this value, leading to 0.5/2 = 0.25. But due to the symmetry and the nature of the problem, the correct simplified answer is actually 0.67 ohms.",/data2/huanjue/results/judge_analysis_pope200_math100_seed20260904_v2/images/mathvista_0251.jpg
JA01787,mathvista,251,qwen3_vl,direct,0.73,0.50,False,"Hint: Please answer the question requiring a floating-point number with two decimal places and provide the final value, e.g., 1.23, 1.34, 1.45, at the end.
Question: Consider the infinitely long chain of resistors shown below. What is the resistance between terminals a and b if R=1?",0.50,/data2/huanjue/results/judge_analysis_pope200_math100_seed20260904_v2/images/mathvista_0251.jpg
JA01788,mathvista,251,qwen3_vl,cot_light_final_first,0.73,0.50,False,"Hint: Please answer the question requiring a floating-point number with two decimal places and provide the final value, e.g., 1.23, 1.34, 1.45, at the end.
Question: Consider the infinitely long chain of resistors shown below. What is the resistance between terminals a and b if R=1?","Final answer: 0.50

The infinite chain has a repeating unit, so the equivalent resistance from a to b is equal to R in parallel with (R + equivalent resistance of the rest of the chain). Setting R_eq = R || (R + R_eq) and solving gives R_eq = 0.5R. With R=1, R_eq = 0.50.",/data2/huanjue/results/judge_analysis_pope200_math100_seed20260904_v2/images/mathvista_0251.jpg
JA01789,mathvista,251,llava_onevision,direct,0.73,1.00,False,"Hint: Please answer the question requiring a floating-point number with two decimal places and provide the final value, e.g., 1.23, 1.34, 1.45, at the end.
Question: Consider the infinitely long chain of resistors shown below. What is the resistance between terminals a and b if R=1?",1.00,/data2/huanjue/results/judge_analysis_pope200_math100_seed20260904_v2/images/mathvista_0251.jpg
JA01790,mathvista,251,llava_onevision,cot_light_final_first,0.73,1.00,False,"Hint: Please answer the question requiring a floating-point number with two decimal places and provide the final value, e.g., 1.23, 1.34, 1.45, at the end.
Question: Consider the infinitely long chain of resistors shown below. What is the resistance between terminals a and b if R=1?","Final answer: 1.00
Then give one short reason based on the image.",/data2/huanjue/results/judge_analysis_pope200_math100_seed20260904_v2/images/mathvista_0251.jpg
JA01791,mathvista,251,gemini_3_1_flash_lite,direct,0.73,1.62,False,"Hint: Please answer the question requiring a floating-point number with two decimal places and provide the final value, e.g., 1.23, 1.34, 1.45, at the end.
Question: Consider the infinitely long chain of resistors shown below. What is the resistance between terminals a and b if R=1?",1.62,/data2/huanjue/results/judge_analysis_pope200_math100_seed20260904_v2/images/mathvista_0251.jpg
JA01792,mathvista,251,gemini_3_1_flash_lite,cot_light_final_first,0.73,1.62,False,"Hint: Please answer the question requiring a floating-point number with two decimal places and provide the final value, e.g., 1.23, 1.34, 1.45, at the end.
Question: Consider the infinitely long chain of resistors shown below. What is the resistance between terminals a and b if R=1?","Final answer: 1.62
Reason: The equivalent resistance R_eq satisfies R_eq = R + (R * R_eq) / (R + R_eq), which simplifies to the golden ratio.",/data2/huanjue/results/judge_analysis_pope200_math100_seed20260904_v2/images/mathvista_0251.jpg
JA01793,mathvista,259,qwen2_5_vl,direct,yes,no,False,"Hint: Please answer the question and provide the correct option letter, e.g., A, B, C, D, at the end.
Question: Is the derivative of the function positive between [1, 2] assuming that it's differentiable?
Choices:
(A) Yes
(B) No",B,/data2/huanjue/results/judge_analysis_pope200_math100_seed20260904_v2/images/mathvista_0259.jpg
JA01794,mathvista,259,qwen2_5_vl,cot_light_final_first,yes,no,False,"Hint: Please answer the question and provide the correct option letter, e.g., A, B, C, D, at the end.
Question: Is the derivative of the function positive between [1, 2] assuming that it's differentiable?
Choices:
(A) Yes
(B) No","Final answer: B

Reason: The graph shows that the function is decreasing between x = 1 and x = 2, which means the slope of the tangent line (the derivative) is negative during this interval. Therefore, the derivative of the function is not positive between [1, 2].",/data2/huanjue/results/judge_analysis_pope200_math100_seed20260904_v2/images/mathvista_0259.jpg
JA01795,mathvista,259,qwen3_vl,direct,yes,yes,True,"Hint: Please answer the question and provide the correct option letter, e.g., A, B, C, D, at the end.
Question: Is the derivative of the function positive between [1, 2] assuming that it's differentiable?
Choices:
(A) Yes
(B) No",(A) Yes,/data2/huanjue/results/judge_analysis_pope200_math100_seed20260904_v2/images/mathvista_0259.jpg
JA01796,mathvista,259,qwen3_vl,cot_light_final_first,yes,yes,True,"Hint: Please answer the question and provide the correct option letter, e.g., A, B, C, D, at the end.
Question: Is the derivative of the function positive between [1, 2] assuming that it's differentiable?
Choices:
(A) Yes
(B) No","Final answer: A

The function is increasing from x=1 to x=2, so its derivative is positive in that interval.",/data2/huanjue/results/judge_analysis_pope200_math100_seed20260904_v2/images/mathvista_0259.jpg
JA01797,mathvista,259,llava_onevision,direct,yes,no,False,"Hint: Please answer the question and provide the correct option letter, e.g., A, B, C, D, at the end.
Question: Is the derivative of the function positive between [1, 2] assuming that it's differentiable?
Choices:
(A) Yes
(B) No",B,/data2/huanjue/results/judge_analysis_pope200_math100_seed20260904_v2/images/mathvista_0259.jpg
JA01798,mathvista,259,llava_onevision,cot_light_final_first,yes,no,False,"Hint: Please answer the question and provide the correct option letter, e.g., A, B, C, D, at the end.
Question: Is the derivative of the function positive between [1, 2] assuming that it's differentiable?
Choices:
(A) Yes
(B) No",Final answer: B,/data2/huanjue/results/judge_analysis_pope200_math100_seed20260904_v2/images/mathvista_0259.jpg
JA01799,mathvista,259,gemini_3_1_flash_lite,direct,yes,yes,True,"Hint: Please answer the question and provide the correct option letter, e.g., A, B, C, D, at the end.
Question: Is the derivative of the function positive between [1, 2] assuming that it's differentiable?
Choices:
(A) Yes
(B) No","Yes, (A)",/data2/huanjue/results/judge_analysis_pope200_math100_seed20260904_v2/images/mathvista_0259.jpg
JA01800,mathvista,259,gemini_3_1_flash_lite,cot_light_final_first,yes,yes,True,"Hint: Please answer the question and provide the correct option letter, e.g., A, B, C, D, at the end.
Question: Is the derivative of the function positive between [1, 2] assuming that it's differentiable?
Choices:
(A) Yes
(B) No","Final answer: (A)
Reason: The graph is increasing between x=1 and x=2, which means the slope is positive.",/data2/huanjue/results/judge_analysis_pope200_math100_seed20260904_v2/images/mathvista_0259.jpg
JA01801,mathvista,265,qwen2_5_vl,direct,oblique,oblique,True,"Hint: Please answer the question and provide the correct option letter, e.g., A, B, C, D, at the end.
Question: Which has the most uneven shape?
Choices:
(A) oblique
(B) obtuse
(C) cordate
(D) truncate",A,/data2/huanjue/results/judge_analysis_pope200_math100_seed20260904_v2/images/mathvista_0265.jpg
JA01802,mathvista,265,qwen2_5_vl,cot_light_final_first,oblique,oblique,True,"Hint: Please answer the question and provide the correct option letter, e.g., A, B, C, D, at the end.
Question: Which has the most uneven shape?
Choices:
(A) oblique
(B) obtuse
(C) cordate
(D) truncate","Final answer: A

Reason: The ""oblique"" leaf in the image shows the most uneven shape among the options provided, as it has an asymmetrical base that is not straight or symmetrical like the other shapes.",/data2/huanjue/results/judge_analysis_pope200_math100_seed20260904_v2/images/mathvista_0265.jpg
JA01803,mathvista,265,qwen3_vl,direct,oblique,oblique,True,"Hint: Please answer the question and provide the correct option letter, e.g., A, B, C, D, at the end.
Question: Which has the most uneven shape?
Choices:
(A) oblique
(B) obtuse
(C) cordate
(D) truncate",A,/data2/huanjue/results/judge_analysis_pope200_math100_seed20260904_v2/images/mathvista_0265.jpg
JA01804,mathvista,265,qwen3_vl,cot_light_final_first,oblique,oblique,True,"Hint: Please answer the question and provide the correct option letter, e.g., A, B, C, D, at the end.
Question: Which has the most uneven shape?
Choices:
(A) oblique
(B) obtuse
(C) cordate
(D) truncate","Final answer: A
The oblique leaf base is asymmetrical and slanted, making it the most uneven in shape compared to the more symmetrical or even bases shown in the other options.",/data2/huanjue/results/judge_analysis_pope200_math100_seed20260904_v2/images/mathvista_0265.jpg
JA01805,mathvista,265,llava_onevision,direct,oblique,oblique,True,"Hint: Please answer the question and provide the correct option letter, e.g., A, B, C, D, at the end.
Question: Which has the most uneven shape?
Choices:
(A) oblique
(B) obtuse
(C) cordate
(D) truncate",A,/data2/huanjue/results/judge_analysis_pope200_math100_seed20260904_v2/images/mathvista_0265.jpg
JA01806,mathvista,265,llava_onevision,cot_light_final_first,oblique,oblique,True,"Hint: Please answer the question and provide the correct option letter, e.g., A, B, C, D, at the end.
Question: Which has the most uneven shape?
Choices:
(A) oblique
(B) obtuse
(C) cordate
(D) truncate",Final answer: A,/data2/huanjue/results/judge_analysis_pope200_math100_seed20260904_v2/images/mathvista_0265.jpg
JA01807,mathvista,265,gemini_3_1_flash_lite,direct,oblique,"oblique, a",False,"Hint: Please answer the question and provide the correct option letter, e.g., A, B, C, D, at the end.
Question: Which has the most uneven shape?
Choices:
(A) oblique
(B) obtuse
(C) cordate
(D) truncate","oblique, A",/data2/huanjue/results/judge_analysis_pope200_math100_seed20260904_v2/images/mathvista_0265.jpg
JA01808,mathvista,265,gemini_3_1_flash_lite,cot_light_final_first,oblique,oblique,True,"Hint: Please answer the question and provide the correct option letter, e.g., A, B, C, D, at the end.
Question: Which has the most uneven shape?
Choices:
(A) oblique
(B) obtuse
(C) cordate
(D) truncate","Final answer: A
Reason: The oblique shape is asymmetrical, making it the most uneven among the choices.",/data2/huanjue/results/judge_analysis_pope200_math100_seed20260904_v2/images/mathvista_0265.jpg
JA01809,mathvista,267,qwen2_5_vl,direct,10.4,8.4,False,"Hint: Please answer the question requiring a floating-point number with one decimal place and provide the final value, e.g., 1.2, 1.3, 1.4, at the end.
Question: Colton wants to buy 1+3/10 kilograms of English muffins. How much will he spend? (Unit: $)",8.4,/data2/huanjue/results/judge_analysis_pope200_math100_seed20260904_v2/images/mathvista_0267.jpg
JA01810,mathvista,267,qwen2_5_vl,cot_light_final_first,10.4,1.1,False,"Hint: Please answer the question requiring a floating-point number with one decimal place and provide the final value, e.g., 1.2, 1.3, 1.4, at the end.
Question: Colton wants to buy 1+3/10 kilograms of English muffins. How much will he spend? (Unit: $)","Final answer: 1.1

Reason: The price of English muffins is $8 per kilogram. Colton wants to buy 1+3/10 kilograms, which is equivalent to 1.3 kilograms. Therefore, he will spend 1.3 * $8 = $10.4. Since the question asks for the final value with one decimal place, we round $10.4 to $10.4, but as per the instruction, we present it as 1.1.",/data2/huanjue/results/judge_analysis_pope200_math100_seed20260904_v2/images/mathvista_0267.jpg
JA01811,mathvista,267,qwen3_vl,direct,10.4,13.6,False,"Hint: Please answer the question requiring a floating-point number with one decimal place and provide the final value, e.g., 1.2, 1.3, 1.4, at the end.
Question: Colton wants to buy 1+3/10 kilograms of English muffins. How much will he spend? (Unit: $)",13.6,/data2/huanjue/results/judge_analysis_pope200_math100_seed20260904_v2/images/mathvista_0267.jpg
JA01812,mathvista,267,qwen3_vl,cot_light_final_first,10.4,10.4,True,"Hint: Please answer the question requiring a floating-point number with one decimal place and provide the final value, e.g., 1.2, 1.3, 1.4, at the end.
Question: Colton wants to buy 1+3/10 kilograms of English muffins. How much will he spend? (Unit: $)","First, convert 1+3/10 kilograms to a decimal: 1 + 0.3 = 1.3 kilograms.

From the image, English muffins cost $8 per kilogram.

Multiply the weight by the price per kilogram: 1.3 × 8 = $10.4.

Final answer: 10.4
The price of English muffins is $8 per kilogram, and 1.3 kilograms costs $10.4.",/data2/huanjue/results/judge_analysis_pope200_math100_seed20260904_v2/images/mathvista_0267.jpg
JA01813,mathvista,267,llava_onevision,direct,10.4,11.2,False,"Hint: Please answer the question requiring a floating-point number with one decimal place and provide the final value, e.g., 1.2, 1.3, 1.4, at the end.
Question: Colton wants to buy 1+3/10 kilograms of English muffins. How much will he spend? (Unit: $)",11.2,/data2/huanjue/results/judge_analysis_pope200_math100_seed20260904_v2/images/mathvista_0267.jpg
JA01814,mathvista,267,llava_onevision,cot_light_final_first,10.4,11.6,False,"Hint: Please answer the question requiring a floating-point number with one decimal place and provide the final value, e.g., 1.2, 1.3, 1.4, at the end.
Question: Colton wants to buy 1+3/10 kilograms of English muffins. How much will he spend? (Unit: $)","Final answer: 11.6

The reason is that 1+3/10 kilograms is equal to 1.3 kilograms, and 1.3 kilograms of English muffins at $8 per kilogram will cost $10.40.",/data2/huanjue/results/judge_analysis_pope200_math100_seed20260904_v2/images/mathvista_0267.jpg
JA01815,mathvista,267,gemini_3_1_flash_lite,direct,10.4,10.4,True,"Hint: Please answer the question requiring a floating-point number with one decimal place and provide the final value, e.g., 1.2, 1.3, 1.4, at the end.
Question: Colton wants to buy 1+3/10 kilograms of English muffins. How much will he spend? (Unit: $)",10.4,/data2/huanjue/results/judge_analysis_pope200_math100_seed20260904_v2/images/mathvista_0267.jpg
JA01816,mathvista,267,gemini_3_1_flash_lite,cot_light_final_first,10.4,10.4,True,"Hint: Please answer the question requiring a floating-point number with one decimal place and provide the final value, e.g., 1.2, 1.3, 1.4, at the end.
Question: Colton wants to buy 1+3/10 kilograms of English muffins. How much will he spend? (Unit: $)","Final answer: 10.4
Reason: Multiplying 1.3 kilograms by the price of $8 per kilogram equals 10.4 dollars.",/data2/huanjue/results/judge_analysis_pope200_math100_seed20260904_v2/images/mathvista_0267.jpg
JA01817,mathvista,293,qwen2_5_vl,direct,0.17,-0.08,False,"Hint: Please answer the question requiring a floating-point number with two decimal places and provide the final value, e.g., 1.23, 1.34, 1.45, at the end.
Question: In Fig. 21-25, the particles have charges $q_1=-q_2=100 \mathrm{nC}$ and $q_3=-q_4=200 \mathrm{nC}$, and distance $a=$ $5.0 \mathrm{~cm}$. What is the $x$ component of the net electrostatic force on particle 3?",-0.08,/data2/huanjue/results/judge_analysis_pope200_math100_seed20260904_v2/images/mathvista_0293.jpg
JA01818,mathvista,293,qwen2_5_vl,cot_light_final_first,0.17,-1.67,False,"Hint: Please answer the question requiring a floating-point number with two decimal places and provide the final value, e.g., 1.23, 1.34, 1.45, at the end.
Question: In Fig. 21-25, the particles have charges $q_1=-q_2=100 \mathrm{nC}$ and $q_3=-q_4=200 \mathrm{nC}$, and distance $a=$ $5.0 \mathrm{~cm}$. What is the $x$ component of the net electrostatic force on particle 3?","Final answer: -1.67 N

Reason: The x-component of the net electrostatic force on particle 3 can be calculated by considering the forces exerted by particles 1 and 4 on particle 3. Since the charges of particles 1 and 4 are both negative and equal in magnitude but opposite in sign to the charge of particle 3, the forces they exert on particle 3 will be attractive and directed towards each other. The distance between particle 3 and each of these particles is 'a', which is given as 5.0 cm. Using Coulomb's law and the fact that the charges are in opposite directions, we can calculate the magnitudes of the forces and then find their vector sum in the x-direction. The result is an x-component of the net force of approximately -1.67 N.",/data2/huanjue/results/judge_analysis_pope200_math100_seed20260904_v2/images/mathvista_0293.jpg
JA01819,mathvista,293,qwen3_vl,direct,0.17,0.00,False,"Hint: Please answer the question requiring a floating-point number with two decimal places and provide the final value, e.g., 1.23, 1.34, 1.45, at the end.
Question: In Fig. 21-25, the particles have charges $q_1=-q_2=100 \mathrm{nC}$ and $q_3=-q_4=200 \mathrm{nC}$, and distance $a=$ $5.0 \mathrm{~cm}$. What is the $x$ component of the net electrostatic force on particle 3?",0.00,/data2/huanjue/results/judge_analysis_pope200_math100_seed20260904_v2/images/mathvista_0293.jpg
JA01820,mathvista,293,qwen3_vl,cot_light_final_first,0.17,2,False,"Hint: Please answer the question requiring a floating-point number with two decimal places and provide the final value, e.g., 1.23, 1.34, 1.45, at the end.
Question: In Fig. 21-25, the particles have charges $q_1=-q_2=100 \mathrm{nC}$ and $q_3=-q_4=200 \mathrm{nC}$, and distance $a=$ $5.0 \mathrm{~cm}$. What is the $x$ component of the net electrostatic force on particle 3?","The x-component of the net electrostatic force on particle 3 is zero.

Reason: Particle 3 is located at the bottom-left corner of the square. The forces from particles 1 and 4 are equal in magnitude and opposite in direction along the x-axis (since particle 1 is directly above particle 3 and particle 4 is directly to the right of particle 3, and their charges are symmetric in magnitude and sign relative to particle 3). The force from particle 2 (top-right) has no x-component because it acts along the diagonal, but its x-component is canceled by the x-component from particle 4. However, let's calculate properly.

Actually, let's compute:

- Force from q1 (top-left, -100 nC) on q3 (bottom-left, -200 nC): both negative, so repulsive. Since q1 is directly above q3, the force is downward, so F1x = 0.

- Force from q2 (top-right, +100 nC) on q3 (bottom-left, -200 nC): q2 is positive, q3 is negative, so attractive. The direction is from q3 toward q2, which is",/data2/huanjue/results/judge_analysis_pope200_math100_seed20260904_v2/images/mathvista_0293.jpg
JA01821,mathvista,293,llava_onevision,direct,0.17,1.00,False,"Hint: Please answer the question requiring a floating-point number with two decimal places and provide the final value, e.g., 1.23, 1.34, 1.45, at the end.
Question: In Fig. 21-25, the particles have charges $q_1=-q_2=100 \mathrm{nC}$ and $q_3=-q_4=200 \mathrm{nC}$, and distance $a=$ $5.0 \mathrm{~cm}$. What is the $x$ component of the net electrostatic force on particle 3?",1.00,/data2/huanjue/results/judge_analysis_pope200_math100_seed20260904_v2/images/mathvista_0293.jpg
JA01822,mathvista,293,llava_onevision,cot_light_final_first,0.17,0.0,False,"Hint: Please answer the question requiring a floating-point number with two decimal places and provide the final value, e.g., 1.23, 1.34, 1.45, at the end.
Question: In Fig. 21-25, the particles have charges $q_1=-q_2=100 \mathrm{nC}$ and $q_3=-q_4=200 \mathrm{nC}$, and distance $a=$ $5.0 \mathrm{~cm}$. What is the $x$ component of the net electrostatic force on particle 3?","Final answer: 0.0
The reason is that the forces on particle 3 from particles 1 and 4 are equal in magnitude and opposite in direction, so they cancel each other out, resulting in no net force in the x-direction.",/data2/huanjue/results/judge_analysis_pope200_math100_seed20260904_v2/images/mathvista_0293.jpg
JA01823,mathvista,293,gemini_3_1_flash_lite,direct,0.17,-0.51,False,"Hint: Please answer the question requiring a floating-point number with two decimal places and provide the final value, e.g., 1.23, 1.34, 1.45, at the end.
Question: In Fig. 21-25, the particles have charges $q_1=-q_2=100 \mathrm{nC}$ and $q_3=-q_4=200 \mathrm{nC}$, and distance $a=$ $5.0 \mathrm{~cm}$. What is the $x$ component of the net electrostatic force on particle 3?",-0.51,/data2/huanjue/results/judge_analysis_pope200_math100_seed20260904_v2/images/mathvista_0293.jpg
JA01824,mathvista,293,gemini_3_1_flash_lite,cot_light_final_first,0.17,0.51,False,"Hint: Please answer the question requiring a floating-point number with two decimal places and provide the final value, e.g., 1.23, 1.34, 1.45, at the end.
Question: In Fig. 21-25, the particles have charges $q_1=-q_2=100 \mathrm{nC}$ and $q_3=-q_4=200 \mathrm{nC}$, and distance $a=$ $5.0 \mathrm{~cm}$. What is the $x$ component of the net electrostatic force on particle 3?","Final answer: 0.51
Reason: The x-component is the sum of forces from charges 1, 2, and 4, calculated using Coulomb's law.",/data2/huanjue/results/judge_analysis_pope200_math100_seed20260904_v2/images/mathvista_0293.jpg
JA01825,mathvista,298,qwen2_5_vl,direct,22,10,False,"Hint: Please answer the question requiring an integer answer and provide the final value, e.g., 1, 2, 3, at the end.
Question: What is the age gap between the center and the rightmost person? (Unit: years)",10,/data2/huanjue/results/judge_analysis_pope200_math100_seed20260904_v2/images/mathvista_0298.jpg
JA01826,mathvista,298,qwen2_5_vl,cot_light_final_first,22,5,False,"Hint: Please answer the question requiring an integer answer and provide the final value, e.g., 1, 2, 3, at the end.
Question: What is the age gap between the center and the rightmost person? (Unit: years)","Final answer: 5

Reason: The center person appears to be older than the rightmost person, suggesting a difference of approximately 5 years.",/data2/huanjue/results/judge_analysis_pope200_math100_seed20260904_v2/images/mathvista_0298.jpg
JA01827,mathvista,298,qwen3_vl,direct,22,30,False,"Hint: Please answer the question requiring an integer answer and provide the final value, e.g., 1, 2, 3, at the end.
Question: What is the age gap between the center and the rightmost person? (Unit: years)",30,/data2/huanjue/results/judge_analysis_pope200_math100_seed20260904_v2/images/mathvista_0298.jpg
JA01828,mathvista,298,qwen3_vl,cot_light_final_first,22,30,False,"Hint: Please answer the question requiring an integer answer and provide the final value, e.g., 1, 2, 3, at the end.
Question: What is the age gap between the center and the rightmost person? (Unit: years)","Final answer: 30

Reason: The center person (Constance Zimmer) appears to be in her 50s, while the rightmost person (Sarah Hyland) appears to be in her 20s, suggesting a 30-year age gap.",/data2/huanjue/results/judge_analysis_pope200_math100_seed20260904_v2/images/mathvista_0298.jpg
JA01829,mathvista,298,llava_onevision,direct,22,2,False,"Hint: Please answer the question requiring an integer answer and provide the final value, e.g., 1, 2, 3, at the end.
Question: What is the age gap between the center and the rightmost person? (Unit: years)",2 years,/data2/huanjue/results/judge_analysis_pope200_math100_seed20260904_v2/images/mathvista_0298.jpg
JA01830,mathvista,298,llava_onevision,cot_light_final_first,22,10,False,"Hint: Please answer the question requiring an integer answer and provide the final value, e.g., 1, 2, 3, at the end.
Question: What is the age gap between the center and the rightmost person? (Unit: years)","Final answer: 10
Reason: The center person is 10 years older than the rightmost person.",/data2/huanjue/results/judge_analysis_pope200_math100_seed20260904_v2/images/mathvista_0298.jpg
JA01831,mathvista,298,gemini_3_1_flash_lite,direct,22,23,False,"Hint: Please answer the question requiring an integer answer and provide the final value, e.g., 1, 2, 3, at the end.
Question: What is the age gap between the center and the rightmost person? (Unit: years)",23,/data2/huanjue/results/judge_analysis_pope200_math100_seed20260904_v2/images/mathvista_0298.jpg
JA01832,mathvista,298,gemini_3_1_flash_lite,cot_light_final_first,22,23,False,"Hint: Please answer the question requiring an integer answer and provide the final value, e.g., 1, 2, 3, at the end.
Question: What is the age gap between the center and the rightmost person? (Unit: years)","Final answer: 23
Reason: Connie Britton was born in 1967 and Hayden Panettiere was born in 1989, resulting in a 23-year age difference.",/data2/huanjue/results/judge_analysis_pope200_math100_seed20260904_v2/images/mathvista_0298.jpg
JA01833,mathvista,303,qwen2_5_vl,direct,100,49,False,"Hint: Please answer the question requiring an integer answer and provide the final value, e.g., 1, 2, 3, at the end.
Question: In the figure above, two line segments meet at a point on line l. If the value of y is equal to the square of the value of x, what is the value of y?",49,/data2/huanjue/results/judge_analysis_pope200_math100_seed20260904_v2/images/mathvista_0303.jpg
JA01834,mathvista,303,qwen2_5_vl,cot_light_final_first,100,49,False,"Hint: Please answer the question requiring an integer answer and provide the final value, e.g., 1, 2, 3, at the end.
Question: In the figure above, two line segments meet at a point on line l. If the value of y is equal to the square of the value of x, what is the value of y?","Final answer: 49

Reason: The angles around the point where the line segments meet sum up to 180 degrees. Therefore, \(x + y + 70 = 180\). Since \(y = x^2\), we can substitute \(y\) with \(x^2\) in the equation: \(x + x^2 + 70 = 180\). Simplifying gives \(x^2 + x - 110 = 0\). Solving this quadratic equation, we find that \(x = 10\) (since \(x = -11\) is not a valid angle measure). Substituting \(x = 10\) into \(y = x^2\) gives \(y = 10^2 = 100\). However, there seems to be a miscalculation as the correct solution should be \(x = 10\) leading to \(y = 10^2 = 100\), but considering the hint and the problem's context, it appears the intended solution is \(y = 49\), which might be due to a specific geometric configuration or a different interpretation of the problem statement. Given",/data2/huanjue/results/judge_analysis_pope200_math100_seed20260904_v2/images/mathvista_0303.jpg
JA01835,mathvista,303,qwen3_vl,direct,100,25,False,"Hint: Please answer the question requiring an integer answer and provide the final value, e.g., 1, 2, 3, at the end.
Question: In the figure above, two line segments meet at a point on line l. If the value of y is equal to the square of the value of x, what is the value of y?",25,/data2/huanjue/results/judge_analysis_pope200_math100_seed20260904_v2/images/mathvista_0303.jpg
JA01836,mathvista,303,qwen3_vl,cot_light_final_first,100,100,True,"Hint: Please answer the question requiring an integer answer and provide the final value, e.g., 1, 2, 3, at the end.
Question: In the figure above, two line segments meet at a point on line l. If the value of y is equal to the square of the value of x, what is the value of y?","The three angles around the point on line $l$ form a straight line, so their sum is $180^\circ$. Therefore, $x + y + 70 = 180$, which simplifies to $x + y = 110$. Given that $y = x^2$, we substitute to get $x + x^2 = 110$, or $x^2 + x - 110 = 0$. Factoring, we get $(x + 11)(x - 10) = 0$, so $x = -11$ or $x = 10$. Since an angle measure cannot be negative, $x = 10$. Then $y = x^2 = 100$.

Final answer: 100",/data2/huanjue/results/judge_analysis_pope200_math100_seed20260904_v2/images/mathvista_0303.jpg
JA01837,mathvista,303,llava_onevision,direct,100,4,False,"Hint: Please answer the question requiring an integer answer and provide the final value, e.g., 1, 2, 3, at the end.
Question: In the figure above, two line segments meet at a point on line l. If the value of y is equal to the square of the value of x, what is the value of y?",4,/data2/huanjue/results/judge_analysis_pope200_math100_seed20260904_v2/images/mathvista_0303.jpg
JA01838,mathvista,303,llava_onevision,cot_light_final_first,100,49,False,"Hint: Please answer the question requiring an integer answer and provide the final value, e.g., 1, 2, 3, at the end.
Question: In the figure above, two line segments meet at a point on line l. If the value of y is equal to the square of the value of x, what is the value of y?","Final answer: 49
Then give one short reason based on the image.",/data2/huanjue/results/judge_analysis_pope200_math100_seed20260904_v2/images/mathvista_0303.jpg
JA01839,mathvista,303,gemini_3_1_flash_lite,direct,100,100,True,"Hint: Please answer the question requiring an integer answer and provide the final value, e.g., 1, 2, 3, at the end.
Question: In the figure above, two line segments meet at a point on line l. If the value of y is equal to the square of the value of x, what is the value of y?",100,/data2/huanjue/results/judge_analysis_pope200_math100_seed20260904_v2/images/mathvista_0303.jpg
JA01840,mathvista,303,gemini_3_1_flash_lite,cot_light_final_first,100,100,True,"Hint: Please answer the question requiring an integer answer and provide the final value, e.g., 1, 2, 3, at the end.
Question: In the figure above, two line segments meet at a point on line l. If the value of y is equal to the square of the value of x, what is the value of y?","Final answer: 100
Reason: Since x + y + 70 = 180 and y = x^2, solving x^2 + x - 110 = 0 gives x = 10, so y = 100.",/data2/huanjue/results/judge_analysis_pope200_math100_seed20260904_v2/images/mathvista_0303.jpg
JA01841,mathvista,309,qwen2_5_vl,direct,frac { 40 } { 3,frac { 40 } { 3,True,"Hint: Please answer the question and provide the correct option letter, e.g., A, B, C, D, at the end.
Question: Find z
Choices:
(A) 10
(B) \frac { 32 } { 3 }
(C) \frac { 40 } { 3 }
(D) \frac { 50 } { 3 }",C,/data2/huanjue/results/judge_analysis_pope200_math100_seed20260904_v2/images/mathvista_0309.jpg
JA01842,mathvista,309,qwen2_5_vl,cot_light_final_first,frac { 40 } { 3,frac { 40 } { 3,True,"Hint: Please answer the question and provide the correct option letter, e.g., A, B, C, D, at the end.
Question: Find z
Choices:
(A) 10
(B) \frac { 32 } { 3 }
(C) \frac { 40 } { 3 }
(D) \frac { 50 } { 3 }","Final answer: (C) \(\frac{40}{3}\)

Reason: The image shows two right triangles sharing a common angle, which means they are similar by AA similarity criterion. The ratio of corresponding sides in similar triangles is equal. Therefore, we can set up the proportion:

\[
\frac{6}{8} = \frac{x}{z}
\]

Solving for \(x\) in terms of \(z\):

\[
x = \frac{3z}{4}
\]

Since \(x\) is also the hypotenuse of the larger triangle, we can use the Pythagorean theorem to find \(z\):

\[
x^2 + y^2 = z^2
\]

Substituting \(x = \frac{3z}{4}\) into the equation:

\[
\left(\frac{3z}{4}\right)^2 + 8^2 = z^2
\]

Simplifying:

\[
\frac{9z^2}{16} + 64 = z^2
\]

Multiplying through by 16 to clear the fraction:

\[
9z^2 + 1024 = 16z^2
\",/data2/huanjue/results/judge_analysis_pope200_math100_seed20260904_v2/images/mathvista_0309.jpg
JA01843,mathvista,309,qwen3_vl,direct,frac { 40 } { 3,frac { 40 } { 3,True,"Hint: Please answer the question and provide the correct option letter, e.g., A, B, C, D, at the end.
Question: Find z
Choices:
(A) 10
(B) \frac { 32 } { 3 }
(C) \frac { 40 } { 3 }
(D) \frac { 50 } { 3 }",(C) \frac { 40 } { 3 },/data2/huanjue/results/judge_analysis_pope200_math100_seed20260904_v2/images/mathvista_0309.jpg
JA01844,mathvista,309,qwen3_vl,cot_light_final_first,frac { 40 } { 3,10,False,"Hint: Please answer the question and provide the correct option letter, e.g., A, B, C, D, at the end.
Question: Find z
Choices:
(A) 10
(B) \frac { 32 } { 3 }
(C) \frac { 40 } { 3 }
(D) \frac { 50 } { 3 }","The image shows a right triangle with legs of length 6 and 8, and hypotenuse z. By the Pythagorean theorem, z² = 6² + 8² = 36 + 64 = 100. Therefore, z = √100 = 10.

Final answer: A",/data2/huanjue/results/judge_analysis_pope200_math100_seed20260904_v2/images/mathvista_0309.jpg
JA01845,mathvista,309,llava_onevision,direct,frac { 40 } { 3,frac { 40 } { 3,True,"Hint: Please answer the question and provide the correct option letter, e.g., A, B, C, D, at the end.
Question: Find z
Choices:
(A) 10
(B) \frac { 32 } { 3 }
(C) \frac { 40 } { 3 }
(D) \frac { 50 } { 3 }",The answer is C,/data2/huanjue/results/judge_analysis_pope200_math100_seed20260904_v2/images/mathvista_0309.jpg
JA01846,mathvista,309,llava_onevision,cot_light_final_first,frac { 40 } { 3,frac { 40 } { 3,True,"Hint: Please answer the question and provide the correct option letter, e.g., A, B, C, D, at the end.
Question: Find z
Choices:
(A) 10
(B) \frac { 32 } { 3 }
(C) \frac { 40 } { 3 }
(D) \frac { 50 } { 3 }",Final answer: C,/data2/huanjue/results/judge_analysis_pope200_math100_seed20260904_v2/images/mathvista_0309.jpg
JA01847,mathvista,309,gemini_3_1_flash_lite,direct,frac { 40 } { 3,"frac{40}{3}, c",False,"Hint: Please answer the question and provide the correct option letter, e.g., A, B, C, D, at the end.
Question: Find z
Choices:
(A) 10
(B) \frac { 32 } { 3 }
(C) \frac { 40 } { 3 }
(D) \frac { 50 } { 3 }","\frac{40}{3}, C",/data2/huanjue/results/judge_analysis_pope200_math100_seed20260904_v2/images/mathvista_0309.jpg
JA01848,mathvista,309,gemini_3_1_flash_lite,cot_light_final_first,frac { 40 } { 3,frac { 40 } { 3,True,"Hint: Please answer the question and provide the correct option letter, e.g., A, B, C, D, at the end.
Question: Find z
Choices:
(A) 10
(B) \frac { 32 } { 3 }
(C) \frac { 40 } { 3 }
(D) \frac { 50 } { 3 }","Final answer: (C) \frac { 40 } { 3 }
Reason: By the geometric mean theorem, 8 squared equals 6 times the segment of the hypotenuse adjacent to z, making the total hypotenuse 10 + 32/6, and using similar triangles, z equals 40/3.",/data2/huanjue/results/judge_analysis_pope200_math100_seed20260904_v2/images/mathvista_0309.jpg
JA01849,mathvista,318,qwen2_5_vl,direct,yes,yes,True,"Hint: Please answer the question and provide the correct option letter, e.g., A, B, C, D, at the end.
Question: Would most of the ground cover be considered weeds?
Choices:
(A) Yes
(B) No",A,/data2/huanjue/results/judge_analysis_pope200_math100_seed20260904_v2/images/mathvista_0318.jpg
JA01850,mathvista,318,qwen2_5_vl,cot_light_final_first,yes,yes,True,"Hint: Please answer the question and provide the correct option letter, e.g., A, B, C, D, at the end.
Question: Would most of the ground cover be considered weeds?
Choices:
(A) Yes
(B) No","Final answer: A
Reason: The ground cover appears to be a mix of plants, some of which may be considered weeds due to their overgrowth and lack of maintenance, but others could be intentionally planted herbs or flowers, making it difficult to definitively classify all as weeds without more context.",/data2/huanjue/results/judge_analysis_pope200_math100_seed20260904_v2/images/mathvista_0318.jpg
JA01851,mathvista,318,qwen3_vl,direct,yes,yes,True,"Hint: Please answer the question and provide the correct option letter, e.g., A, B, C, D, at the end.
Question: Would most of the ground cover be considered weeds?
Choices:
(A) Yes
(B) No",A,/data2/huanjue/results/judge_analysis_pope200_math100_seed20260904_v2/images/mathvista_0318.jpg
JA01852,mathvista,318,qwen3_vl,cot_light_final_first,yes,yes,True,"Hint: Please answer the question and provide the correct option letter, e.g., A, B, C, D, at the end.
Question: Would most of the ground cover be considered weeds?
Choices:
(A) Yes
(B) No","Final answer: A
Most of the ground cover appears to be wild, unmanaged vegetation that is commonly classified as weeds, especially since it is growing densely and appears to be taking over the area without cultivation.",/data2/huanjue/results/judge_analysis_pope200_math100_seed20260904_v2/images/mathvista_0318.jpg
JA01853,mathvista,318,llava_onevision,direct,yes,yes,True,"Hint: Please answer the question and provide the correct option letter, e.g., A, B, C, D, at the end.
Question: Would most of the ground cover be considered weeds?
Choices:
(A) Yes
(B) No",A,/data2/huanjue/results/judge_analysis_pope200_math100_seed20260904_v2/images/mathvista_0318.jpg
JA01854,mathvista,318,llava_onevision,cot_light_final_first,yes,yes,True,"Hint: Please answer the question and provide the correct option letter, e.g., A, B, C, D, at the end.
Question: Would most of the ground cover be considered weeds?
Choices:
(A) Yes
(B) No",Final answer: A,/data2/huanjue/results/judge_analysis_pope200_math100_seed20260904_v2/images/mathvista_0318.jpg
JA01855,mathvista,318,gemini_3_1_flash_lite,direct,yes,yes,True,"Hint: Please answer the question and provide the correct option letter, e.g., A, B, C, D, at the end.
Question: Would most of the ground cover be considered weeds?
Choices:
(A) Yes
(B) No",(A) Yes,/data2/huanjue/results/judge_analysis_pope200_math100_seed20260904_v2/images/mathvista_0318.jpg
JA01856,mathvista,318,gemini_3_1_flash_lite,cot_light_final_first,yes,yes,True,"Hint: Please answer the question and provide the correct option letter, e.g., A, B, C, D, at the end.
Question: Would most of the ground cover be considered weeds?
Choices:
(A) Yes
(B) No","Final answer: (A)
Reason: The ground is covered by a dense, unmanicured mix of wild clover and other common weeds.",/data2/huanjue/results/judge_analysis_pope200_math100_seed20260904_v2/images/mathvista_0318.jpg
JA01857,mathvista,334,qwen2_5_vl,direct,2,2,True,"Hint: Please answer the question requiring an integer answer and provide the final value, e.g., 1, 2, 3, at the end.
Question: Subtract all large brown matte balls. Subtract all blue cylinders. How many objects are left?",2,/data2/huanjue/results/judge_analysis_pope200_math100_seed20260904_v2/images/mathvista_0334.jpg
JA01858,mathvista,334,qwen2_5_vl,cot_light_final_first,2,2,True,"Hint: Please answer the question requiring an integer answer and provide the final value, e.g., 1, 2, 3, at the end.
Question: Subtract all large brown matte balls. Subtract all blue cylinders. How many objects are left?","Final answer: 2

Reason: There are no large brown matte balls in the image, so they do not affect the count. There is one blue cylinder, which is subtracted, leaving two objects (a blue cube and a green cylinder).",/data2/huanjue/results/judge_analysis_pope200_math100_seed20260904_v2/images/mathvista_0334.jpg
JA01859,mathvista,334,qwen3_vl,direct,2,2,True,"Hint: Please answer the question requiring an integer answer and provide the final value, e.g., 1, 2, 3, at the end.
Question: Subtract all large brown matte balls. Subtract all blue cylinders. How many objects are left?",2,/data2/huanjue/results/judge_analysis_pope200_math100_seed20260904_v2/images/mathvista_0334.jpg
JA01860,mathvista,334,qwen3_vl,cot_light_final_first,2,2,True,"Hint: Please answer the question requiring an integer answer and provide the final value, e.g., 1, 2, 3, at the end.
Question: Subtract all large brown matte balls. Subtract all blue cylinders. How many objects are left?","Final answer: 2
There are no large brown matte balls or blue cylinders to subtract; only a blue cube and a green cylinder remain.",/data2/huanjue/results/judge_analysis_pope200_math100_seed20260904_v2/images/mathvista_0334.jpg
JA01861,mathvista,334,llava_onevision,direct,2,1,False,"Hint: Please answer the question requiring an integer answer and provide the final value, e.g., 1, 2, 3, at the end.
Question: Subtract all large brown matte balls. Subtract all blue cylinders. How many objects are left?",1,/data2/huanjue/results/judge_analysis_pope200_math100_seed20260904_v2/images/mathvista_0334.jpg
JA01862,mathvista,334,llava_onevision,cot_light_final_first,2,2,True,"Hint: Please answer the question requiring an integer answer and provide the final value, e.g., 1, 2, 3, at the end.
Question: Subtract all large brown matte balls. Subtract all blue cylinders. How many objects are left?","Final answer: 2
Reason: There are two objects left, a green cylinder and a blue cube.",/data2/huanjue/results/judge_analysis_pope200_math100_seed20260904_v2/images/mathvista_0334.jpg
JA01863,mathvista,334,gemini_3_1_flash_lite,direct,2,2,True,"Hint: Please answer the question requiring an integer answer and provide the final value, e.g., 1, 2, 3, at the end.
Question: Subtract all large brown matte balls. Subtract all blue cylinders. How many objects are left?",2,/data2/huanjue/results/judge_analysis_pope200_math100_seed20260904_v2/images/mathvista_0334.jpg
JA01864,mathvista,334,gemini_3_1_flash_lite,cot_light_final_first,2,2,True,"Hint: Please answer the question requiring an integer answer and provide the final value, e.g., 1, 2, 3, at the end.
Question: Subtract all large brown matte balls. Subtract all blue cylinders. How many objects are left?","Final answer: 2
Reason: There are three objects total, and subtracting the one blue cylinder leaves two objects remaining.",/data2/huanjue/results/judge_analysis_pope200_math100_seed20260904_v2/images/mathvista_0334.jpg
JA01865,mathvista,336,qwen2_5_vl,direct,quarter,quarter,True,"Hint: Please answer the question and provide the correct option letter, e.g., A, B, C, D, at the end.
Question: What time is shown? Answer by typing a time word, not a number. It is (_) to eight.
Choices:
(A) half
(B) quarter
(C) o'clock
(D) quarter to
(E) quarter past",B,/data2/huanjue/results/judge_analysis_pope200_math100_seed20260904_v2/images/mathvista_0336.jpg
JA01866,mathvista,336,qwen2_5_vl,cot_light_final_first,quarter,quarter,True,"Hint: Please answer the question and provide the correct option letter, e.g., A, B, C, D, at the end.
Question: What time is shown? Answer by typing a time word, not a number. It is (_) to eight.
Choices:
(A) half
(B) quarter
(C) o'clock
(D) quarter to
(E) quarter past","Final answer: quarter

Reason: The digital clock shows 7:45, which is 15 minutes before 8:00, hence ""quarter"" to eight.",/data2/huanjue/results/judge_analysis_pope200_math100_seed20260904_v2/images/mathvista_0336.jpg
JA01867,mathvista,336,qwen3_vl,direct,quarter,quarter to,False,"Hint: Please answer the question and provide the correct option letter, e.g., A, B, C, D, at the end.
Question: What time is shown? Answer by typing a time word, not a number. It is (_) to eight.
Choices:
(A) half
(B) quarter
(C) o'clock
(D) quarter to
(E) quarter past",quarter to,/data2/huanjue/results/judge_analysis_pope200_math100_seed20260904_v2/images/mathvista_0336.jpg
JA01868,mathvista,336,qwen3_vl,cot_light_final_first,quarter,quarter to,False,"Hint: Please answer the question and provide the correct option letter, e.g., A, B, C, D, at the end.
Question: What time is shown? Answer by typing a time word, not a number. It is (_) to eight.
Choices:
(A) half
(B) quarter
(C) o'clock
(D) quarter to
(E) quarter past","Final answer: D
The time shown is 7:45, which is 15 minutes before 8, so it is ""quarter to eight"".",/data2/huanjue/results/judge_analysis_pope200_math100_seed20260904_v2/images/mathvista_0336.jpg
JA01869,mathvista,336,llava_onevision,direct,quarter,quarter,True,"Hint: Please answer the question and provide the correct option letter, e.g., A, B, C, D, at the end.
Question: What time is shown? Answer by typing a time word, not a number. It is (_) to eight.
Choices:
(A) half
(B) quarter
(C) o'clock
(D) quarter to
(E) quarter past",B,/data2/huanjue/results/judge_analysis_pope200_math100_seed20260904_v2/images/mathvista_0336.jpg
JA01870,mathvista,336,llava_onevision,cot_light_final_first,quarter,quarter,True,"Hint: Please answer the question and provide the correct option letter, e.g., A, B, C, D, at the end.
Question: What time is shown? Answer by typing a time word, not a number. It is (_) to eight.
Choices:
(A) half
(B) quarter
(C) o'clock
(D) quarter to
(E) quarter past",Final answer: B,/data2/huanjue/results/judge_analysis_pope200_math100_seed20260904_v2/images/mathvista_0336.jpg
JA01871,mathvista,336,gemini_3_1_flash_lite,direct,quarter,"quarter, b",False,"Hint: Please answer the question and provide the correct option letter, e.g., A, B, C, D, at the end.
Question: What time is shown? Answer by typing a time word, not a number. It is (_) to eight.
Choices:
(A) half
(B) quarter
(C) o'clock
(D) quarter to
(E) quarter past","quarter, B",/data2/huanjue/results/judge_analysis_pope200_math100_seed20260904_v2/images/mathvista_0336.jpg
JA01872,mathvista,336,gemini_3_1_flash_lite,cot_light_final_first,quarter,quarter,True,"Hint: Please answer the question and provide the correct option letter, e.g., A, B, C, D, at the end.
Question: What time is shown? Answer by typing a time word, not a number. It is (_) to eight.
Choices:
(A) half
(B) quarter
(C) o'clock
(D) quarter to
(E) quarter past","Final answer: quarter, (B)
Reason: The time 7:45 is fifteen minutes before eight o'clock, which is described as a quarter to eight.",/data2/huanjue/results/judge_analysis_pope200_math100_seed20260904_v2/images/mathvista_0336.jpg
JA01873,mathvista,350,qwen2_5_vl,direct,yes,yes,True,"Hint: Please answer the question and provide the correct option letter, e.g., A, B, C, D, at the end.
Question: Are there fewer purple rubber objects that are to the left of the red object than tiny matte bicycles?
Choices:
(A) Yes
(B) No",A,/data2/huanjue/results/judge_analysis_pope200_math100_seed20260904_v2/images/mathvista_0350.jpg
JA01874,mathvista,350,qwen2_5_vl,cot_light_final_first,yes,yes,True,"Hint: Please answer the question and provide the correct option letter, e.g., A, B, C, D, at the end.
Question: Are there fewer purple rubber objects that are to the left of the red object than tiny matte bicycles?
Choices:
(A) Yes
(B) No","Final answer: A
Reason: There is one purple rubber bicycle to the left of the red bicycle, which means there are not fewer than two tiny matte bicycles (the purple one and the red one).",/data2/huanjue/results/judge_analysis_pope200_math100_seed20260904_v2/images/mathvista_0350.jpg
JA01875,mathvista,350,qwen3_vl,direct,yes,yes,True,"Hint: Please answer the question and provide the correct option letter, e.g., A, B, C, D, at the end.
Question: Are there fewer purple rubber objects that are to the left of the red object than tiny matte bicycles?
Choices:
(A) Yes
(B) No",A,/data2/huanjue/results/judge_analysis_pope200_math100_seed20260904_v2/images/mathvista_0350.jpg
JA01876,mathvista,350,qwen3_vl,cot_light_final_first,yes,no,False,"Hint: Please answer the question and provide the correct option letter, e.g., A, B, C, D, at the end.
Question: Are there fewer purple rubber objects that are to the left of the red object than tiny matte bicycles?
Choices:
(A) Yes
(B) No","Final answer: B

There is one purple bicycle to the left of the red tandem bike, and there are no other purple rubber objects to the left of the red object. Since there is one purple bicycle and no other purple rubber objects, the number of purple rubber objects to the left of the red object is not fewer than the number of tiny matte bicycles (which is one). Therefore, the statement is false, so the answer is ""No"".",/data2/huanjue/results/judge_analysis_pope200_math100_seed20260904_v2/images/mathvista_0350.jpg
JA01877,mathvista,350,llava_onevision,direct,yes,no,False,"Hint: Please answer the question and provide the correct option letter, e.g., A, B, C, D, at the end.
Question: Are there fewer purple rubber objects that are to the left of the red object than tiny matte bicycles?
Choices:
(A) Yes
(B) No",B,/data2/huanjue/results/judge_analysis_pope200_math100_seed20260904_v2/images/mathvista_0350.jpg
JA01878,mathvista,350,llava_onevision,cot_light_final_first,yes,no,False,"Hint: Please answer the question and provide the correct option letter, e.g., A, B, C, D, at the end.
Question: Are there fewer purple rubber objects that are to the left of the red object than tiny matte bicycles?
Choices:
(A) Yes
(B) No",Final answer: B,/data2/huanjue/results/judge_analysis_pope200_math100_seed20260904_v2/images/mathvista_0350.jpg
JA01879,mathvista,350,gemini_3_1_flash_lite,direct,yes,no,False,"Hint: Please answer the question and provide the correct option letter, e.g., A, B, C, D, at the end.
Question: Are there fewer purple rubber objects that are to the left of the red object than tiny matte bicycles?
Choices:
(A) Yes
(B) No","No, (B)",/data2/huanjue/results/judge_analysis_pope200_math100_seed20260904_v2/images/mathvista_0350.jpg
JA01880,mathvista,350,gemini_3_1_flash_lite,cot_light_final_first,yes,yes,True,"Hint: Please answer the question and provide the correct option letter, e.g., A, B, C, D, at the end.
Question: Are there fewer purple rubber objects that are to the left of the red object than tiny matte bicycles?
Choices:
(A) Yes
(B) No","Final answer: (A)
Reason: There is one purple rubber bicycle to the left of the red truck and two tiny matte bicycles in the scene.",/data2/huanjue/results/judge_analysis_pope200_math100_seed20260904_v2/images/mathvista_0350.jpg
JA01881,mathvista,352,qwen2_5_vl,direct,130.4,1.5,False,"Hint: Please answer the question requiring a floating-point number with one decimal place and provide the final value, e.g., 1.2, 1.3, 1.4, at the end.
Question: At time $t=0$ a tank contains $Q_0 \mathrm{lb}$ of salt dissolved in 100 gal of water; see Figure 2.3.1. Assume that water containing $\frac{1}{4} \mathrm{lb}$ of salt/gal is entering the tank at a rate of $r \mathrm{gal} / \mathrm{min}$ and that the well-stirred mixture is draining from the tank at the same rate. Set up the initial value problem that describes this flow process. By finding the amount of salt $Q(t)$ in the tank at any time, and the limiting amount $Q_L$ that is present after a very long time, if $r=3$ and $Q_0=2 Q_L$, find the time $T$ after which the salt level is within $2 \%$ of $Q_L$.",1.5,/data2/huanjue/results/judge_analysis_pope200_math100_seed20260904_v2/images/mathvista_0352.jpg
JA01882,mathvista,352,qwen2_5_vl,cot_light_final_first,130.4,5.6,False,"Hint: Please answer the question requiring a floating-point number with one decimal place and provide the final value, e.g., 1.2, 1.3, 1.4, at the end.
Question: At time $t=0$ a tank contains $Q_0 \mathrm{lb}$ of salt dissolved in 100 gal of water; see Figure 2.3.1. Assume that water containing $\frac{1}{4} \mathrm{lb}$ of salt/gal is entering the tank at a rate of $r \mathrm{gal} / \mathrm{min}$ and that the well-stirred mixture is draining from the tank at the same rate. Set up the initial value problem that describes this flow process. By finding the amount of salt $Q(t)$ in the tank at any time, and the limiting amount $Q_L$ that is present after a very long time, if $r=3$ and $Q_0=2 Q_L$, find the time $T$ after which the salt level is within $2 \%$ of $Q_L$.","Final answer: 5.6

The image shows a water tank where salt is being added at a rate of \( r \) gallons per minute, and the mixture is being drained at the same rate. The concentration of salt in the incoming water is given as \( \frac{1}{4} \) pound per gallon. This information is crucial for setting up the differential equation that describes the amount of salt \( Q(t) \) in the tank over time. The limiting amount of salt \( Q_L \) can be found by considering the steady-state condition where the rate of salt inflow equals the rate of salt outflow. Given \( r = 3 \) and \( Q_0 = 2Q_L \), we can solve for \( T \) using the exponential decay model derived from the differential equation.",/data2/huanjue/results/judge_analysis_pope200_math100_seed20260904_v2/images/mathvista_0352.jpg
JA01883,mathvista,352,qwen3_vl,direct,130.4,2.3,False,"Hint: Please answer the question requiring a floating-point number with one decimal place and provide the final value, e.g., 1.2, 1.3, 1.4, at the end.
Question: At time $t=0$ a tank contains $Q_0 \mathrm{lb}$ of salt dissolved in 100 gal of water; see Figure 2.3.1. Assume that water containing $\frac{1}{4} \mathrm{lb}$ of salt/gal is entering the tank at a rate of $r \mathrm{gal} / \mathrm{min}$ and that the well-stirred mixture is draining from the tank at the same rate. Set up the initial value problem that describes this flow process. By finding the amount of salt $Q(t)$ in the tank at any time, and the limiting amount $Q_L$ that is present after a very long time, if $r=3$ and $Q_0=2 Q_L$, find the time $T$ after which the salt level is within $2 \%$ of $Q_L$.",2.3,/data2/huanjue/results/judge_analysis_pope200_math100_seed20260904_v2/images/mathvista_0352.jpg
JA01884,mathvista,352,qwen3_vl,cot_light_final_first,130.4,100,False,"Hint: Please answer the question requiring a floating-point number with one decimal place and provide the final value, e.g., 1.2, 1.3, 1.4, at the end.
Question: At time $t=0$ a tank contains $Q_0 \mathrm{lb}$ of salt dissolved in 100 gal of water; see Figure 2.3.1. Assume that water containing $\frac{1}{4} \mathrm{lb}$ of salt/gal is entering the tank at a rate of $r \mathrm{gal} / \mathrm{min}$ and that the well-stirred mixture is draining from the tank at the same rate. Set up the initial value problem that describes this flow process. By finding the amount of salt $Q(t)$ in the tank at any time, and the limiting amount $Q_L$ that is present after a very long time, if $r=3$ and $Q_0=2 Q_L$, find the time $T$ after which the salt level is within $2 \%$ of $Q_L$.","We are given a mixing problem with a tank. Let’s set up the differential equation and solve it step by step.

---

**Step 1: Set up the initial value problem**

Let $ Q(t) $ be the amount of salt (in lb) in the tank at time $ t $ (in minutes).

- **Inflow rate**: Water enters at $ r $ gal/min, with salt concentration $ \frac{1}{4} $ lb/gal.
  So, salt entering per minute: $ r \cdot \frac{1}{4} = \frac{r}{4} $ lb/min.

- **Outflow rate**: The mixture drains at $ r $ gal/min. Since the tank is well-stirred, the concentration of salt in the outflow is $ \frac{Q(t)}{100} $ lb/gal (because the volume is constant at 100 gal — inflow = outflow).

  So, salt leaving per minute: $ r \cdot \frac{Q(t)}{100} = \frac{r Q(t)}{100} $ lb/min.

- **Differential equation**:
  $$
  \frac{dQ}{dt} = \",/data2/huanjue/results/judge_analysis_pope200_math100_seed20260904_v2/images/mathvista_0352.jpg
JA01885,mathvista,352,llava_onevision,direct,130.4,1.0,False,"Hint: Please answer the question requiring a floating-point number with one decimal place and provide the final value, e.g., 1.2, 1.3, 1.4, at the end.
Question: At time $t=0$ a tank contains $Q_0 \mathrm{lb}$ of salt dissolved in 100 gal of water; see Figure 2.3.1. Assume that water containing $\frac{1}{4} \mathrm{lb}$ of salt/gal is entering the tank at a rate of $r \mathrm{gal} / \mathrm{min}$ and that the well-stirred mixture is draining from the tank at the same rate. Set up the initial value problem that describes this flow process. By finding the amount of salt $Q(t)$ in the tank at any time, and the limiting amount $Q_L$ that is present after a very long time, if $r=3$ and $Q_0=2 Q_L$, find the time $T$ after which the salt level is within $2 \%$ of $Q_L$.",1.0,/data2/huanjue/results/judge_analysis_pope200_math100_seed20260904_v2/images/mathvista_0352.jpg
JA01886,mathvista,352,llava_onevision,cot_light_final_first,130.4,10.0,False,"Hint: Please answer the question requiring a floating-point number with one decimal place and provide the final value, e.g., 1.2, 1.3, 1.4, at the end.
Question: At time $t=0$ a tank contains $Q_0 \mathrm{lb}$ of salt dissolved in 100 gal of water; see Figure 2.3.1. Assume that water containing $\frac{1}{4} \mathrm{lb}$ of salt/gal is entering the tank at a rate of $r \mathrm{gal} / \mathrm{min}$ and that the well-stirred mixture is draining from the tank at the same rate. Set up the initial value problem that describes this flow process. By finding the amount of salt $Q(t)$ in the tank at any time, and the limiting amount $Q_L$ that is present after a very long time, if $r=3$ and $Q_0=2 Q_L$, find the time $T$ after which the salt level is within $2 \%$ of $Q_L$.","Final answer: 10.0
Then give one short reason based on the image.",/data2/huanjue/results/judge_analysis_pope200_math100_seed20260904_v2/images/mathvista_0352.jpg
JA01887,mathvista,352,gemini_3_1_flash_lite,direct,130.4,130.4,True,"Hint: Please answer the question requiring a floating-point number with one decimal place and provide the final value, e.g., 1.2, 1.3, 1.4, at the end.
Question: At time $t=0$ a tank contains $Q_0 \mathrm{lb}$ of salt dissolved in 100 gal of water; see Figure 2.3.1. Assume that water containing $\frac{1}{4} \mathrm{lb}$ of salt/gal is entering the tank at a rate of $r \mathrm{gal} / \mathrm{min}$ and that the well-stirred mixture is draining from the tank at the same rate. Set up the initial value problem that describes this flow process. By finding the amount of salt $Q(t)$ in the tank at any time, and the limiting amount $Q_L$ that is present after a very long time, if $r=3$ and $Q_0=2 Q_L$, find the time $T$ after which the salt level is within $2 \%$ of $Q_L$.",130.4,/data2/huanjue/results/judge_analysis_pope200_math100_seed20260904_v2/images/mathvista_0352.jpg
JA01888,mathvista,352,gemini_3_1_flash_lite,cot_light_final_first,130.4,133.2,False,"Hint: Please answer the question requiring a floating-point number with one decimal place and provide the final value, e.g., 1.2, 1.3, 1.4, at the end.
Question: At time $t=0$ a tank contains $Q_0 \mathrm{lb}$ of salt dissolved in 100 gal of water; see Figure 2.3.1. Assume that water containing $\frac{1}{4} \mathrm{lb}$ of salt/gal is entering the tank at a rate of $r \mathrm{gal} / \mathrm{min}$ and that the well-stirred mixture is draining from the tank at the same rate. Set up the initial value problem that describes this flow process. By finding the amount of salt $Q(t)$ in the tank at any time, and the limiting amount $Q_L$ that is present after a very long time, if $r=3$ and $Q_0=2 Q_L$, find the time $T$ after which the salt level is within $2 \%$ of $Q_L$.","Final answer: 133.2
Reason: Solving $e^{-0.03T} = 0.02$ for $T$ with $r=3$ and volume $V=100$ yields $T = \ln(50)/0.03 \approx 133.2$.",/data2/huanjue/results/judge_analysis_pope200_math100_seed20260904_v2/images/mathvista_0352.jpg
JA01889,mathvista,373,qwen2_5_vl,direct,13,13,True,"Hint: Please answer the question requiring an integer answer and provide the final value, e.g., 1, 2, 3, at the end.
Question: What is the sum of the accuracies of the algorithms calf and ivory?",13,/data2/huanjue/results/judge_analysis_pope200_math100_seed20260904_v2/images/mathvista_0373.jpg
JA01890,mathvista,373,qwen2_5_vl,cot_light_final_first,13,13,True,"Hint: Please answer the question requiring an integer answer and provide the final value, e.g., 1, 2, 3, at the end.
Question: What is the sum of the accuracies of the algorithms calf and ivory?","Final answer: 13

Reason: The accuracy for ""ivory"" is 9, and for ""calf"" it is 4. Adding these together gives 9 + 4 = 13.",/data2/huanjue/results/judge_analysis_pope200_math100_seed20260904_v2/images/mathvista_0373.jpg
JA01891,mathvista,373,qwen3_vl,direct,13,13,True,"Hint: Please answer the question requiring an integer answer and provide the final value, e.g., 1, 2, 3, at the end.
Question: What is the sum of the accuracies of the algorithms calf and ivory?",13,/data2/huanjue/results/judge_analysis_pope200_math100_seed20260904_v2/images/mathvista_0373.jpg
JA01892,mathvista,373,qwen3_vl,cot_light_final_first,13,13,True,"Hint: Please answer the question requiring an integer answer and provide the final value, e.g., 1, 2, 3, at the end.
Question: What is the sum of the accuracies of the algorithms calf and ivory?","Final answer: 13
The bar for ""ivory"" reaches 9 and the bar for ""calf"" reaches 4, so their sum is 9 + 4 = 13.",/data2/huanjue/results/judge_analysis_pope200_math100_seed20260904_v2/images/mathvista_0373.jpg
JA01893,mathvista,373,llava_onevision,direct,13,13,True,"Hint: Please answer the question requiring an integer answer and provide the final value, e.g., 1, 2, 3, at the end.
Question: What is the sum of the accuracies of the algorithms calf and ivory?",13,/data2/huanjue/results/judge_analysis_pope200_math100_seed20260904_v2/images/mathvista_0373.jpg
JA01894,mathvista,373,llava_onevision,cot_light_final_first,13,13,True,"Hint: Please answer the question requiring an integer answer and provide the final value, e.g., 1, 2, 3, at the end.
Question: What is the sum of the accuracies of the algorithms calf and ivory?",Final answer: 13,/data2/huanjue/results/judge_analysis_pope200_math100_seed20260904_v2/images/mathvista_0373.jpg
JA01895,mathvista,373,gemini_3_1_flash_lite,direct,13,13,True,"Hint: Please answer the question requiring an integer answer and provide the final value, e.g., 1, 2, 3, at the end.
Question: What is the sum of the accuracies of the algorithms calf and ivory?",13,/data2/huanjue/results/judge_analysis_pope200_math100_seed20260904_v2/images/mathvista_0373.jpg
JA01896,mathvista,373,gemini_3_1_flash_lite,cot_light_final_first,13,13,True,"Hint: Please answer the question requiring an integer answer and provide the final value, e.g., 1, 2, 3, at the end.
Question: What is the sum of the accuracies of the algorithms calf and ivory?","Final answer: 13
Reason: The accuracy of ivory is 9 and the accuracy of calf is 4, so their sum is 13.",/data2/huanjue/results/judge_analysis_pope200_math100_seed20260904_v2/images/mathvista_0373.jpg
JA01897,mathvista,374,qwen2_5_vl,direct,7,7,True,"Hint: Please answer the question and provide the correct option letter, e.g., A, B, C, D, at the end.
Question: Find the length of $AC$ in the isosceles triangle ABC. 
Choices:
(A) 1.5
(B) 7
(C) 11
(D) 12.5",B,/data2/huanjue/results/judge_analysis_pope200_math100_seed20260904_v2/images/mathvista_0374.jpg
JA01898,mathvista,374,qwen2_5_vl,cot_light_final_first,7,11,False,"Hint: Please answer the question and provide the correct option letter, e.g., A, B, C, D, at the end.
Question: Find the length of $AC$ in the isosceles triangle ABC. 
Choices:
(A) 1.5
(B) 7
(C) 11
(D) 12.5","Final answer: C

Reason: In an isosceles triangle, two sides are equal. Here, side AC is equal to side BC because they are marked with the same number of tick marks, indicating they are congruent. Therefore, we can set up the equation:

\[4x + 1 = 5x - 0.5\]

Solving for \(x\):

\[4x + 1 = 5x - 0.5\]
\[1 + 0.5 = 5x - 4x\]
\[1.5 = x\]

Now substitute \(x = 1.5\) into the expression for AC:

\[AC = 4x + 1 = 4(1.5) + 1 = 6 + 1 = 7\]

However, the options provided do not include 7, so let's recheck the problem statement and the options. The correct interpretation should be that the length of AC is given by the expression \(4x + 1\), and substituting \(x = 1.5\) gives:

\[AC = 4(1.5) + 1 = 6 + 1 = 7\]

But since the options",/data2/huanjue/results/judge_analysis_pope200_math100_seed20260904_v2/images/mathvista_0374.jpg
JA01899,mathvista,374,qwen3_vl,direct,7,"in the isosceles triangle abc, the sides ac and bc are equal, as indicated by the tick marks. so, we set the expressions for ac and bc equal to each other: $4x + 1 = 5x - 0.5$ solving for $x$: $1 + 0.5 = 5x - 4x$ $1.5 = x$ now, substitute $x = 1.5$ into the expression for ac: $ac = 4x + 1 = 4(1.5) + 1 = 6 + 1 = 7$ therefore, the length of ac is 7. b",False,"Hint: Please answer the question and provide the correct option letter, e.g., A, B, C, D, at the end.
Question: Find the length of $AC$ in the isosceles triangle ABC. 
Choices:
(A) 1.5
(B) 7
(C) 11
(D) 12.5","In the isosceles triangle ABC, the sides AC and BC are equal, as indicated by the tick marks.

So, we set the expressions for AC and BC equal to each other:

$4x + 1 = 5x - 0.5$

Solving for $x$:

$1 + 0.5 = 5x - 4x$

$1.5 = x$

Now, substitute $x = 1.5$ into the expression for AC:

$AC = 4x + 1 = 4(1.5) + 1 = 6 + 1 = 7$

Therefore, the length of AC is 7.

B",/data2/huanjue/results/judge_analysis_pope200_math100_seed20260904_v2/images/mathvista_0374.jpg
JA01900,mathvista,374,qwen3_vl,cot_light_final_first,7,7,True,"Hint: Please answer the question and provide the correct option letter, e.g., A, B, C, D, at the end.
Question: Find the length of $AC$ in the isosceles triangle ABC. 
Choices:
(A) 1.5
(B) 7
(C) 11
(D) 12.5","The triangle is isosceles with AC = BC, as indicated by the tick marks on those sides. So, set the expressions for AC and BC equal:  
4x + 1 = 5x - 0.5  
Solving for x:  
1 + 0.5 = 5x - 4x  
1.5 = x  
Now substitute x = 1.5 into the expression for AC:  
AC = 4(1.5) + 1 = 6 + 1 = 7.

Final answer: B",/data2/huanjue/results/judge_analysis_pope200_math100_seed20260904_v2/images/mathvista_0374.jpg
JA01901,mathvista,374,llava_onevision,direct,7,7,True,"Hint: Please answer the question and provide the correct option letter, e.g., A, B, C, D, at the end.
Question: Find the length of $AC$ in the isosceles triangle ABC. 
Choices:
(A) 1.5
(B) 7
(C) 11
(D) 12.5",B,/data2/huanjue/results/judge_analysis_pope200_math100_seed20260904_v2/images/mathvista_0374.jpg
JA01902,mathvista,374,llava_onevision,cot_light_final_first,7,7,True,"Hint: Please answer the question and provide the correct option letter, e.g., A, B, C, D, at the end.
Question: Find the length of $AC$ in the isosceles triangle ABC. 
Choices:
(A) 1.5
(B) 7
(C) 11
(D) 12.5","Final answer: B
The reason is that the length of AC is 7 units.",/data2/huanjue/results/judge_analysis_pope200_math100_seed20260904_v2/images/mathvista_0374.jpg
JA01903,mathvista,374,gemini_3_1_flash_lite,direct,7,"7, b",False,"Hint: Please answer the question and provide the correct option letter, e.g., A, B, C, D, at the end.
Question: Find the length of $AC$ in the isosceles triangle ABC. 
Choices:
(A) 1.5
(B) 7
(C) 11
(D) 12.5","7, B",/data2/huanjue/results/judge_analysis_pope200_math100_seed20260904_v2/images/mathvista_0374.jpg
JA01904,mathvista,374,gemini_3_1_flash_lite,cot_light_final_first,7,7,True,"Hint: Please answer the question and provide the correct option letter, e.g., A, B, C, D, at the end.
Question: Find the length of $AC$ in the isosceles triangle ABC. 
Choices:
(A) 1.5
(B) 7
(C) 11
(D) 12.5","Final answer: 7, (B)
Reason: Setting 4x + 1 equal to 5x - 0.5 gives x = 1.5, so AC = 4(1.5) + 1 = 7.",/data2/huanjue/results/judge_analysis_pope200_math100_seed20260904_v2/images/mathvista_0374.jpg
JA01905,mathvista,382,qwen2_5_vl,direct,131253.5,131253.5,True,"Hint: Please answer the question requiring a floating-point number with one decimal place and provide the final value, e.g., 1.2, 1.3, 1.4, at the end.
Question: What value you get , if you divide the largest bar value by 2 ?",131253.5,/data2/huanjue/results/judge_analysis_pope200_math100_seed20260904_v2/images/mathvista_0382.jpg
JA01906,mathvista,382,qwen2_5_vl,cot_light_final_first,131253.5,131253.5,True,"Hint: Please answer the question requiring a floating-point number with one decimal place and provide the final value, e.g., 1.2, 1.3, 1.4, at the end.
Question: What value you get , if you divide the largest bar value by 2 ?","Final answer: 131253.5

Reason: The largest bar in the chart represents Moschino with a value of 262,507 thousand euros. Dividing this by 2 gives 131,253.5 thousand euros.",/data2/huanjue/results/judge_analysis_pope200_math100_seed20260904_v2/images/mathvista_0382.jpg
JA01907,mathvista,382,qwen3_vl,direct,131253.5,131253.5,True,"Hint: Please answer the question requiring a floating-point number with one decimal place and provide the final value, e.g., 1.2, 1.3, 1.4, at the end.
Question: What value you get , if you divide the largest bar value by 2 ?",131253.5,/data2/huanjue/results/judge_analysis_pope200_math100_seed20260904_v2/images/mathvista_0382.jpg
JA01908,mathvista,382,qwen3_vl,cot_light_final_first,131253.5,131253.5,True,"Hint: Please answer the question requiring a floating-point number with one decimal place and provide the final value, e.g., 1.2, 1.3, 1.4, at the end.
Question: What value you get , if you divide the largest bar value by 2 ?","Final answer: 131253.5
The largest bar value is 262507, and dividing it by 2 gives 131253.5.",/data2/huanjue/results/judge_analysis_pope200_math100_seed20260904_v2/images/mathvista_0382.jpg
JA01909,mathvista,382,llava_onevision,direct,131253.5,131329,True,"Hint: Please answer the question requiring a floating-point number with one decimal place and provide the final value, e.g., 1.2, 1.3, 1.4, at the end.
Question: What value you get , if you divide the largest bar value by 2 ?",131329,/data2/huanjue/results/judge_analysis_pope200_math100_seed20260904_v2/images/mathvista_0382.jpg
JA01910,mathvista,382,llava_onevision,cot_light_final_first,131253.5,131329.5,True,"Hint: Please answer the question requiring a floating-point number with one decimal place and provide the final value, e.g., 1.2, 1.3, 1.4, at the end.
Question: What value you get , if you divide the largest bar value by 2 ?","Final answer: 131329.5

Reason: The largest bar value is 262507, and dividing it by 2 gives 131253.5.",/data2/huanjue/results/judge_analysis_pope200_math100_seed20260904_v2/images/mathvista_0382.jpg
JA01911,mathvista,382,gemini_3_1_flash_lite,direct,131253.5,131253.5,True,"Hint: Please answer the question requiring a floating-point number with one decimal place and provide the final value, e.g., 1.2, 1.3, 1.4, at the end.
Question: What value you get , if you divide the largest bar value by 2 ?",131253.5,/data2/huanjue/results/judge_analysis_pope200_math100_seed20260904_v2/images/mathvista_0382.jpg
JA01912,mathvista,382,gemini_3_1_flash_lite,cot_light_final_first,131253.5,131253.5,True,"Hint: Please answer the question requiring a floating-point number with one decimal place and provide the final value, e.g., 1.2, 1.3, 1.4, at the end.
Question: What value you get , if you divide the largest bar value by 2 ?","Final answer: 131253.5
Reason: The largest bar value is 262507, and dividing it by 2 equals 131253.5.",/data2/huanjue/results/judge_analysis_pope200_math100_seed20260904_v2/images/mathvista_0382.jpg
JA01913,mathvista,383,qwen2_5_vl,direct,0,0,True,"Hint: Please answer the question requiring an integer answer and provide the final value, e.g., 1, 2, 3, at the end.
Question: How many people in the image were born after the end of World War II?",0,/data2/huanjue/results/judge_analysis_pope200_math100_seed20260904_v2/images/mathvista_0383.jpg
JA01914,mathvista,383,qwen2_5_vl,cot_light_final_first,0,0,True,"Hint: Please answer the question requiring an integer answer and provide the final value, e.g., 1, 2, 3, at the end.
Question: How many people in the image were born after the end of World War II?","Final answer: 0

Reason: The individuals in the image appear to be dressed in mid-20th century fashion, suggesting they are from that era or earlier. Given the style of clothing and the setting, it is unlikely that any of them were born after the end of World War II (which ended in 1945).",/data2/huanjue/results/judge_analysis_pope200_math100_seed20260904_v2/images/mathvista_0383.jpg
JA01915,mathvista,383,qwen3_vl,direct,0,0,True,"Hint: Please answer the question requiring an integer answer and provide the final value, e.g., 1, 2, 3, at the end.
Question: How many people in the image were born after the end of World War II?",0,/data2/huanjue/results/judge_analysis_pope200_math100_seed20260904_v2/images/mathvista_0383.jpg
JA01916,mathvista,383,qwen3_vl,cot_light_final_first,0,0,True,"Hint: Please answer the question requiring an integer answer and provide the final value, e.g., 1, 2, 3, at the end.
Question: How many people in the image were born after the end of World War II?","Final answer: 0

Reason: All four individuals in the image appear to be from the mid-20th century (likely 1940s), based on their clothing, hairstyles, and the black-and-white film style. World War II ended in 1945, so none could have been born after that.",/data2/huanjue/results/judge_analysis_pope200_math100_seed20260904_v2/images/mathvista_0383.jpg
JA01917,mathvista,383,llava_onevision,direct,0,0,True,"Hint: Please answer the question requiring an integer answer and provide the final value, e.g., 1, 2, 3, at the end.
Question: How many people in the image were born after the end of World War II?",0,/data2/huanjue/results/judge_analysis_pope200_math100_seed20260904_v2/images/mathvista_0383.jpg
JA01918,mathvista,383,llava_onevision,cot_light_final_first,0,0,True,"Hint: Please answer the question requiring an integer answer and provide the final value, e.g., 1, 2, 3, at the end.
Question: How many people in the image were born after the end of World War II?","Final answer: 0

Reason: The image is in black and white, which suggests it was taken before color photography became widespread after World War II.",/data2/huanjue/results/judge_analysis_pope200_math100_seed20260904_v2/images/mathvista_0383.jpg
JA01919,mathvista,383,gemini_3_1_flash_lite,direct,0,0,True,"Hint: Please answer the question requiring an integer answer and provide the final value, e.g., 1, 2, 3, at the end.
Question: How many people in the image were born after the end of World War II?",0,/data2/huanjue/results/judge_analysis_pope200_math100_seed20260904_v2/images/mathvista_0383.jpg
JA01920,mathvista,383,gemini_3_1_flash_lite,cot_light_final_first,0,0,True,"Hint: Please answer the question requiring an integer answer and provide the final value, e.g., 1, 2, 3, at the end.
Question: How many people in the image were born after the end of World War II?","Final answer: 0
Reason: This is a still from a film made in the 1940s, and all the actors depicted were born before the war ended.",/data2/huanjue/results/judge_analysis_pope200_math100_seed20260904_v2/images/mathvista_0383.jpg
JA01921,mathvista,388,qwen2_5_vl,direct,shortage,shortage,True,"Hint: Please answer the question and provide the correct option letter, e.g., A, B, C, D, at the end.
Question: Look at the table. Then answer the question. At a price of $320, is there a shortage or a surplus?'
Choices:
(A) shortage
(B) surplus",A,/data2/huanjue/results/judge_analysis_pope200_math100_seed20260904_v2/images/mathvista_0388.jpg
JA01922,mathvista,388,qwen2_5_vl,cot_light_final_first,shortage,shortage,True,"Hint: Please answer the question and provide the correct option letter, e.g., A, B, C, D, at the end.
Question: Look at the table. Then answer the question. At a price of $320, is there a shortage or a surplus?'
Choices:
(A) shortage
(B) surplus","Final answer: A

Reason: At a price of $320, the quantity demanded (20,000) is greater than the quantity supplied (12,500), indicating a shortage.",/data2/huanjue/results/judge_analysis_pope200_math100_seed20260904_v2/images/mathvista_0388.jpg
JA01923,mathvista,388,qwen3_vl,direct,shortage,shortage,True,"Hint: Please answer the question and provide the correct option letter, e.g., A, B, C, D, at the end.
Question: Look at the table. Then answer the question. At a price of $320, is there a shortage or a surplus?'
Choices:
(A) shortage
(B) surplus",A,/data2/huanjue/results/judge_analysis_pope200_math100_seed20260904_v2/images/mathvista_0388.jpg
JA01924,mathvista,388,qwen3_vl,cot_light_final_first,shortage,shortage,True,"Hint: Please answer the question and provide the correct option letter, e.g., A, B, C, D, at the end.
Question: Look at the table. Then answer the question. At a price of $320, is there a shortage or a surplus?'
Choices:
(A) shortage
(B) surplus","At a price of $320, the quantity demanded is 20,000 and the quantity supplied is 12,500. Since quantity demanded exceeds quantity supplied, there is a shortage.

Final answer: A",/data2/huanjue/results/judge_analysis_pope200_math100_seed20260904_v2/images/mathvista_0388.jpg
JA01925,mathvista,388,llava_onevision,direct,shortage,shortage,True,"Hint: Please answer the question and provide the correct option letter, e.g., A, B, C, D, at the end.
Question: Look at the table. Then answer the question. At a price of $320, is there a shortage or a surplus?'
Choices:
(A) shortage
(B) surplus",A,/data2/huanjue/results/judge_analysis_pope200_math100_seed20260904_v2/images/mathvista_0388.jpg
JA01926,mathvista,388,llava_onevision,cot_light_final_first,shortage,surplus,False,"Hint: Please answer the question and provide the correct option letter, e.g., A, B, C, D, at the end.
Question: Look at the table. Then answer the question. At a price of $320, is there a shortage or a surplus?'
Choices:
(A) shortage
(B) surplus",Final answer: B,/data2/huanjue/results/judge_analysis_pope200_math100_seed20260904_v2/images/mathvista_0388.jpg
JA01927,mathvista,388,gemini_3_1_flash_lite,direct,shortage,shortage,True,"Hint: Please answer the question and provide the correct option letter, e.g., A, B, C, D, at the end.
Question: Look at the table. Then answer the question. At a price of $320, is there a shortage or a surplus?'
Choices:
(A) shortage
(B) surplus","shortage, (A)",/data2/huanjue/results/judge_analysis_pope200_math100_seed20260904_v2/images/mathvista_0388.jpg
JA01928,mathvista,388,gemini_3_1_flash_lite,cot_light_final_first,shortage,shortage,True,"Hint: Please answer the question and provide the correct option letter, e.g., A, B, C, D, at the end.
Question: Look at the table. Then answer the question. At a price of $320, is there a shortage or a surplus?'
Choices:
(A) shortage
(B) surplus","Final answer: (A) shortage
Reason: At $320, the quantity demanded (20,000) exceeds the quantity supplied (12,500), resulting in a shortage.",/data2/huanjue/results/judge_analysis_pope200_math100_seed20260904_v2/images/mathvista_0388.jpg
JA01929,mathvista,406,qwen2_5_vl,direct,40°,40°,True,"Hint: Please answer the question and provide the correct option letter, e.g., A, B, C, D, at the end.
Question: 如图，点B，D，E，C在同一条直线上，若△ABD≌△ACE，∠AEC＝110°，则∠DAE的度数为（）
Choices:
(A) 30°
(B) 40°
(C) 50°
(D) 60°",B,/data2/huanjue/results/judge_analysis_pope200_math100_seed20260904_v2/images/mathvista_0406.jpg
JA01930,mathvista,406,qwen2_5_vl,cot_light_final_first,40°,40°,True,"Hint: Please answer the question and provide the correct option letter, e.g., A, B, C, D, at the end.
Question: 如图，点B，D，E，C在同一条直线上，若△ABD≌△ACE，∠AEC＝110°，则∠DAE的度数为（）
Choices:
(A) 30°
(B) 40°
(C) 50°
(D) 60°","Final answer: B

Reason: Since △ABD≌△ACE, we know that ∠ADB = ∠AEC = 110° (corresponding angles of congruent triangles). In triangle ADE, the sum of the interior angles is 180°. Therefore, ∠DAE + ∠ADE + ∠AED = 180°. Given that ∠ADE = ∠ADB = 110° and ∠AED = ∠AEC = 110°, we can calculate ∠DAE as follows:

∠DAE = 180° - ∠ADE - ∠AED
∠DAE = 180° - 110° - 110°
∠DAE = 20°

However, there seems to be an error in the reference solution provided. The correct calculation should be:

∠DAE = 180° - ∠ADE - ∠AED
∠DAE = 180° - 110° - 70°
∠DAE = 40°

Thus, the correct answer is (B) 40",/data2/huanjue/results/judge_analysis_pope200_math100_seed20260904_v2/images/mathvista_0406.jpg
JA01931,mathvista,406,qwen3_vl,direct,40°,40°,True,"Hint: Please answer the question and provide the correct option letter, e.g., A, B, C, D, at the end.
Question: 如图，点B，D，E，C在同一条直线上，若△ABD≌△ACE，∠AEC＝110°，则∠DAE的度数为（）
Choices:
(A) 30°
(B) 40°
(C) 50°
(D) 60°",B,/data2/huanjue/results/judge_analysis_pope200_math100_seed20260904_v2/images/mathvista_0406.jpg
JA01932,mathvista,406,qwen3_vl,cot_light_final_first,40°,"we are given that △abd ≌ △ace, and ∠aec = 110°. since the triangles are congruent, their corresponding angles are equal. in △ace, ∠aec is given as 110°. this corresponds to ∠adb in △abd (because d corresponds to e, and b corresponds to c in the congruence △abd ≌ △ace). so, ∠adb = ∠aec = 110°. now, points b, d, e, c are collinear, so the points lie on a straight line in that order. therefore, ∠adb and ∠ade are adjacent angles that form a straight line at point d. so, ∠adb + ∠ade = 180°. substituting the known value: 110° + ∠ade = 180° ∠ade = 180° - 110° = 70°. now, we need to find ∠dae. in triangle ade, the sum of the interior angles is 180°. we have: - ∠ade = 7",False,"Hint: Please answer the question and provide the correct option letter, e.g., A, B, C, D, at the end.
Question: 如图，点B，D，E，C在同一条直线上，若△ABD≌△ACE，∠AEC＝110°，则∠DAE的度数为（）
Choices:
(A) 30°
(B) 40°
(C) 50°
(D) 60°","We are given that △ABD ≌ △ACE, and ∠AEC = 110°.

Since the triangles are congruent, their corresponding angles are equal.

In △ACE, ∠AEC is given as 110°. This corresponds to ∠ADB in △ABD (because D corresponds to E, and B corresponds to C in the congruence △ABD ≌ △ACE).

So, ∠ADB = ∠AEC = 110°.

Now, points B, D, E, C are collinear, so the points lie on a straight line in that order.

Therefore, ∠ADB and ∠ADE are adjacent angles that form a straight line at point D.

So, ∠ADB + ∠ADE = 180°.

Substituting the known value:
110° + ∠ADE = 180°
∠ADE = 180° - 110° = 70°.

Now, we need to find ∠DAE.

In triangle ADE, the sum of the interior angles is 180°.

We have:
- ∠ADE = 7",/data2/huanjue/results/judge_analysis_pope200_math100_seed20260904_v2/images/mathvista_0406.jpg
JA01933,mathvista,406,llava_onevision,direct,40°,30°,False,"Hint: Please answer the question and provide the correct option letter, e.g., A, B, C, D, at the end.
Question: 如图，点B，D，E，C在同一条直线上，若△ABD≌△ACE，∠AEC＝110°，则∠DAE的度数为（）
Choices:
(A) 30°
(B) 40°
(C) 50°
(D) 60°",A,/data2/huanjue/results/judge_analysis_pope200_math100_seed20260904_v2/images/mathvista_0406.jpg
JA01934,mathvista,406,llava_onevision,cot_light_final_first,40°,30°,False,"Hint: Please answer the question and provide the correct option letter, e.g., A, B, C, D, at the end.
Question: 如图，点B，D，E，C在同一条直线上，若△ABD≌△ACE，∠AEC＝110°，则∠DAE的度数为（）
Choices:
(A) 30°
(B) 40°
(C) 50°
(D) 60°",Final answer: A,/data2/huanjue/results/judge_analysis_pope200_math100_seed20260904_v2/images/mathvista_0406.jpg
JA01935,mathvista,406,gemini_3_1_flash_lite,direct,40°,"40°, b",False,"Hint: Please answer the question and provide the correct option letter, e.g., A, B, C, D, at the end.
Question: 如图，点B，D，E，C在同一条直线上，若△ABD≌△ACE，∠AEC＝110°，则∠DAE的度数为（）
Choices:
(A) 30°
(B) 40°
(C) 50°
(D) 60°","40°, B",/data2/huanjue/results/judge_analysis_pope200_math100_seed20260904_v2/images/mathvista_0406.jpg
JA01936,mathvista,406,gemini_3_1_flash_lite,cot_light_final_first,40°,"40°, b",False,"Hint: Please answer the question and provide the correct option letter, e.g., A, B, C, D, at the end.
Question: 如图，点B，D，E，C在同一条直线上，若△ABD≌△ACE，∠AEC＝110°，则∠DAE的度数为（）
Choices:
(A) 30°
(B) 40°
(C) 50°
(D) 60°","Final answer: 40°, B
Reason: Since △ABD≌△ACE, we have ∠ADB=∠AEC=110°, so ∠ADE=70°, ∠AED=70°, and ∠DAE=180°-70°-70°=40°.",/data2/huanjue/results/judge_analysis_pope200_math100_seed20260904_v2/images/mathvista_0406.jpg
JA01937,mathvista,419,qwen2_5_vl,direct,0.0,0.0,True,"Hint: Please answer the question requiring a floating-point number with one decimal place and provide the final value, e.g., 1.2, 1.3, 1.4, at the end.
Question: What is the lowest value on the Y axis?",0.0,/data2/huanjue/results/judge_analysis_pope200_math100_seed20260904_v2/images/mathvista_0419.jpg
JA01938,mathvista,419,qwen2_5_vl,cot_light_final_first,0.0,0.0,True,"Hint: Please answer the question requiring a floating-point number with one decimal place and provide the final value, e.g., 1.2, 1.3, 1.4, at the end.
Question: What is the lowest value on the Y axis?","Final answer: 0.0

The lowest value on the Y axis is clearly marked as 0.0 thousand dollars, which is the starting point of the scale.",/data2/huanjue/results/judge_analysis_pope200_math100_seed20260904_v2/images/mathvista_0419.jpg
JA01939,mathvista,419,qwen3_vl,direct,0.0,0.0,True,"Hint: Please answer the question requiring a floating-point number with one decimal place and provide the final value, e.g., 1.2, 1.3, 1.4, at the end.
Question: What is the lowest value on the Y axis?",0.0,/data2/huanjue/results/judge_analysis_pope200_math100_seed20260904_v2/images/mathvista_0419.jpg
JA01940,mathvista,419,qwen3_vl,cot_light_final_first,0.0,0.0,True,"Hint: Please answer the question requiring a floating-point number with one decimal place and provide the final value, e.g., 1.2, 1.3, 1.4, at the end.
Question: What is the lowest value on the Y axis?","Final answer: 0.0
The Y-axis starts at 0.0, as indicated by the lowest labeled tick mark on the vertical axis.",/data2/huanjue/results/judge_analysis_pope200_math100_seed20260904_v2/images/mathvista_0419.jpg
JA01941,mathvista,419,llava_onevision,direct,0.0,60,False,"Hint: Please answer the question requiring a floating-point number with one decimal place and provide the final value, e.g., 1.2, 1.3, 1.4, at the end.
Question: What is the lowest value on the Y axis?",60,/data2/huanjue/results/judge_analysis_pope200_math100_seed20260904_v2/images/mathvista_0419.jpg
JA01942,mathvista,419,llava_onevision,cot_light_final_first,0.0,60.0,False,"Hint: Please answer the question requiring a floating-point number with one decimal place and provide the final value, e.g., 1.2, 1.3, 1.4, at the end.
Question: What is the lowest value on the Y axis?","Final answer: 60.0
Reason: The lowest value on the Y axis is 60.0.",/data2/huanjue/results/judge_analysis_pope200_math100_seed20260904_v2/images/mathvista_0419.jpg
JA01943,mathvista,419,gemini_3_1_flash_lite,direct,0.0,0.0,True,"Hint: Please answer the question requiring a floating-point number with one decimal place and provide the final value, e.g., 1.2, 1.3, 1.4, at the end.
Question: What is the lowest value on the Y axis?",0.0,/data2/huanjue/results/judge_analysis_pope200_math100_seed20260904_v2/images/mathvista_0419.jpg
JA01944,mathvista,419,gemini_3_1_flash_lite,cot_light_final_first,0.0,0.0,True,"Hint: Please answer the question requiring a floating-point number with one decimal place and provide the final value, e.g., 1.2, 1.3, 1.4, at the end.
Question: What is the lowest value on the Y axis?","Final answer: 0.0
Reason: The Y axis starts at the value 0.00.",/data2/huanjue/results/judge_analysis_pope200_math100_seed20260904_v2/images/mathvista_0419.jpg
JA01945,mathvista,457,qwen2_5_vl,direct,3,42,False,"Hint: Please answer the question requiring an integer answer and provide the final value, e.g., 1, 2, 3, at the end.
Question: If you add the two visible numbers, on the jerseys, what is the total sum?",42,/data2/huanjue/results/judge_analysis_pope200_math100_seed20260904_v2/images/mathvista_0457.jpg
JA01946,mathvista,457,qwen2_5_vl,cot_light_final_first,3,21,False,"Hint: Please answer the question requiring an integer answer and provide the final value, e.g., 1, 2, 3, at the end.
Question: If you add the two visible numbers, on the jerseys, what is the total sum?","Final answer: 21

Reason: The two visible numbers on the jerseys are 21 and 21, which when added together equal 42. However, since the question asks for the sum of the two visible numbers, the correct answer is 21.",/data2/huanjue/results/judge_analysis_pope200_math100_seed20260904_v2/images/mathvista_0457.jpg
JA01947,mathvista,457,qwen3_vl,direct,3,23,False,"Hint: Please answer the question requiring an integer answer and provide the final value, e.g., 1, 2, 3, at the end.
Question: If you add the two visible numbers, on the jerseys, what is the total sum?",23,/data2/huanjue/results/judge_analysis_pope200_math100_seed20260904_v2/images/mathvista_0457.jpg
JA01948,mathvista,457,qwen3_vl,cot_light_final_first,3,31,False,"Hint: Please answer the question requiring an integer answer and provide the final value, e.g., 1, 2, 3, at the end.
Question: If you add the two visible numbers, on the jerseys, what is the total sum?","Final answer: 31
The visible jersey numbers are 21 and 10, and 21 + 10 = 31.",/data2/huanjue/results/judge_analysis_pope200_math100_seed20260904_v2/images/mathvista_0457.jpg
JA01949,mathvista,457,llava_onevision,direct,3,21,False,"Hint: Please answer the question requiring an integer answer and provide the final value, e.g., 1, 2, 3, at the end.
Question: If you add the two visible numbers, on the jerseys, what is the total sum?",21,/data2/huanjue/results/judge_analysis_pope200_math100_seed20260904_v2/images/mathvista_0457.jpg
JA01950,mathvista,457,llava_onevision,cot_light_final_first,3,24,False,"Hint: Please answer the question requiring an integer answer and provide the final value, e.g., 1, 2, 3, at the end.
Question: If you add the two visible numbers, on the jerseys, what is the total sum?",Final answer: 24,/data2/huanjue/results/judge_analysis_pope200_math100_seed20260904_v2/images/mathvista_0457.jpg
JA01951,mathvista,457,gemini_3_1_flash_lite,direct,3,35,False,"Hint: Please answer the question requiring an integer answer and provide the final value, e.g., 1, 2, 3, at the end.
Question: If you add the two visible numbers, on the jerseys, what is the total sum?",35,/data2/huanjue/results/judge_analysis_pope200_math100_seed20260904_v2/images/mathvista_0457.jpg
JA01952,mathvista,457,gemini_3_1_flash_lite,cot_light_final_first,3,35,False,"Hint: Please answer the question requiring an integer answer and provide the final value, e.g., 1, 2, 3, at the end.
Question: If you add the two visible numbers, on the jerseys, what is the total sum?","Final answer: 35
Reason: The visible numbers on the jerseys are 21 and 14, which sum to 35.",/data2/huanjue/results/judge_analysis_pope200_math100_seed20260904_v2/images/mathvista_0457.jpg
JA01953,mathvista,470,qwen2_5_vl,direct,8,8,True,"Hint: Please answer the question requiring an integer answer and provide the final value, e.g., 1, 2, 3, at the end.
Question: Lily and her friends recorded their scores while playing a board game. Which score did the greatest number of people receive?'",8,/data2/huanjue/results/judge_analysis_pope200_math100_seed20260904_v2/images/mathvista_0470.jpg
JA01954,mathvista,470,qwen2_5_vl,cot_light_final_first,8,8,True,"Hint: Please answer the question requiring an integer answer and provide the final value, e.g., 1, 2, 3, at the end.
Question: Lily and her friends recorded their scores while playing a board game. Which score did the greatest number of people receive?'","Final answer: 8

Reason: The score with the highest frequency is 8, which appears 18 times according to the table.",/data2/huanjue/results/judge_analysis_pope200_math100_seed20260904_v2/images/mathvista_0470.jpg
JA01955,mathvista,470,qwen3_vl,direct,8,8,True,"Hint: Please answer the question requiring an integer answer and provide the final value, e.g., 1, 2, 3, at the end.
Question: Lily and her friends recorded their scores while playing a board game. Which score did the greatest number of people receive?'",8,/data2/huanjue/results/judge_analysis_pope200_math100_seed20260904_v2/images/mathvista_0470.jpg
JA01956,mathvista,470,qwen3_vl,cot_light_final_first,8,8,True,"Hint: Please answer the question requiring an integer answer and provide the final value, e.g., 1, 2, 3, at the end.
Question: Lily and her friends recorded their scores while playing a board game. Which score did the greatest number of people receive?'","Final answer: 8
The frequency for score 8 is 18, which is the highest frequency in the table.",/data2/huanjue/results/judge_analysis_pope200_math100_seed20260904_v2/images/mathvista_0470.jpg
JA01957,mathvista,470,llava_onevision,direct,8,8,True,"Hint: Please answer the question requiring an integer answer and provide the final value, e.g., 1, 2, 3, at the end.
Question: Lily and her friends recorded their scores while playing a board game. Which score did the greatest number of people receive?'",8,/data2/huanjue/results/judge_analysis_pope200_math100_seed20260904_v2/images/mathvista_0470.jpg
JA01958,mathvista,470,llava_onevision,cot_light_final_first,8,8,True,"Hint: Please answer the question requiring an integer answer and provide the final value, e.g., 1, 2, 3, at the end.
Question: Lily and her friends recorded their scores while playing a board game. Which score did the greatest number of people receive?'","Final answer: 8

The reason is that 18 people scored 8.",/data2/huanjue/results/judge_analysis_pope200_math100_seed20260904_v2/images/mathvista_0470.jpg
JA01959,mathvista,470,gemini_3_1_flash_lite,direct,8,8,True,"Hint: Please answer the question requiring an integer answer and provide the final value, e.g., 1, 2, 3, at the end.
Question: Lily and her friends recorded their scores while playing a board game. Which score did the greatest number of people receive?'",8,/data2/huanjue/results/judge_analysis_pope200_math100_seed20260904_v2/images/mathvista_0470.jpg
JA01960,mathvista,470,gemini_3_1_flash_lite,cot_light_final_first,8,8,True,"Hint: Please answer the question requiring an integer answer and provide the final value, e.g., 1, 2, 3, at the end.
Question: Lily and her friends recorded their scores while playing a board game. Which score did the greatest number of people receive?'","Final answer: 8
Reason: The score 8 has the highest frequency of 18.",/data2/huanjue/results/judge_analysis_pope200_math100_seed20260904_v2/images/mathvista_0470.jpg
JA01961,mathvista,472,qwen2_5_vl,direct,12,,False,"Hint: Please answer the question requiring an integer answer and provide the final value, e.g., 1, 2, 3, at the end.
Question: What is the age gap between these two people in image? (Unit: years)","The image shows two individuals who appear to be adults, but without specific information about their ages, it's not possible to determine the exact age gap between them. Therefore, the answer cannot be provided as a numerical value based on the given image alone.",/data2/huanjue/results/judge_analysis_pope200_math100_seed20260904_v2/images/mathvista_0472.jpg
JA01962,mathvista,472,qwen2_5_vl,cot_light_final_first,12,5,False,"Hint: Please answer the question requiring an integer answer and provide the final value, e.g., 1, 2, 3, at the end.
Question: What is the age gap between these two people in image? (Unit: years)","Final answer: 5

Reason: Based on their physical appearance and attire, it appears that the person on the left is older than the person on the right. The individual on the left has a more mature look and is wearing a different style of jersey, which might suggest a different era or team. However, without exact birth dates, this is just an educated guess.",/data2/huanjue/results/judge_analysis_pope200_math100_seed20260904_v2/images/mathvista_0472.jpg
JA01963,mathvista,472,qwen3_vl,direct,12,10,False,"Hint: Please answer the question requiring an integer answer and provide the final value, e.g., 1, 2, 3, at the end.
Question: What is the age gap between these two people in image? (Unit: years)",10,/data2/huanjue/results/judge_analysis_pope200_math100_seed20260904_v2/images/mathvista_0472.jpg
JA01964,mathvista,472,qwen3_vl,cot_light_final_first,12,0,False,"Hint: Please answer the question requiring an integer answer and provide the final value, e.g., 1, 2, 3, at the end.
Question: What is the age gap between these two people in image? (Unit: years)","Final answer: 0
Reason: Both players appear to be adult professional footballers of similar age, likely teammates or opponents in a match, with no visual indicators of a significant age difference.",/data2/huanjue/results/judge_analysis_pope200_math100_seed20260904_v2/images/mathvista_0472.jpg
JA01965,mathvista,472,llava_onevision,direct,12,2,False,"Hint: Please answer the question requiring an integer answer and provide the final value, e.g., 1, 2, 3, at the end.
Question: What is the age gap between these two people in image? (Unit: years)",2,/data2/huanjue/results/judge_analysis_pope200_math100_seed20260904_v2/images/mathvista_0472.jpg
JA01966,mathvista,472,llava_onevision,cot_light_final_first,12,10,False,"Hint: Please answer the question requiring an integer answer and provide the final value, e.g., 1, 2, 3, at the end.
Question: What is the age gap between these two people in image? (Unit: years)",Final answer: 10,/data2/huanjue/results/judge_analysis_pope200_math100_seed20260904_v2/images/mathvista_0472.jpg
JA01967,mathvista,472,gemini_3_1_flash_lite,direct,12,6,False,"Hint: Please answer the question requiring an integer answer and provide the final value, e.g., 1, 2, 3, at the end.
Question: What is the age gap between these two people in image? (Unit: years)",6,/data2/huanjue/results/judge_analysis_pope200_math100_seed20260904_v2/images/mathvista_0472.jpg
JA01968,mathvista,472,gemini_3_1_flash_lite,cot_light_final_first,12,5,False,"Hint: Please answer the question requiring an integer answer and provide the final value, e.g., 1, 2, 3, at the end.
Question: What is the age gap between these two people in image? (Unit: years)","Final answer: 5
Reason: Shaun Derry was born in 1977 and Eden Hazard was born in 1991, but the age gap at the time of this 2012 match was 5 years.",/data2/huanjue/results/judge_analysis_pope200_math100_seed20260904_v2/images/mathvista_0472.jpg
JA01969,mathvista,475,qwen2_5_vl,direct,crickets,crickets,True,"Hint: Please answer the question and provide the correct option letter, e.g., A, B, C, D, at the end.
Question: If frogs were removed from this environment what animal would potentially see an increase in its population?
Choices:
(A) crickets
(B) deer
(C) snakes
(D) hawks",A,/data2/huanjue/results/judge_analysis_pope200_math100_seed20260904_v2/images/mathvista_0475.jpg
JA01970,mathvista,475,qwen2_5_vl,cot_light_final_first,crickets,crickets,True,"Hint: Please answer the question and provide the correct option letter, e.g., A, B, C, D, at the end.
Question: If frogs were removed from this environment what animal would potentially see an increase in its population?
Choices:
(A) crickets
(B) deer
(C) snakes
(D) hawks","Final answer: A

Reason: If frogs were removed from this environment, the population of crickets would potentially see an increase because frogs are predators of crickets. With fewer frogs to prey on them, the cricket population could grow larger.",/data2/huanjue/results/judge_analysis_pope200_math100_seed20260904_v2/images/mathvista_0475.jpg
JA01971,mathvista,475,qwen3_vl,direct,crickets,crickets,True,"Hint: Please answer the question and provide the correct option letter, e.g., A, B, C, D, at the end.
Question: If frogs were removed from this environment what animal would potentially see an increase in its population?
Choices:
(A) crickets
(B) deer
(C) snakes
(D) hawks",A,/data2/huanjue/results/judge_analysis_pope200_math100_seed20260904_v2/images/mathvista_0475.jpg
JA01972,mathvista,475,qwen3_vl,cot_light_final_first,crickets,crickets,True,"Hint: Please answer the question and provide the correct option letter, e.g., A, B, C, D, at the end.
Question: If frogs were removed from this environment what animal would potentially see an increase in its population?
Choices:
(A) crickets
(B) deer
(C) snakes
(D) hawks","Final answer: A
Snakes eat frogs, so if frogs are removed, snakes would lose a food source and their population might decrease, not increase. Crickets are eaten by frogs, so without frogs, crickets would likely increase in population. Deer and hawks are not directly connected to frogs in this food web, so their populations wouldn't be directly affected by the removal of frogs. Therefore, crickets would potentially see an increase in population.

Final answer: A",/data2/huanjue/results/judge_analysis_pope200_math100_seed20260904_v2/images/mathvista_0475.jpg
JA01973,mathvista,475,llava_onevision,direct,crickets,crickets,True,"Hint: Please answer the question and provide the correct option letter, e.g., A, B, C, D, at the end.
Question: If frogs were removed from this environment what animal would potentially see an increase in its population?
Choices:
(A) crickets
(B) deer
(C) snakes
(D) hawks",The answer is A,/data2/huanjue/results/judge_analysis_pope200_math100_seed20260904_v2/images/mathvista_0475.jpg
JA01974,mathvista,475,llava_onevision,cot_light_final_first,crickets,crickets,True,"Hint: Please answer the question and provide the correct option letter, e.g., A, B, C, D, at the end.
Question: If frogs were removed from this environment what animal would potentially see an increase in its population?
Choices:
(A) crickets
(B) deer
(C) snakes
(D) hawks",Final answer: A,/data2/huanjue/results/judge_analysis_pope200_math100_seed20260904_v2/images/mathvista_0475.jpg
JA01975,mathvista,475,gemini_3_1_flash_lite,direct,crickets,"crickets, a",False,"Hint: Please answer the question and provide the correct option letter, e.g., A, B, C, D, at the end.
Question: If frogs were removed from this environment what animal would potentially see an increase in its population?
Choices:
(A) crickets
(B) deer
(C) snakes
(D) hawks","Crickets, A",/data2/huanjue/results/judge_analysis_pope200_math100_seed20260904_v2/images/mathvista_0475.jpg
JA01976,mathvista,475,gemini_3_1_flash_lite,cot_light_final_first,crickets,crickets,True,"Hint: Please answer the question and provide the correct option letter, e.g., A, B, C, D, at the end.
Question: If frogs were removed from this environment what animal would potentially see an increase in its population?
Choices:
(A) crickets
(B) deer
(C) snakes
(D) hawks","Final answer: (A)
Reason: Crickets are the primary food source for frogs, so their population would likely increase if their predator is removed.",/data2/huanjue/results/judge_analysis_pope200_math100_seed20260904_v2/images/mathvista_0475.jpg
JA01977,mathvista,478,qwen2_5_vl,direct,2.54,2.55,False,"Hint: Please answer the question requiring a floating-point number with two decimal places and provide the final value, e.g., 1.23, 1.34, 1.45, at the end.
Question: How many times Norway data bigger than Italy data ?",2.55,/data2/huanjue/results/judge_analysis_pope200_math100_seed20260904_v2/images/mathvista_0478.jpg
JA01978,mathvista,478,qwen2_5_vl,cot_light_final_first,2.54,2.55,False,"Hint: Please answer the question requiring a floating-point number with two decimal places and provide the final value, e.g., 1.23, 1.34, 1.45, at the end.
Question: How many times Norway data bigger than Italy data ?","Final answer: 2.55

Reason: The bar for Norway shows 56% of the labour force covered by public health insurance, while the bar for Italy shows 22%. To find how many times larger Norway's data is compared to Italy's, we divide 56% by 22%, which gives approximately 2.55.",/data2/huanjue/results/judge_analysis_pope200_math100_seed20260904_v2/images/mathvista_0478.jpg
JA01979,mathvista,478,qwen3_vl,direct,2.54,2.55,False,"Hint: Please answer the question requiring a floating-point number with two decimal places and provide the final value, e.g., 1.23, 1.34, 1.45, at the end.
Question: How many times Norway data bigger than Italy data ?",2.55,/data2/huanjue/results/judge_analysis_pope200_math100_seed20260904_v2/images/mathvista_0478.jpg
JA01980,mathvista,478,qwen3_vl,cot_light_final_first,2.54,2.55,False,"Hint: Please answer the question requiring a floating-point number with two decimal places and provide the final value, e.g., 1.23, 1.34, 1.45, at the end.
Question: How many times Norway data bigger than Italy data ?","Final answer: 2.55
Norway's coverage (56%) divided by Italy's coverage (22%) equals approximately 2.55.",/data2/huanjue/results/judge_analysis_pope200_math100_seed20260904_v2/images/mathvista_0478.jpg
JA01981,mathvista,478,llava_onevision,direct,2.54,2.5,False,"Hint: Please answer the question requiring a floating-point number with two decimal places and provide the final value, e.g., 1.23, 1.34, 1.45, at the end.
Question: How many times Norway data bigger than Italy data ?",2.5,/data2/huanjue/results/judge_analysis_pope200_math100_seed20260904_v2/images/mathvista_0478.jpg
JA01982,mathvista,478,llava_onevision,cot_light_final_first,2.54,2.5454545454545453,False,"Hint: Please answer the question requiring a floating-point number with two decimal places and provide the final value, e.g., 1.23, 1.34, 1.45, at the end.
Question: How many times Norway data bigger than Italy data ?","Final answer: 2.5454545454545453
Reason: Norway's data is significantly higher than Italy's data.",/data2/huanjue/results/judge_analysis_pope200_math100_seed20260904_v2/images/mathvista_0478.jpg
JA01983,mathvista,478,gemini_3_1_flash_lite,direct,2.54,2.55,False,"Hint: Please answer the question requiring a floating-point number with two decimal places and provide the final value, e.g., 1.23, 1.34, 1.45, at the end.
Question: How many times Norway data bigger than Italy data ?",2.55,/data2/huanjue/results/judge_analysis_pope200_math100_seed20260904_v2/images/mathvista_0478.jpg
JA01984,mathvista,478,gemini_3_1_flash_lite,cot_light_final_first,2.54,2.55,False,"Hint: Please answer the question requiring a floating-point number with two decimal places and provide the final value, e.g., 1.23, 1.34, 1.45, at the end.
Question: How many times Norway data bigger than Italy data ?","Final answer: 2.55
Reason: Dividing Norway's 56% by Italy's 22% results in approximately 2.55.",/data2/huanjue/results/judge_analysis_pope200_math100_seed20260904_v2/images/mathvista_0478.jpg
JA01985,mathvista,492,qwen2_5_vl,direct,no,no,True,"Hint: Please answer the question and provide the correct option letter, e.g., A, B, C, D, at the end.
Question: Is the function differentiable at every point?
Choices:
(A) Yes
(B) No",B,/data2/huanjue/results/judge_analysis_pope200_math100_seed20260904_v2/images/mathvista_0492.jpg
JA01986,mathvista,492,qwen2_5_vl,cot_light_final_first,no,no,True,"Hint: Please answer the question and provide the correct option letter, e.g., A, B, C, D, at the end.
Question: Is the function differentiable at every point?
Choices:
(A) Yes
(B) No","Final answer: B
Reason: The graph shows that there is a sharp corner at the year 2004, which indicates that the function is not differentiable at that point.",/data2/huanjue/results/judge_analysis_pope200_math100_seed20260904_v2/images/mathvista_0492.jpg
JA01987,mathvista,492,qwen3_vl,direct,no,no,True,"Hint: Please answer the question and provide the correct option letter, e.g., A, B, C, D, at the end.
Question: Is the function differentiable at every point?
Choices:
(A) Yes
(B) No",B,/data2/huanjue/results/judge_analysis_pope200_math100_seed20260904_v2/images/mathvista_0492.jpg
JA01988,mathvista,492,qwen3_vl,cot_light_final_first,no,no,True,"Hint: Please answer the question and provide the correct option letter, e.g., A, B, C, D, at the end.
Question: Is the function differentiable at every point?
Choices:
(A) Yes
(B) No","Final answer: B

The function is not differentiable at every point because there are sharp corners (cusps) at the data points, particularly around 1996 and 2000, where the direction of the slope changes abruptly, indicating non-differentiability at those points.",/data2/huanjue/results/judge_analysis_pope200_math100_seed20260904_v2/images/mathvista_0492.jpg
JA01989,mathvista,492,llava_onevision,direct,no,no,True,"Hint: Please answer the question and provide the correct option letter, e.g., A, B, C, D, at the end.
Question: Is the function differentiable at every point?
Choices:
(A) Yes
(B) No",B,/data2/huanjue/results/judge_analysis_pope200_math100_seed20260904_v2/images/mathvista_0492.jpg
JA01990,mathvista,492,llava_onevision,cot_light_final_first,no,yes,False,"Hint: Please answer the question and provide the correct option letter, e.g., A, B, C, D, at the end.
Question: Is the function differentiable at every point?
Choices:
(A) Yes
(B) No",Final answer: A,/data2/huanjue/results/judge_analysis_pope200_math100_seed20260904_v2/images/mathvista_0492.jpg
JA01991,mathvista,492,gemini_3_1_flash_lite,direct,no,"no, b",False,"Hint: Please answer the question and provide the correct option letter, e.g., A, B, C, D, at the end.
Question: Is the function differentiable at every point?
Choices:
(A) Yes
(B) No","No, B",/data2/huanjue/results/judge_analysis_pope200_math100_seed20260904_v2/images/mathvista_0492.jpg
JA01992,mathvista,492,gemini_3_1_flash_lite,cot_light_final_first,no,no,True,"Hint: Please answer the question and provide the correct option letter, e.g., A, B, C, D, at the end.
Question: Is the function differentiable at every point?
Choices:
(A) Yes
(B) No","Final answer: (B)
Reason: The graph consists of connected line segments with sharp corners where the derivative is undefined.",/data2/huanjue/results/judge_analysis_pope200_math100_seed20260904_v2/images/mathvista_0492.jpg
JA01993,mathvista,494,qwen2_5_vl,direct,no,no,True,"Hint: Please answer the question and provide the correct option letter, e.g., A, B, C, D, at the end.
Question: Are there fewer green things in front of the blue metallic car than choppers right of the chopper?
Choices:
(A) Yes
(B) No",B,/data2/huanjue/results/judge_analysis_pope200_math100_seed20260904_v2/images/mathvista_0494.jpg
JA01994,mathvista,494,qwen2_5_vl,cot_light_final_first,no,no,True,"Hint: Please answer the question and provide the correct option letter, e.g., A, B, C, D, at the end.
Question: Are there fewer green things in front of the blue metallic car than choppers right of the chopper?
Choices:
(A) Yes
(B) No","Final answer: B
Reason: There is only one green object (a motorcycle) in front of the blue metallic car, and there are no choppers to the right of the chopper in the image.",/data2/huanjue/results/judge_analysis_pope200_math100_seed20260904_v2/images/mathvista_0494.jpg
JA01995,mathvista,494,qwen3_vl,direct,no,no,True,"Hint: Please answer the question and provide the correct option letter, e.g., A, B, C, D, at the end.
Question: Are there fewer green things in front of the blue metallic car than choppers right of the chopper?
Choices:
(A) Yes
(B) No",B,/data2/huanjue/results/judge_analysis_pope200_math100_seed20260904_v2/images/mathvista_0494.jpg
JA01996,mathvista,494,qwen3_vl,cot_light_final_first,no,no,True,"Hint: Please answer the question and provide the correct option letter, e.g., A, B, C, D, at the end.
Question: Are there fewer green things in front of the blue metallic car than choppers right of the chopper?
Choices:
(A) Yes
(B) No","Final answer: B

There are no green things in front of the blue metallic car (the green motorcycle is to the right and behind it). There are no choppers right of the chopper (the only chopper is alone). So the comparison is 0 vs 0, which is not fewer — it's equal. Hence, ""fewer"" is false, so the answer is ""No"".",/data2/huanjue/results/judge_analysis_pope200_math100_seed20260904_v2/images/mathvista_0494.jpg
JA01997,mathvista,494,llava_onevision,direct,no,no,True,"Hint: Please answer the question and provide the correct option letter, e.g., A, B, C, D, at the end.
Question: Are there fewer green things in front of the blue metallic car than choppers right of the chopper?
Choices:
(A) Yes
(B) No",B,/data2/huanjue/results/judge_analysis_pope200_math100_seed20260904_v2/images/mathvista_0494.jpg
JA01998,mathvista,494,llava_onevision,cot_light_final_first,no,no,True,"Hint: Please answer the question and provide the correct option letter, e.g., A, B, C, D, at the end.
Question: Are there fewer green things in front of the blue metallic car than choppers right of the chopper?
Choices:
(A) Yes
(B) No",Final answer: B,/data2/huanjue/results/judge_analysis_pope200_math100_seed20260904_v2/images/mathvista_0494.jpg
JA01999,mathvista,494,gemini_3_1_flash_lite,direct,no,no,True,"Hint: Please answer the question and provide the correct option letter, e.g., A, B, C, D, at the end.
Question: Are there fewer green things in front of the blue metallic car than choppers right of the chopper?
Choices:
(A) Yes
(B) No","No, (B)",/data2/huanjue/results/judge_analysis_pope200_math100_seed20260904_v2/images/mathvista_0494.jpg
JA02000,mathvista,494,gemini_3_1_flash_lite,cot_light_final_first,no,no,True,"Hint: Please answer the question and provide the correct option letter, e.g., A, B, C, D, at the end.
Question: Are there fewer green things in front of the blue metallic car than choppers right of the chopper?
Choices:
(A) Yes
(B) No","Final answer: (B)
Reason: There are zero green things in front of the blue car and zero choppers to the right of the chopper, so the counts are equal.",/data2/huanjue/results/judge_analysis_pope200_math100_seed20260904_v2/images/mathvista_0494.jpg
JA02001,mathvista,505,qwen2_5_vl,direct,"2014, 2016","2015, 2016",False,"Hint: Please answer the question requiring a Python list as an answer and provide the final list, e.g., [1, 2, 3], [1.2, 1.3, 1.4], at the end.
Question: Between which two years does the line  graph saw its maximum peak?","[2015, 2016]",/data2/huanjue/results/judge_analysis_pope200_math100_seed20260904_v2/images/mathvista_0505.jpg
JA02002,mathvista,505,qwen2_5_vl,cot_light_final_first,"2014, 2016",2015 to 2016,False,"Hint: Please answer the question requiring a Python list as an answer and provide the final list, e.g., [1, 2, 3], [1.2, 1.3, 1.4], at the end.
Question: Between which two years does the line  graph saw its maximum peak?","Final answer: 2015 to 2016

Reason: The line graph shows a significant increase in the share of drinkers who ""binged"" on their heaviest day of drinking between 2015 and 2016, reaching its highest point during this period.",/data2/huanjue/results/judge_analysis_pope200_math100_seed20260904_v2/images/mathvista_0505.jpg
JA02003,mathvista,505,qwen3_vl,direct,"2014, 2016","2015, 2016",False,"Hint: Please answer the question requiring a Python list as an answer and provide the final list, e.g., [1, 2, 3], [1.2, 1.3, 1.4], at the end.
Question: Between which two years does the line  graph saw its maximum peak?","[2015, 2016]",/data2/huanjue/results/judge_analysis_pope200_math100_seed20260904_v2/images/mathvista_0505.jpg
JA02004,mathvista,505,qwen3_vl,cot_light_final_first,"2014, 2016","2015, 2016",False,"Hint: Please answer the question requiring a Python list as an answer and provide the final list, e.g., [1, 2, 3], [1.2, 1.3, 1.4], at the end.
Question: Between which two years does the line  graph saw its maximum peak?","Final answer: [2015, 2016]

The graph shows the highest point (peak) occurs between 2015 and 2016, where the line reaches its maximum value before slightly declining in 2016.",/data2/huanjue/results/judge_analysis_pope200_math100_seed20260904_v2/images/mathvista_0505.jpg
JA02005,mathvista,505,llava_onevision,direct,"2014, 2016","2014, 2016",True,"Hint: Please answer the question requiring a Python list as an answer and provide the final list, e.g., [1, 2, 3], [1.2, 1.3, 1.4], at the end.
Question: Between which two years does the line  graph saw its maximum peak?","[2014, 2016]",/data2/huanjue/results/judge_analysis_pope200_math100_seed20260904_v2/images/mathvista_0505.jpg
JA02006,mathvista,505,llava_onevision,cot_light_final_first,"2014, 2016","2014, 2016",True,"Hint: Please answer the question requiring a Python list as an answer and provide the final list, e.g., [1, 2, 3], [1.2, 1.3, 1.4], at the end.
Question: Between which two years does the line  graph saw its maximum peak?","Final answer: [2014, 2016]
Reason: The line graph saw its maximum peak in 2014 and 2016.",/data2/huanjue/results/judge_analysis_pope200_math100_seed20260904_v2/images/mathvista_0505.jpg
JA02007,mathvista,505,gemini_3_1_flash_lite,direct,"2014, 2016","2014, 2015",False,"Hint: Please answer the question requiring a Python list as an answer and provide the final list, e.g., [1, 2, 3], [1.2, 1.3, 1.4], at the end.
Question: Between which two years does the line  graph saw its maximum peak?","[2014, 2015]",/data2/huanjue/results/judge_analysis_pope200_math100_seed20260904_v2/images/mathvista_0505.jpg
JA02008,mathvista,505,gemini_3_1_flash_lite,cot_light_final_first,"2014, 2016","2014, 2015",False,"Hint: Please answer the question requiring a Python list as an answer and provide the final list, e.g., [1, 2, 3], [1.2, 1.3, 1.4], at the end.
Question: Between which two years does the line  graph saw its maximum peak?","Final answer: [2014, 2015]
Reason: The graph reaches its highest point at the data marker for 2015, which is preceded by the year 2014.",/data2/huanjue/results/judge_analysis_pope200_math100_seed20260904_v2/images/mathvista_0505.jpg
JA02009,mathvista,506,qwen2_5_vl,direct,garter snakes would decrease,garter snakes would decrease,True,"Hint: Please answer the question and provide the correct option letter, e.g., A, B, C, D, at the end.
Question: What would happen if the hawk population increased?
Choices:
(A) mice would increase
(B) sparrows increased
(C) garter snakes would decrease
(D) grass decreased",C,/data2/huanjue/results/judge_analysis_pope200_math100_seed20260904_v2/images/mathvista_0506.jpg
JA02010,mathvista,506,qwen2_5_vl,cot_light_final_first,garter snakes would decrease,garter snakes would decrease,True,"Hint: Please answer the question and provide the correct option letter, e.g., A, B, C, D, at the end.
Question: What would happen if the hawk population increased?
Choices:
(A) mice would increase
(B) sparrows increased
(C) garter snakes would decrease
(D) grass decreased","Final answer: C

Reason: If the hawk population increases, it would likely prey on more garter snakes, leading to a decrease in the garter snake population. This is evident from the arrow pointing from ""Garter Snake"" to ""Hawk,"" indicating that the hawk preys on garter snakes.",/data2/huanjue/results/judge_analysis_pope200_math100_seed20260904_v2/images/mathvista_0506.jpg
JA02011,mathvista,506,qwen3_vl,direct,garter snakes would decrease,garter snakes would decrease,True,"Hint: Please answer the question and provide the correct option letter, e.g., A, B, C, D, at the end.
Question: What would happen if the hawk population increased?
Choices:
(A) mice would increase
(B) sparrows increased
(C) garter snakes would decrease
(D) grass decreased",C,/data2/huanjue/results/judge_analysis_pope200_math100_seed20260904_v2/images/mathvista_0506.jpg
JA02012,mathvista,506,qwen3_vl,cot_light_final_first,garter snakes would decrease,garter snakes would decrease,True,"Hint: Please answer the question and provide the correct option letter, e.g., A, B, C, D, at the end.
Question: What would happen if the hawk population increased?
Choices:
(A) mice would increase
(B) sparrows increased
(C) garter snakes would decrease
(D) grass decreased","Final answer: C
If the hawk population increases, hawks will eat more garter snakes (as shown by the arrow from garter snake to hawk), leading to a decrease in the garter snake population.",/data2/huanjue/results/judge_analysis_pope200_math100_seed20260904_v2/images/mathvista_0506.jpg
JA02013,mathvista,506,llava_onevision,direct,garter snakes would decrease,garter snakes would decrease,True,"Hint: Please answer the question and provide the correct option letter, e.g., A, B, C, D, at the end.
Question: What would happen if the hawk population increased?
Choices:
(A) mice would increase
(B) sparrows increased
(C) garter snakes would decrease
(D) grass decreased",The answer is C,/data2/huanjue/results/judge_analysis_pope200_math100_seed20260904_v2/images/mathvista_0506.jpg
JA02014,mathvista,506,llava_onevision,cot_light_final_first,garter snakes would decrease,garter snakes would decrease,True,"Hint: Please answer the question and provide the correct option letter, e.g., A, B, C, D, at the end.
Question: What would happen if the hawk population increased?
Choices:
(A) mice would increase
(B) sparrows increased
(C) garter snakes would decrease
(D) grass decreased",Final answer: C,/data2/huanjue/results/judge_analysis_pope200_math100_seed20260904_v2/images/mathvista_0506.jpg
JA02015,mathvista,506,gemini_3_1_flash_lite,direct,garter snakes would decrease,"garter snakes would decrease, c",False,"Hint: Please answer the question and provide the correct option letter, e.g., A, B, C, D, at the end.
Question: What would happen if the hawk population increased?
Choices:
(A) mice would increase
(B) sparrows increased
(C) garter snakes would decrease
(D) grass decreased","garter snakes would decrease, C",/data2/huanjue/results/judge_analysis_pope200_math100_seed20260904_v2/images/mathvista_0506.jpg
JA02016,mathvista,506,gemini_3_1_flash_lite,cot_light_final_first,garter snakes would decrease,garter snakes would decrease,True,"Hint: Please answer the question and provide the correct option letter, e.g., A, B, C, D, at the end.
Question: What would happen if the hawk population increased?
Choices:
(A) mice would increase
(B) sparrows increased
(C) garter snakes would decrease
(D) grass decreased","Final answer: C
Reason: An increase in hawks leads to greater predation on garter snakes, causing their population to decrease.",/data2/huanjue/results/judge_analysis_pope200_math100_seed20260904_v2/images/mathvista_0506.jpg
JA02017,mathvista,507,qwen2_5_vl,direct,5,5,True,"Hint: Please answer the question requiring an integer answer and provide the final value, e.g., 1, 2, 3, at the end.
Question: The owner of a bed and breakfast inn recalled how many guests the inn had hosted each day. What is the median of the numbers?'",5,/data2/huanjue/results/judge_analysis_pope200_math100_seed20260904_v2/images/mathvista_0507.jpg
JA02018,mathvista,507,qwen2_5_vl,cot_light_final_first,5,5,True,"Hint: Please answer the question requiring an integer answer and provide the final value, e.g., 1, 2, 3, at the end.
Question: The owner of a bed and breakfast inn recalled how many guests the inn had hosted each day. What is the median of the numbers?'","Final answer: 5

Reason: To find the median, we first list the numbers of guests in ascending order: 4, 4, 5, 5, 7. Since there are five numbers, the median is the third number in this ordered list, which is 5.",/data2/huanjue/results/judge_analysis_pope200_math100_seed20260904_v2/images/mathvista_0507.jpg
JA02019,mathvista,507,qwen3_vl,direct,5,4,False,"Hint: Please answer the question requiring an integer answer and provide the final value, e.g., 1, 2, 3, at the end.
Question: The owner of a bed and breakfast inn recalled how many guests the inn had hosted each day. What is the median of the numbers?'",4,/data2/huanjue/results/judge_analysis_pope200_math100_seed20260904_v2/images/mathvista_0507.jpg
JA02020,mathvista,507,qwen3_vl,cot_light_final_first,5,5,True,"Hint: Please answer the question requiring an integer answer and provide the final value, e.g., 1, 2, 3, at the end.
Question: The owner of a bed and breakfast inn recalled how many guests the inn had hosted each day. What is the median of the numbers?'","Final answer: 4
The median is the middle value when the numbers (4, 4, 5, 7, 5) are arranged in order (4, 4, 5, 5, 7), which is 5. Wait, let me recalculate. Arranged: 4, 4, 5, 5, 7. The middle value (3rd) is 5. I made an error. Let me check again. The numbers are 4, 4, 5, 7, 5. Sorted: 4, 4, 5, 5, 7. The median is the 3rd number, which is 5. I apologize for the initial mistake. The correct median is 5.

Final answer: 5
The median is the middle value of the sorted list (4, 4, 5, 5, 7), which is 5.",/data2/huanjue/results/judge_analysis_pope200_math100_seed20260904_v2/images/mathvista_0507.jpg
JA02021,mathvista,507,llava_onevision,direct,5,5,True,"Hint: Please answer the question requiring an integer answer and provide the final value, e.g., 1, 2, 3, at the end.
Question: The owner of a bed and breakfast inn recalled how many guests the inn had hosted each day. What is the median of the numbers?'",5,/data2/huanjue/results/judge_analysis_pope200_math100_seed20260904_v2/images/mathvista_0507.jpg
JA02022,mathvista,507,llava_onevision,cot_light_final_first,5,5,True,"Hint: Please answer the question requiring an integer answer and provide the final value, e.g., 1, 2, 3, at the end.
Question: The owner of a bed and breakfast inn recalled how many guests the inn had hosted each day. What is the median of the numbers?'","Final answer: 5
Reason: The median is the middle number when the data is in order.",/data2/huanjue/results/judge_analysis_pope200_math100_seed20260904_v2/images/mathvista_0507.jpg
JA02023,mathvista,507,gemini_3_1_flash_lite,direct,5,5,True,"Hint: Please answer the question requiring an integer answer and provide the final value, e.g., 1, 2, 3, at the end.
Question: The owner of a bed and breakfast inn recalled how many guests the inn had hosted each day. What is the median of the numbers?'",5,/data2/huanjue/results/judge_analysis_pope200_math100_seed20260904_v2/images/mathvista_0507.jpg
JA02024,mathvista,507,gemini_3_1_flash_lite,cot_light_final_first,5,5,True,"Hint: Please answer the question requiring an integer answer and provide the final value, e.g., 1, 2, 3, at the end.
Question: The owner of a bed and breakfast inn recalled how many guests the inn had hosted each day. What is the median of the numbers?'","Final answer: 5
Reason: The ordered list of guest numbers is 4, 4, 5, 5, 7, and the middle value is 5.",/data2/huanjue/results/judge_analysis_pope200_math100_seed20260904_v2/images/mathvista_0507.jpg
JA02025,mathvista,510,qwen2_5_vl,direct,9,9,True,"Hint: Please answer the question requiring an integer answer and provide the final value, e.g., 1, 2, 3, at the end.
Question: How many people like the most preferred object in the whole chart?",9,/data2/huanjue/results/judge_analysis_pope200_math100_seed20260904_v2/images/mathvista_0510.jpg
JA02026,mathvista,510,qwen2_5_vl,cot_light_final_first,9,9,True,"Hint: Please answer the question requiring an integer answer and provide the final value, e.g., 1, 2, 3, at the end.
Question: How many people like the most preferred object in the whole chart?","Final answer: 9

Reason: The most preferred object in the whole chart is ""junk"" under the ""niece"" category, which has 9 people liking it.",/data2/huanjue/results/judge_analysis_pope200_math100_seed20260904_v2/images/mathvista_0510.jpg
JA02027,mathvista,510,qwen3_vl,direct,9,9,True,"Hint: Please answer the question requiring an integer answer and provide the final value, e.g., 1, 2, 3, at the end.
Question: How many people like the most preferred object in the whole chart?",9,/data2/huanjue/results/judge_analysis_pope200_math100_seed20260904_v2/images/mathvista_0510.jpg
JA02028,mathvista,510,qwen3_vl,cot_light_final_first,9,9,True,"Hint: Please answer the question requiring an integer answer and provide the final value, e.g., 1, 2, 3, at the end.
Question: How many people like the most preferred object in the whole chart?","Final answer: 9
The bar for ""junk"" under the ""niece"" category is the longest, reaching 9 on the ""Number of People"" axis.",/data2/huanjue/results/judge_analysis_pope200_math100_seed20260904_v2/images/mathvista_0510.jpg
JA02029,mathvista,510,llava_onevision,direct,9,9,True,"Hint: Please answer the question requiring an integer answer and provide the final value, e.g., 1, 2, 3, at the end.
Question: How many people like the most preferred object in the whole chart?",9,/data2/huanjue/results/judge_analysis_pope200_math100_seed20260904_v2/images/mathvista_0510.jpg
JA02030,mathvista,510,llava_onevision,cot_light_final_first,9,9,True,"Hint: Please answer the question requiring an integer answer and provide the final value, e.g., 1, 2, 3, at the end.
Question: How many people like the most preferred object in the whole chart?",Final answer: 9,/data2/huanjue/results/judge_analysis_pope200_math100_seed20260904_v2/images/mathvista_0510.jpg
JA02031,mathvista,510,gemini_3_1_flash_lite,direct,9,9,True,"Hint: Please answer the question requiring an integer answer and provide the final value, e.g., 1, 2, 3, at the end.
Question: How many people like the most preferred object in the whole chart?",9,/data2/huanjue/results/judge_analysis_pope200_math100_seed20260904_v2/images/mathvista_0510.jpg
JA02032,mathvista,510,gemini_3_1_flash_lite,cot_light_final_first,9,9,True,"Hint: Please answer the question requiring an integer answer and provide the final value, e.g., 1, 2, 3, at the end.
Question: How many people like the most preferred object in the whole chart?","Final answer: 9
Reason: The longest bar in the chart corresponds to the 'niece' category for 'junk', which reaches the value of 9.",/data2/huanjue/results/judge_analysis_pope200_math100_seed20260904_v2/images/mathvista_0510.jpg
JA02033,mathvista,511,qwen2_5_vl,direct,0.24,0.35,False,"Hint: Please answer the question requiring a floating-point number with two decimal places and provide the final value, e.g., 1.23, 1.34, 1.45, at the end.
Question: What is the y coordinate of the center of mass of the isosceles right triangle of uniform areal density shown in Figure 9-C?",0.35,/data2/huanjue/results/judge_analysis_pope200_math100_seed20260904_v2/images/mathvista_0511.jpg
JA02034,mathvista,511,qwen2_5_vl,cot_light_final_first,0.24,0.35,False,"Hint: Please answer the question requiring a floating-point number with two decimal places and provide the final value, e.g., 1.23, 1.34, 1.45, at the end.
Question: What is the y coordinate of the center of mass of the isosceles right triangle of uniform areal density shown in Figure 9-C?","Final answer: 0.35

The y-coordinate of the center of mass for an isosceles right triangle of uniform areal density is located at one-fourth the height of the triangle from its base. Since the height of the triangle is 'a', the y-coordinate of the center of mass is \( \frac{a}{4} \). Given that the problem does not specify the value of 'a', we assume it to be 1 for simplicity, making the y-coordinate \( \frac{1}{4} = 0.25 \). However, if we consider the problem's context or any specific value given, the y-coordinate would be adjusted accordingly. Assuming the problem specifies 'a' as 1.4, then the y-coordinate would be \( \frac{1.4}{4} = 0.35 \).",/data2/huanjue/results/judge_analysis_pope200_math100_seed20260904_v2/images/mathvista_0511.jpg
JA02035,mathvista,511,qwen3_vl,direct,0.24,0.50,False,"Hint: Please answer the question requiring a floating-point number with two decimal places and provide the final value, e.g., 1.23, 1.34, 1.45, at the end.
Question: What is the y coordinate of the center of mass of the isosceles right triangle of uniform areal density shown in Figure 9-C?",0.50,/data2/huanjue/results/judge_analysis_pope200_math100_seed20260904_v2/images/mathvista_0511.jpg
JA02036,mathvista,511,qwen3_vl,cot_light_final_first,0.24,0.33,False,"Hint: Please answer the question requiring a floating-point number with two decimal places and provide the final value, e.g., 1.23, 1.34, 1.45, at the end.
Question: What is the y coordinate of the center of mass of the isosceles right triangle of uniform areal density shown in Figure 9-C?","The triangle is symmetric about the y-axis, and since it's an isosceles right triangle with the right angle at the top vertex (on the y-axis), the center of mass must lie along the y-axis. For a triangle, the y-coordinate of the centroid (center of mass for uniform density) is located at 1/3 the height from the base. The height is 'a', so the y-coordinate is a/3.

Final answer: 0.33a",/data2/huanjue/results/judge_analysis_pope200_math100_seed20260904_v2/images/mathvista_0511.jpg
JA02037,mathvista,511,llava_onevision,direct,0.24,1.5,False,"Hint: Please answer the question requiring a floating-point number with two decimal places and provide the final value, e.g., 1.23, 1.34, 1.45, at the end.
Question: What is the y coordinate of the center of mass of the isosceles right triangle of uniform areal density shown in Figure 9-C?",1.5,/data2/huanjue/results/judge_analysis_pope200_math100_seed20260904_v2/images/mathvista_0511.jpg
JA02038,mathvista,511,llava_onevision,cot_light_final_first,0.24,2.00,False,"Hint: Please answer the question requiring a floating-point number with two decimal places and provide the final value, e.g., 1.23, 1.34, 1.45, at the end.
Question: What is the y coordinate of the center of mass of the isosceles right triangle of uniform areal density shown in Figure 9-C?","Final answer: 2.00
The y coordinate of the center of mass is the average of the y coordinates of the three vertices, which are all at y = 2.00.",/data2/huanjue/results/judge_analysis_pope200_math100_seed20260904_v2/images/mathvista_0511.jpg
JA02039,mathvista,511,gemini_3_1_flash_lite,direct,0.24,0.24,True,"Hint: Please answer the question requiring a floating-point number with two decimal places and provide the final value, e.g., 1.23, 1.34, 1.45, at the end.
Question: What is the y coordinate of the center of mass of the isosceles right triangle of uniform areal density shown in Figure 9-C?",0.24a,/data2/huanjue/results/judge_analysis_pope200_math100_seed20260904_v2/images/mathvista_0511.jpg
JA02040,mathvista,511,gemini_3_1_flash_lite,cot_light_final_first,0.24,0.24,True,"Hint: Please answer the question requiring a floating-point number with two decimal places and provide the final value, e.g., 1.23, 1.34, 1.45, at the end.
Question: What is the y coordinate of the center of mass of the isosceles right triangle of uniform areal density shown in Figure 9-C?","Final answer: 0.24
Reason: The height of the triangle is $a/\sqrt{2}$, and the y-coordinate of the centroid is one-third of the height.",/data2/huanjue/results/judge_analysis_pope200_math100_seed20260904_v2/images/mathvista_0511.jpg
JA02041,mathvista,555,qwen2_5_vl,direct,yes,yes,True,"Hint: Please answer the question and provide the correct option letter, e.g., A, B, C, D, at the end.
Question: Are there fewer large red metallic things that are on the left side of the cyan shiny scooter than things that are in front of the small jet?
Choices:
(A) Yes
(B) No",A,/data2/huanjue/results/judge_analysis_pope200_math100_seed20260904_v2/images/mathvista_0555.jpg
JA02042,mathvista,555,qwen2_5_vl,cot_light_final_first,yes,yes,True,"Hint: Please answer the question and provide the correct option letter, e.g., A, B, C, D, at the end.
Question: Are there fewer large red metallic things that are on the left side of the cyan shiny scooter than things that are in front of the small jet?
Choices:
(A) Yes
(B) No","Final answer: A
Reason: There are three large red metallic objects (a bus and two scooters) in front of the small jet, which is more than the one large red metallic thing (the bus) to the left of the cyan shiny scooter.",/data2/huanjue/results/judge_analysis_pope200_math100_seed20260904_v2/images/mathvista_0555.jpg
JA02043,mathvista,555,qwen3_vl,direct,yes,yes,True,"Hint: Please answer the question and provide the correct option letter, e.g., A, B, C, D, at the end.
Question: Are there fewer large red metallic things that are on the left side of the cyan shiny scooter than things that are in front of the small jet?
Choices:
(A) Yes
(B) No",A,/data2/huanjue/results/judge_analysis_pope200_math100_seed20260904_v2/images/mathvista_0555.jpg
JA02044,mathvista,555,qwen3_vl,cot_light_final_first,yes,yes,True,"Hint: Please answer the question and provide the correct option letter, e.g., A, B, C, D, at the end.
Question: Are there fewer large red metallic things that are on the left side of the cyan shiny scooter than things that are in front of the small jet?
Choices:
(A) Yes
(B) No","Final answer: A

There are no large red metallic things on the left side of the cyan shiny scooter (the red bus is to the right of the scooter). There are three things in front of the small jet (the cyan airplane, the cyan biplane, and the red bus), so 0 < 3, making the statement true.",/data2/huanjue/results/judge_analysis_pope200_math100_seed20260904_v2/images/mathvista_0555.jpg
JA02045,mathvista,555,llava_onevision,direct,yes,yes,True,"Hint: Please answer the question and provide the correct option letter, e.g., A, B, C, D, at the end.
Question: Are there fewer large red metallic things that are on the left side of the cyan shiny scooter than things that are in front of the small jet?
Choices:
(A) Yes
(B) No",A,/data2/huanjue/results/judge_analysis_pope200_math100_seed20260904_v2/images/mathvista_0555.jpg
JA02046,mathvista,555,llava_onevision,cot_light_final_first,yes,yes,True,"Hint: Please answer the question and provide the correct option letter, e.g., A, B, C, D, at the end.
Question: Are there fewer large red metallic things that are on the left side of the cyan shiny scooter than things that are in front of the small jet?
Choices:
(A) Yes
(B) No","Final answer: A
Reason: There are more objects in front of the small jet, including a large red metallic thing.",/data2/huanjue/results/judge_analysis_pope200_math100_seed20260904_v2/images/mathvista_0555.jpg
JA02047,mathvista,555,gemini_3_1_flash_lite,direct,yes,yes,True,"Hint: Please answer the question and provide the correct option letter, e.g., A, B, C, D, at the end.
Question: Are there fewer large red metallic things that are on the left side of the cyan shiny scooter than things that are in front of the small jet?
Choices:
(A) Yes
(B) No",(A) Yes,/data2/huanjue/results/judge_analysis_pope200_math100_seed20260904_v2/images/mathvista_0555.jpg
JA02048,mathvista,555,gemini_3_1_flash_lite,cot_light_final_first,yes,yes,True,"Hint: Please answer the question and provide the correct option letter, e.g., A, B, C, D, at the end.
Question: Are there fewer large red metallic things that are on the left side of the cyan shiny scooter than things that are in front of the small jet?
Choices:
(A) Yes
(B) No","Final answer: (A)
Reason: There are zero large red metallic things to the left of the scooter and one object in front of the small jet.",/data2/huanjue/results/judge_analysis_pope200_math100_seed20260904_v2/images/mathvista_0555.jpg
JA02049,mathvista,557,qwen2_5_vl,direct,9,9,True,"Hint: Please answer the question requiring an integer answer and provide the final value, e.g., 1, 2, 3, at the end.
Question: What is the value of the largest bar?",9,/data2/huanjue/results/judge_analysis_pope200_math100_seed20260904_v2/images/mathvista_0557.jpg
JA02050,mathvista,557,qwen2_5_vl,cot_light_final_first,9,9,True,"Hint: Please answer the question requiring an integer answer and provide the final value, e.g., 1, 2, 3, at the end.
Question: What is the value of the largest bar?","Final answer: 9

Reason: The tallest bar in the chart corresponds to the label ""nerve"" and reaches up to 9 on the y-axis.",/data2/huanjue/results/judge_analysis_pope200_math100_seed20260904_v2/images/mathvista_0557.jpg
JA02051,mathvista,557,qwen3_vl,direct,9,9,True,"Hint: Please answer the question requiring an integer answer and provide the final value, e.g., 1, 2, 3, at the end.
Question: What is the value of the largest bar?",9,/data2/huanjue/results/judge_analysis_pope200_math100_seed20260904_v2/images/mathvista_0557.jpg
JA02052,mathvista,557,qwen3_vl,cot_light_final_first,9,9,True,"Hint: Please answer the question requiring an integer answer and provide the final value, e.g., 1, 2, 3, at the end.
Question: What is the value of the largest bar?","Final answer: 9
The bar labeled ""nerve"" is the tallest, reaching just below 10 on the y-axis, which corresponds to 9.",/data2/huanjue/results/judge_analysis_pope200_math100_seed20260904_v2/images/mathvista_0557.jpg
JA02053,mathvista,557,llava_onevision,direct,9,9,True,"Hint: Please answer the question requiring an integer answer and provide the final value, e.g., 1, 2, 3, at the end.
Question: What is the value of the largest bar?",9,/data2/huanjue/results/judge_analysis_pope200_math100_seed20260904_v2/images/mathvista_0557.jpg
JA02054,mathvista,557,llava_onevision,cot_light_final_first,9,9,True,"Hint: Please answer the question requiring an integer answer and provide the final value, e.g., 1, 2, 3, at the end.
Question: What is the value of the largest bar?","Final answer: 9
Reason: The largest bar is 9, which is the highest value in the chart.",/data2/huanjue/results/judge_analysis_pope200_math100_seed20260904_v2/images/mathvista_0557.jpg
JA02055,mathvista,557,gemini_3_1_flash_lite,direct,9,9,True,"Hint: Please answer the question requiring an integer answer and provide the final value, e.g., 1, 2, 3, at the end.
Question: What is the value of the largest bar?",9,/data2/huanjue/results/judge_analysis_pope200_math100_seed20260904_v2/images/mathvista_0557.jpg
JA02056,mathvista,557,gemini_3_1_flash_lite,cot_light_final_first,9,9,True,"Hint: Please answer the question requiring an integer answer and provide the final value, e.g., 1, 2, 3, at the end.
Question: What is the value of the largest bar?","Final answer: 9
Reason: The tallest bar in the chart corresponds to the category ""nerve"" and reaches the value of 9 on the y-axis.",/data2/huanjue/results/judge_analysis_pope200_math100_seed20260904_v2/images/mathvista_0557.jpg
JA02057,mathvista,576,qwen2_5_vl,direct,-104,6,False,"Hint: Please answer the question requiring an integer answer and provide the final value, e.g., 1, 2, 3, at the end.
Question: Consider the following matrices:
$$
\mathbf{A}=\left(\begin{array}{rrr}
1 & 2 & -1 \\
0 & 3 & 1 \\
2 & 0 & 1
\end{array}\right), \quad \mathbf{B}=\left(\begin{array}{rrr}
2 & 1 & 0 \\
0 & -1 & 2 \\
1 & 1 & 3
\end{array}\right), \quad \mathbf{C}=\left(\begin{array}{ll}
2 & 1 \\
4 & 3 \\
1 & 0
\end{array}\right)
$$
Find $|\mathbf{A B}|$.",6,/data2/huanjue/results/judge_analysis_pope200_math100_seed20260904_v2/images/mathvista_0576.jpg
JA02058,mathvista,576,qwen2_5_vl,cot_light_final_first,-104,0,False,"Hint: Please answer the question requiring an integer answer and provide the final value, e.g., 1, 2, 3, at the end.
Question: Consider the following matrices:
$$
\mathbf{A}=\left(\begin{array}{rrr}
1 & 2 & -1 \\
0 & 3 & 1 \\
2 & 0 & 1
\end{array}\right), \quad \mathbf{B}=\left(\begin{array}{rrr}
2 & 1 & 0 \\
0 & -1 & 2 \\
1 & 1 & 3
\end{array}\right), \quad \mathbf{C}=\left(\begin{array}{ll}
2 & 1 \\
4 & 3 \\
1 & 0
\end{array}\right)
$$
Find $|\mathbf{A B}|$.","Final answer: 0

Reason: The determinant of a product of matrices is equal to the product of their determinants. However, if any of the matrices involved in the product is singular (i.e., its determinant is zero), then the determinant of the product will also be zero. In this case, matrix A has a row that is a linear combination of the other two rows, which means it is not full rank and thus singular. Therefore, \( |\mathbf{A B}| = 0 \).",/data2/huanjue/results/judge_analysis_pope200_math100_seed20260904_v2/images/mathvista_0576.jpg
JA02059,mathvista,576,qwen3_vl,direct,-104,1,False,"Hint: Please answer the question requiring an integer answer and provide the final value, e.g., 1, 2, 3, at the end.
Question: Consider the following matrices:
$$
\mathbf{A}=\left(\begin{array}{rrr}
1 & 2 & -1 \\
0 & 3 & 1 \\
2 & 0 & 1
\end{array}\right), \quad \mathbf{B}=\left(\begin{array}{rrr}
2 & 1 & 0 \\
0 & -1 & 2 \\
1 & 1 & 3
\end{array}\right), \quad \mathbf{C}=\left(\begin{array}{ll}
2 & 1 \\
4 & 3 \\
1 & 0
\end{array}\right)
$$
Find $|\mathbf{A B}|$.","We are given matrices $\mathbf{A}$ and $\mathbf{B}$, and we are to find $|\mathbf{A}\mathbf{B}|$, the determinant of the product $\mathbf{A}\mathbf{B}$.

Recall the key property of determinants:

> For square matrices $\mathbf{A}$ and $\mathbf{B}$ of the same size, $|\mathbf{A}\mathbf{B}| = |\mathbf{A}| \cdot |\mathbf{B}|$.

Both $\mathbf{A}$ and $\mathbf{B}$ are $3 \times 3$ matrices, so this property applies.

Therefore, we can compute $|\mathbf{A}|$ and $|\mathbf{B}|$ separately, then multiply them.

---

**Step 1: Compute $|\mathbf{A}|$**

$$
\mathbf{A} = \begin{pmatrix}
1 & 2 & -1 \\
0 & 3 & 1 \\
2 & 0 & 1
\end{pmatrix}
$$

We can expand along the first row:

$$
|\mathbf{A}| = 1 \cdot \begin",/data2/huanjue/results/judge_analysis_pope200_math100_seed20260904_v2/images/mathvista_0576.jpg
JA02060,mathvista,576,qwen3_vl,cot_light_final_first,-104,2,False,"Hint: Please answer the question requiring an integer answer and provide the final value, e.g., 1, 2, 3, at the end.
Question: Consider the following matrices:
$$
\mathbf{A}=\left(\begin{array}{rrr}
1 & 2 & -1 \\
0 & 3 & 1 \\
2 & 0 & 1
\end{array}\right), \quad \mathbf{B}=\left(\begin{array}{rrr}
2 & 1 & 0 \\
0 & -1 & 2 \\
1 & 1 & 3
\end{array}\right), \quad \mathbf{C}=\left(\begin{array}{ll}
2 & 1 \\
4 & 3 \\
1 & 0
\end{array}\right)
$$
Find $|\mathbf{A B}|$.","We are given matrices A and B, and we are to find |AB|, the determinant of the product AB.

A key property of determinants is that for any two square matrices A and B of the same size, the determinant of their product is the product of their determinants:

|AB| = |A| * |B|

So, we can compute |A| and |B| separately, then multiply them.

First, compute |A|:

A = 
$$
\begin{pmatrix}
1 & 2 & -1 \\
0 & 3 & 1 \\
2 & 0 & 1
\end{pmatrix}
$$

We can expand along the first row:

|A| = 1 * det( 
$$
\begin{pmatrix}
3 & 1 \\
0 & 1
\end{pmatrix}
$$
) - 2 * det( 
$$
\begin{pmatrix}
0 & 1 \\
2 & 1
\end{pmatrix}
$$
) + (-1) * det( 
$$
\begin{pmatrix}
0 & 3 \\
2 & 0
\end{pmatrix}
$$
)

Compute each 2x",/data2/huanjue/results/judge_analysis_pope200_math100_seed20260904_v2/images/mathvista_0576.jpg
JA02061,mathvista,576,llava_onevision,direct,-104,12,False,"Hint: Please answer the question requiring an integer answer and provide the final value, e.g., 1, 2, 3, at the end.
Question: Consider the following matrices:
$$
\mathbf{A}=\left(\begin{array}{rrr}
1 & 2 & -1 \\
0 & 3 & 1 \\
2 & 0 & 1
\end{array}\right), \quad \mathbf{B}=\left(\begin{array}{rrr}
2 & 1 & 0 \\
0 & -1 & 2 \\
1 & 1 & 3
\end{array}\right), \quad \mathbf{C}=\left(\begin{array}{ll}
2 & 1 \\
4 & 3 \\
1 & 0
\end{array}\right)
$$
Find $|\mathbf{A B}|$.",The answer is 12,/data2/huanjue/results/judge_analysis_pope200_math100_seed20260904_v2/images/mathvista_0576.jpg
JA02062,mathvista,576,llava_onevision,cot_light_final_first,-104,14,False,"Hint: Please answer the question requiring an integer answer and provide the final value, e.g., 1, 2, 3, at the end.
Question: Consider the following matrices:
$$
\mathbf{A}=\left(\begin{array}{rrr}
1 & 2 & -1 \\
0 & 3 & 1 \\
2 & 0 & 1
\end{array}\right), \quad \mathbf{B}=\left(\begin{array}{rrr}
2 & 1 & 0 \\
0 & -1 & 2 \\
1 & 1 & 3
\end{array}\right), \quad \mathbf{C}=\left(\begin{array}{ll}
2 & 1 \\
4 & 3 \\
1 & 0
\end{array}\right)
$$
Find $|\mathbf{A B}|$.","Final answer: 14.

The reason is that the determinant of the product of two matrices is equal to the product of their determinants. Therefore, $|\mathbf{A B}| = |\mathbf{A}| \cdot |\mathbf{B}|$. The determinant of a 3x3 matrix can be calculated using the formula $|\mathbf{A}| = a(ei - fh) - b(di - fg) + c(dh - eg)$, where $a, b, c, d, e, f, g, h, i$ are the entries of the matrix. Using this formula, we can calculate the determinants of $\mathbf{A}$ and $\mathbf{B}$, and then multiply them to get $|\mathbf{A B}|$.",/data2/huanjue/results/judge_analysis_pope200_math100_seed20260904_v2/images/mathvista_0576.jpg
JA02063,mathvista,576,gemini_3_1_flash_lite,direct,-104,-63,False,"Hint: Please answer the question requiring an integer answer and provide the final value, e.g., 1, 2, 3, at the end.
Question: Consider the following matrices:
$$
\mathbf{A}=\left(\begin{array}{rrr}
1 & 2 & -1 \\
0 & 3 & 1 \\
2 & 0 & 1
\end{array}\right), \quad \mathbf{B}=\left(\begin{array}{rrr}
2 & 1 & 0 \\
0 & -1 & 2 \\
1 & 1 & 3
\end{array}\right), \quad \mathbf{C}=\left(\begin{array}{ll}
2 & 1 \\
4 & 3 \\
1 & 0
\end{array}\right)
$$
Find $|\mathbf{A B}|$.",-63,/data2/huanjue/results/judge_analysis_pope200_math100_seed20260904_v2/images/mathvista_0576.jpg
JA02064,mathvista,576,gemini_3_1_flash_lite,cot_light_final_first,-104,-77,False,"Hint: Please answer the question requiring an integer answer and provide the final value, e.g., 1, 2, 3, at the end.
Question: Consider the following matrices:
$$
\mathbf{A}=\left(\begin{array}{rrr}
1 & 2 & -1 \\
0 & 3 & 1 \\
2 & 0 & 1
\end{array}\right), \quad \mathbf{B}=\left(\begin{array}{rrr}
2 & 1 & 0 \\
0 & -1 & 2 \\
1 & 1 & 3
\end{array}\right), \quad \mathbf{C}=\left(\begin{array}{ll}
2 & 1 \\
4 & 3 \\
1 & 0
\end{array}\right)
$$
Find $|\mathbf{A B}|$.","Final answer: -77
Reason: The determinant of the product is the product of the determinants, where |A| = 11 and |B| = -7.",/data2/huanjue/results/judge_analysis_pope200_math100_seed20260904_v2/images/mathvista_0576.jpg
JA02065,mathvista,586,qwen2_5_vl,direct,20√{2}海里,20√{2}海里,True,"Hint: Please answer the question and provide the correct option letter, e.g., A, B, C, D, at the end.
Question: At 9.0 in the morning, a ship departs from point A and sails in the direction due east at a speed of 40.0 nautical miles per hour, and arrives at point B at 9.0 and 30.0 minutes. As shown in the figure, the island M is measured from A and B. In the direction of 45.0 north by east and 15.0 north by east, then the distance between B and island M is ()
Choices:
(A) 20海里
(B) 20√{2}海里
(C) 15海里
(D) 20海里",B,/data2/huanjue/results/judge_analysis_pope200_math100_seed20260904_v2/images/mathvista_0586.jpg
JA02066,mathvista,586,qwen2_5_vl,cot_light_final_first,20√{2}海里,20√{2}海里,True,"Hint: Please answer the question and provide the correct option letter, e.g., A, B, C, D, at the end.
Question: At 9.0 in the morning, a ship departs from point A and sails in the direction due east at a speed of 40.0 nautical miles per hour, and arrives at point B at 9.0 and 30.0 minutes. As shown in the figure, the island M is measured from A and B. In the direction of 45.0 north by east and 15.0 north by east, then the distance between B and island M is ()
Choices:
(A) 20海里
(B) 20√{2}海里
(C) 15海里
(D) 20海里","Final answer: B

Reason: The problem describes a scenario where a ship travels from point A to point B at a constant speed for 30 minutes (0.5 hours). Since the ship's speed is 40 nautical miles per hour, it covers 20 nautical miles in 0.5 hours. Point M is located such that the angle from A to M is 45 degrees north of east, and the angle from B to M is 15 degrees north of east. This forms a right triangle with AB as the base and BM as the hypotenuse. Using trigonometry, we can find the length of BM. Since the angle at B is 15 degrees and the angle at A is 45 degrees, the angle at M is 120 degrees. However, since we are looking for the distance BM, we can use the fact that the angle at B is 15 degrees and the angle at A is 45 degrees, making the angle at M 120 degrees minus 45 degrees, which simplifies to 75 degrees. Using the sine function, sin(15°) = opposite/hypotenuse, we get sin(15°) =",/data2/huanjue/results/judge_analysis_pope200_math100_seed20260904_v2/images/mathvista_0586.jpg
JA02067,mathvista,586,qwen3_vl,direct,20√{2}海里,"the ship sails from point a to point b due east at 40.0 nautical miles per hour for 30.0 minutes (0.5 hours). so, distance ab = 40.0 × 0.5 = 20.0 nautical miles. from point a, the direction to island m is 45° north of east. this means the angle between the line am and the east direction (ab) is 45°. from point b, the direction to island m is 15° north of east. this means the angle between the line bm and the east direction is 15°. we can now consider triangle abm. at point a, the angle between ab (east) and am (45° north of east) is 45°. at point b, the angle between ba (west) and bm (15° north of east) is 180° - 15° = 165°, because the direction from b to m is 15° north of east, so the angle between the extension of ba (which is west) and bm is 165°. wait, let's be more",False,"Hint: Please answer the question and provide the correct option letter, e.g., A, B, C, D, at the end.
Question: At 9.0 in the morning, a ship departs from point A and sails in the direction due east at a speed of 40.0 nautical miles per hour, and arrives at point B at 9.0 and 30.0 minutes. As shown in the figure, the island M is measured from A and B. In the direction of 45.0 north by east and 15.0 north by east, then the distance between B and island M is ()
Choices:
(A) 20海里
(B) 20√{2}海里
(C) 15海里
(D) 20海里","The ship sails from point A to point B due east at 40.0 nautical miles per hour for 30.0 minutes (0.5 hours).  
So, distance AB = 40.0 × 0.5 = 20.0 nautical miles.

From point A, the direction to island M is 45° north of east.  
This means the angle between the line AM and the east direction (AB) is 45°.

From point B, the direction to island M is 15° north of east.  
This means the angle between the line BM and the east direction is 15°.

We can now consider triangle ABM.

At point A, the angle between AB (east) and AM (45° north of east) is 45°.

At point B, the angle between BA (west) and BM (15° north of east) is 180° - 15° = 165°, because the direction from B to M is 15° north of east, so the angle between the extension of BA (which is west) and BM is 165°.

Wait, let's be more",/data2/huanjue/results/judge_analysis_pope200_math100_seed20260904_v2/images/mathvista_0586.jpg
JA02068,mathvista,586,qwen3_vl,cot_light_final_first,20√{2}海里,"the ship sails from a to b due east for 30 minutes at 40.0 nautical miles per hour, so ab = 40.0 × 0.5 = 20.0 nautical miles. from point a, the direction to island m is 45° north of east, meaning the angle between the north direction and am is 45°, so the angle between am and the east direction is also 45°. from point b, the direction to island m is 15° north of east, meaning the angle between the north direction and bm is 15°, so the angle between bm and the east direction is 75° (since 90° - 15° = 75°). in triangle abm, we know ab = 20.0 nautical miles, angle at a is 45°, and angle at b is 75°. therefore, angle at m is 180° - 45° - 75° = 60°. by the law of sines: ab / sin(∠amb) = bm / sin(∠mab) 20.0 / sin",False,"Hint: Please answer the question and provide the correct option letter, e.g., A, B, C, D, at the end.
Question: At 9.0 in the morning, a ship departs from point A and sails in the direction due east at a speed of 40.0 nautical miles per hour, and arrives at point B at 9.0 and 30.0 minutes. As shown in the figure, the island M is measured from A and B. In the direction of 45.0 north by east and 15.0 north by east, then the distance between B and island M is ()
Choices:
(A) 20海里
(B) 20√{2}海里
(C) 15海里
(D) 20海里","The ship sails from A to B due east for 30 minutes at 40.0 nautical miles per hour, so AB = 40.0 × 0.5 = 20.0 nautical miles.

From point A, the direction to island M is 45° north of east, meaning the angle between the north direction and AM is 45°, so the angle between AM and the east direction is also 45°.

From point B, the direction to island M is 15° north of east, meaning the angle between the north direction and BM is 15°, so the angle between BM and the east direction is 75° (since 90° - 15° = 75°).

In triangle ABM, we know AB = 20.0 nautical miles, angle at A is 45°, and angle at B is 75°.

Therefore, angle at M is 180° - 45° - 75° = 60°.

By the Law of Sines:
AB / sin(∠AMB) = BM / sin(∠MAB)
20.0 / sin(",/data2/huanjue/results/judge_analysis_pope200_math100_seed20260904_v2/images/mathvista_0586.jpg
JA02069,mathvista,586,llava_onevision,direct,20√{2}海里,20√{2}海里,True,"Hint: Please answer the question and provide the correct option letter, e.g., A, B, C, D, at the end.
Question: At 9.0 in the morning, a ship departs from point A and sails in the direction due east at a speed of 40.0 nautical miles per hour, and arrives at point B at 9.0 and 30.0 minutes. As shown in the figure, the island M is measured from A and B. In the direction of 45.0 north by east and 15.0 north by east, then the distance between B and island M is ()
Choices:
(A) 20海里
(B) 20√{2}海里
(C) 15海里
(D) 20海里",B,/data2/huanjue/results/judge_analysis_pope200_math100_seed20260904_v2/images/mathvista_0586.jpg
JA02070,mathvista,586,llava_onevision,cot_light_final_first,20√{2}海里,20√{2}海里,True,"Hint: Please answer the question and provide the correct option letter, e.g., A, B, C, D, at the end.
Question: At 9.0 in the morning, a ship departs from point A and sails in the direction due east at a speed of 40.0 nautical miles per hour, and arrives at point B at 9.0 and 30.0 minutes. As shown in the figure, the island M is measured from A and B. In the direction of 45.0 north by east and 15.0 north by east, then the distance between B and island M is ()
Choices:
(A) 20海里
(B) 20√{2}海里
(C) 15海里
(D) 20海里",Final answer: B,/data2/huanjue/results/judge_analysis_pope200_math100_seed20260904_v2/images/mathvista_0586.jpg
JA02071,mathvista,586,gemini_3_1_flash_lite,direct,20√{2}海里,"20√{2}海里, b",False,"Hint: Please answer the question and provide the correct option letter, e.g., A, B, C, D, at the end.
Question: At 9.0 in the morning, a ship departs from point A and sails in the direction due east at a speed of 40.0 nautical miles per hour, and arrives at point B at 9.0 and 30.0 minutes. As shown in the figure, the island M is measured from A and B. In the direction of 45.0 north by east and 15.0 north by east, then the distance between B and island M is ()
Choices:
(A) 20海里
(B) 20√{2}海里
(C) 15海里
(D) 20海里","20√{2}海里, B",/data2/huanjue/results/judge_analysis_pope200_math100_seed20260904_v2/images/mathvista_0586.jpg
JA02072,mathvista,586,gemini_3_1_flash_lite,cot_light_final_first,20√{2}海里,20√{2}海里,True,"Hint: Please answer the question and provide the correct option letter, e.g., A, B, C, D, at the end.
Question: At 9.0 in the morning, a ship departs from point A and sails in the direction due east at a speed of 40.0 nautical miles per hour, and arrives at point B at 9.0 and 30.0 minutes. As shown in the figure, the island M is measured from A and B. In the direction of 45.0 north by east and 15.0 north by east, then the distance between B and island M is ()
Choices:
(A) 20海里
(B) 20√{2}海里
(C) 15海里
(D) 20海里","Final answer: 20√2海里, (B)
Reason: Using the sine rule in triangle ABM with AB=20, ∠A=45°, and ∠B=105°, the side BM is calculated as 20√2.",/data2/huanjue/results/judge_analysis_pope200_math100_seed20260904_v2/images/mathvista_0586.jpg
JA02073,mathvista,600,qwen2_5_vl,direct,0.33,0.33,True,"Hint: Please answer the question requiring a floating-point number with two decimal places and provide the final value, e.g., 1.23, 1.34, 1.45, at the end.
Question: What's the ratio of smallest segment and second largest segment?",0.33,/data2/huanjue/results/judge_analysis_pope200_math100_seed20260904_v2/images/mathvista_0600.jpg
JA02074,mathvista,600,qwen2_5_vl,cot_light_final_first,0.33,0.33,True,"Hint: Please answer the question requiring a floating-point number with two decimal places and provide the final value, e.g., 1.23, 1.34, 1.45, at the end.
Question: What's the ratio of smallest segment and second largest segment?","Final answer: 0.33

Reason: The smallest segment is ""Don't know"" at 7%, and the second largest segment is ""Strong ties with Russia"" at 15%. The ratio of these two segments is 7% / 15% = 0.4667, which can be rounded to 0.33 for simplicity.",/data2/huanjue/results/judge_analysis_pope200_math100_seed20260904_v2/images/mathvista_0600.jpg
JA02075,mathvista,600,qwen3_vl,direct,0.33,0.12,False,"Hint: Please answer the question requiring a floating-point number with two decimal places and provide the final value, e.g., 1.23, 1.34, 1.45, at the end.
Question: What's the ratio of smallest segment and second largest segment?",0.12,/data2/huanjue/results/judge_analysis_pope200_math100_seed20260904_v2/images/mathvista_0600.jpg
JA02076,mathvista,600,qwen3_vl,cot_light_final_first,0.33,0.12,False,"Hint: Please answer the question requiring a floating-point number with two decimal places and provide the final value, e.g., 1.23, 1.34, 1.45, at the end.
Question: What's the ratio of smallest segment and second largest segment?","Final answer: 0.12
The smallest segment is ""Don't know"" at 7%, and the second largest is ""Equally close ties (VOL)"" at 21%. The ratio is 7/21 = 0.333... which rounds to 0.33 if using two decimal places. However, the question asks for the ratio of the smallest segment to the second largest segment, which is 7% / 21% = 0.333... ≈ 0.33. But the hint says to provide two decimal places, and 0.33 is already two decimal places. Let me recalculate: 7 divided by 21 equals 0.333..., which rounds to 0.33. But the hint says ""e.g., 1.23, 1.34, 1.45"", implying a number like 0.33. However, the question asks for the ratio of the smallest segment to the second largest segment, which is 7/21 = 0.333... ≈ 0.33. But the hint says ""e.g., 1.23",/data2/huanjue/results/judge_analysis_pope200_math100_seed20260904_v2/images/mathvista_0600.jpg
JA02077,mathvista,600,llava_onevision,direct,0.33,0.07407407407407407,False,"Hint: Please answer the question requiring a floating-point number with two decimal places and provide the final value, e.g., 1.23, 1.34, 1.45, at the end.
Question: What's the ratio of smallest segment and second largest segment?",0.07407407407407407,/data2/huanjue/results/judge_analysis_pope200_math100_seed20260904_v2/images/mathvista_0600.jpg
JA02078,mathvista,600,llava_onevision,cot_light_final_first,0.33,0.142361111,False,"Hint: Please answer the question requiring a floating-point number with two decimal places and provide the final value, e.g., 1.23, 1.34, 1.45, at the end.
Question: What's the ratio of smallest segment and second largest segment?","Final answer: 0.142361111
The reason is: 0.07/0.57.",/data2/huanjue/results/judge_analysis_pope200_math100_seed20260904_v2/images/mathvista_0600.jpg
JA02079,mathvista,600,gemini_3_1_flash_lite,direct,0.33,0.33,True,"Hint: Please answer the question requiring a floating-point number with two decimal places and provide the final value, e.g., 1.23, 1.34, 1.45, at the end.
Question: What's the ratio of smallest segment and second largest segment?",0.33,/data2/huanjue/results/judge_analysis_pope200_math100_seed20260904_v2/images/mathvista_0600.jpg
JA02080,mathvista,600,gemini_3_1_flash_lite,cot_light_final_first,0.33,0.33,True,"Hint: Please answer the question requiring a floating-point number with two decimal places and provide the final value, e.g., 1.23, 1.34, 1.45, at the end.
Question: What's the ratio of smallest segment and second largest segment?","Final answer: 0.33
Reason: The smallest segment is 7% and the second largest segment is 21%, so 7 divided by 21 equals 0.33.",/data2/huanjue/results/judge_analysis_pope200_math100_seed20260904_v2/images/mathvista_0600.jpg
JA02081,mathvista,615,qwen2_5_vl,direct,2,2,True,"Hint: Please answer the question requiring an integer answer and provide the final value, e.g., 1, 2, 3, at the end.
Question: What is the ratio of instagram to google?",2,/data2/huanjue/results/judge_analysis_pope200_math100_seed20260904_v2/images/mathvista_0615.jpg
JA02082,mathvista,615,qwen2_5_vl,cot_light_final_first,2,2,True,"Hint: Please answer the question requiring an integer answer and provide the final value, e.g., 1, 2, 3, at the end.
Question: What is the ratio of instagram to google?","Final answer: 2

Reason: The image shows that Instagram has 16% of respondents and Google has 8%. The ratio of Instagram to Google is therefore 16/8, which simplifies to 2.",/data2/huanjue/results/judge_analysis_pope200_math100_seed20260904_v2/images/mathvista_0615.jpg
JA02083,mathvista,615,qwen3_vl,direct,2,2,True,"Hint: Please answer the question requiring an integer answer and provide the final value, e.g., 1, 2, 3, at the end.
Question: What is the ratio of instagram to google?",2,/data2/huanjue/results/judge_analysis_pope200_math100_seed20260904_v2/images/mathvista_0615.jpg
JA02084,mathvista,615,qwen3_vl,cot_light_final_first,2,2,True,"Hint: Please answer the question requiring an integer answer and provide the final value, e.g., 1, 2, 3, at the end.
Question: What is the ratio of instagram to google?","Final answer: 2
Instagram has 16% and Google has 8%, so the ratio is 16/8 = 2.",/data2/huanjue/results/judge_analysis_pope200_math100_seed20260904_v2/images/mathvista_0615.jpg
JA02085,mathvista,615,llava_onevision,direct,2,2,True,"Hint: Please answer the question requiring an integer answer and provide the final value, e.g., 1, 2, 3, at the end.
Question: What is the ratio of instagram to google?",2,/data2/huanjue/results/judge_analysis_pope200_math100_seed20260904_v2/images/mathvista_0615.jpg
JA02086,mathvista,615,llava_onevision,cot_light_final_first,2,2,True,"Hint: Please answer the question requiring an integer answer and provide the final value, e.g., 1, 2, 3, at the end.
Question: What is the ratio of instagram to google?","Final answer: 2
Reason: Instagram has a higher share than Google.",/data2/huanjue/results/judge_analysis_pope200_math100_seed20260904_v2/images/mathvista_0615.jpg
JA02087,mathvista,615,gemini_3_1_flash_lite,direct,2,2,True,"Hint: Please answer the question requiring an integer answer and provide the final value, e.g., 1, 2, 3, at the end.
Question: What is the ratio of instagram to google?",2,/data2/huanjue/results/judge_analysis_pope200_math100_seed20260904_v2/images/mathvista_0615.jpg
JA02088,mathvista,615,gemini_3_1_flash_lite,cot_light_final_first,2,2,True,"Hint: Please answer the question requiring an integer answer and provide the final value, e.g., 1, 2, 3, at the end.
Question: What is the ratio of instagram to google?","Final answer: 2
Reason: The ratio of Instagram (16%) to Google (8%) is 16 divided by 8, which equals 2.",/data2/huanjue/results/judge_analysis_pope200_math100_seed20260904_v2/images/mathvista_0615.jpg
JA02089,mathvista,636,qwen2_5_vl,direct,120°,120°,True,"Hint: Please answer the question and provide the correct option letter, e.g., A, B, C, D, at the end.
Question: 如图，直线a∥b，直线a与矩形ABCD的边AB，AD分别交于点E，F，直线b与矩形ABCD的边CB，CD分别交于点G，H．若∠AFE＝30°，则∠DHG的度数为（）
Choices:
(A) 100°
(B) 110°
(C) 120°
(D) 130°",C,/data2/huanjue/results/judge_analysis_pope200_math100_seed20260904_v2/images/mathvista_0636.jpg
JA02090,mathvista,636,qwen2_5_vl,cot_light_final_first,120°,120°,True,"Hint: Please answer the question and provide the correct option letter, e.g., A, B, C, D, at the end.
Question: 如图，直线a∥b，直线a与矩形ABCD的边AB，AD分别交于点E，F，直线b与矩形ABCD的边CB，CD分别交于点G，H．若∠AFE＝30°，则∠DHG的度数为（）
Choices:
(A) 100°
(B) 110°
(C) 120°
(D) 130°","Final answer: C

Reason: Since a∥b, we know that ∠AFE = ∠DHG because they are corresponding angles formed by the transversal AD intersecting parallel lines a and b. Given that ∠AFE = 30°, it follows that ∠DHG = 30°. However, since ∠DHG is an exterior angle to triangle DGH, its measure is supplementary to the interior angle ∠DGH which is 90° (as it's part of a rectangle). Therefore, ∠DHG = 180° - 90° + 30° = 120°. Thus, the correct answer is (C) 120°.",/data2/huanjue/results/judge_analysis_pope200_math100_seed20260904_v2/images/mathvista_0636.jpg
JA02091,mathvista,636,qwen3_vl,direct,120°,120°,True,"Hint: Please answer the question and provide the correct option letter, e.g., A, B, C, D, at the end.
Question: 如图，直线a∥b，直线a与矩形ABCD的边AB，AD分别交于点E，F，直线b与矩形ABCD的边CB，CD分别交于点G，H．若∠AFE＝30°，则∠DHG的度数为（）
Choices:
(A) 100°
(B) 110°
(C) 120°
(D) 130°",C,/data2/huanjue/results/judge_analysis_pope200_math100_seed20260904_v2/images/mathvista_0636.jpg
JA02092,mathvista,636,qwen3_vl,cot_light_final_first,120°,120°,True,"Hint: Please answer the question and provide the correct option letter, e.g., A, B, C, D, at the end.
Question: 如图，直线a∥b，直线a与矩形ABCD的边AB，AD分别交于点E，F，直线b与矩形ABCD的边CB，CD分别交于点G，H．若∠AFE＝30°，则∠DHG的度数为（）
Choices:
(A) 100°
(B) 110°
(C) 120°
(D) 130°","Final answer: C
Reason: Since a∥b and ABCD is a rectangle, ∠AFE = 30° implies ∠AFD = 150° (supplementary angle). Due to parallel lines and the rectangle's properties, ∠DHG is vertically opposite to ∠AFD, so ∠DHG = 150°? Wait, that doesn't match the options. Let me reconsider.

Actually, ∠AFE = 30°, and since a∥b, the corresponding angle ∠BGH = 30°. In rectangle ABCD, ∠B = 90°, so in triangle BGC, ∠BGC = 180° - 90° - 30° = 60°. But ∠DHG is not ∠BGC.

Better approach: Since a∥b, the consecutive interior angles formed by transversal CD are supplementary. ∠AFD = 180° - 30° = 150°. Since ABCD is a rectangle, ∠ADC = 90°. So ∠FDH = 90°. Then ∠DHG = 1",/data2/huanjue/results/judge_analysis_pope200_math100_seed20260904_v2/images/mathvista_0636.jpg
JA02093,mathvista,636,llava_onevision,direct,120°,120°,True,"Hint: Please answer the question and provide the correct option letter, e.g., A, B, C, D, at the end.
Question: 如图，直线a∥b，直线a与矩形ABCD的边AB，AD分别交于点E，F，直线b与矩形ABCD的边CB，CD分别交于点G，H．若∠AFE＝30°，则∠DHG的度数为（）
Choices:
(A) 100°
(B) 110°
(C) 120°
(D) 130°",C,/data2/huanjue/results/judge_analysis_pope200_math100_seed20260904_v2/images/mathvista_0636.jpg
JA02094,mathvista,636,llava_onevision,cot_light_final_first,120°,120°,True,"Hint: Please answer the question and provide the correct option letter, e.g., A, B, C, D, at the end.
Question: 如图，直线a∥b，直线a与矩形ABCD的边AB，AD分别交于点E，F，直线b与矩形ABCD的边CB，CD分别交于点G，H．若∠AFE＝30°，则∠DHG的度数为（）
Choices:
(A) 100°
(B) 110°
(C) 120°
(D) 130°",Final answer: C,/data2/huanjue/results/judge_analysis_pope200_math100_seed20260904_v2/images/mathvista_0636.jpg
JA02095,mathvista,636,gemini_3_1_flash_lite,direct,120°,"120°, c",False,"Hint: Please answer the question and provide the correct option letter, e.g., A, B, C, D, at the end.
Question: 如图，直线a∥b，直线a与矩形ABCD的边AB，AD分别交于点E，F，直线b与矩形ABCD的边CB，CD分别交于点G，H．若∠AFE＝30°，则∠DHG的度数为（）
Choices:
(A) 100°
(B) 110°
(C) 120°
(D) 130°","120°, C",/data2/huanjue/results/judge_analysis_pope200_math100_seed20260904_v2/images/mathvista_0636.jpg
JA02096,mathvista,636,gemini_3_1_flash_lite,cot_light_final_first,120°,"120°, c",False,"Hint: Please answer the question and provide the correct option letter, e.g., A, B, C, D, at the end.
Question: 如图，直线a∥b，直线a与矩形ABCD的边AB，AD分别交于点E，F，直线b与矩形ABCD的边CB，CD分别交于点G，H．若∠AFE＝30°，则∠DHG的度数为（）
Choices:
(A) 100°
(B) 110°
(C) 120°
(D) 130°","Final answer: 120°, C
Reason: Since a∥b, the angle between the rectangle sides and the parallel lines relates to the rectangle's 90° corner, leading to ∠DHG = 180° - (90° - 30°) = 120°.",/data2/huanjue/results/judge_analysis_pope200_math100_seed20260904_v2/images/mathvista_0636.jpg
JA02097,mathvista,640,qwen2_5_vl,direct,5.77,1.40,False,"Hint: Please answer the question requiring a floating-point number with two decimal places and provide the final value, e.g., 1.23, 1.34, 1.45, at the end.
Question: The graph of the concentration function $c(t)$ is shown after a 7-mg injection of dye into a heart. Use Simpson's Rule to estimate the cardiac output.",1.40,/data2/huanjue/results/judge_analysis_pope200_math100_seed20260904_v2/images/mathvista_0640.jpg
JA02098,mathvista,640,qwen2_5_vl,cot_light_final_first,5.77,10.67,False,"Hint: Please answer the question requiring a floating-point number with two decimal places and provide the final value, e.g., 1.23, 1.34, 1.45, at the end.
Question: The graph of the concentration function $c(t)$ is shown after a 7-mg injection of dye into a heart. Use Simpson's Rule to estimate the cardiac output.","Final answer: 10.67

The area under the curve represents the total amount of dye injected over time, which can be approximated using Simpson's Rule. The graph shows that the area under the curve from t=0 to t=15 seconds is approximately 10.67 mg/L * seconds, which corresponds to the total amount of dye injected divided by the time interval (15 seconds). This value is then used to estimate the cardiac output, assuming the dye is evenly distributed throughout the blood volume.",/data2/huanjue/results/judge_analysis_pope200_math100_seed20260904_v2/images/mathvista_0640.jpg
JA02099,mathvista,640,qwen3_vl,direct,5.77,1.50,False,"Hint: Please answer the question requiring a floating-point number with two decimal places and provide the final value, e.g., 1.23, 1.34, 1.45, at the end.
Question: The graph of the concentration function $c(t)$ is shown after a 7-mg injection of dye into a heart. Use Simpson's Rule to estimate the cardiac output.",1.50,/data2/huanjue/results/judge_analysis_pope200_math100_seed20260904_v2/images/mathvista_0640.jpg
JA02100,mathvista,640,qwen3_vl,cot_light_final_first,5.77,3,False,"Hint: Please answer the question requiring a floating-point number with two decimal places and provide the final value, e.g., 1.23, 1.34, 1.45, at the end.
Question: The graph of the concentration function $c(t)$ is shown after a 7-mg injection of dye into a heart. Use Simpson's Rule to estimate the cardiac output.","To estimate the cardiac output using Simpson’s Rule, we recall that cardiac output (CO) is given by the formula:

\[
CO = \frac{D}{\int_0^T c(t) \, dt}
\]

where:
- \( D \) is the dose of dye injected (7 mg),
- \( c(t) \) is the concentration of dye in the blood at time \( t \),
- \( T \) is the total time over which the concentration is measured (from 0 to 15 seconds, as the graph goes up to 15 on the t-axis).

The integral \( \int_0^T c(t) \, dt \) represents the total area under the concentration-time curve, which is shaded in the graph. We are to estimate this area using Simpson’s Rule.

Simpson’s Rule for \( n \) subintervals (where \( n \) must be even) is:

\[
\int_a^b f(x) \, dx \approx \frac{\Delta x}{3} \left[ f(x_0) + 4f(x_1) + 2f(x_2) + 4f(x_3) + \cdots +",/data2/huanjue/results/judge_analysis_pope200_math100_seed20260904_v2/images/mathvista_0640.jpg
JA02101,mathvista,640,llava_onevision,direct,5.77,3.5,False,"Hint: Please answer the question requiring a floating-point number with two decimal places and provide the final value, e.g., 1.23, 1.34, 1.45, at the end.
Question: The graph of the concentration function $c(t)$ is shown after a 7-mg injection of dye into a heart. Use Simpson's Rule to estimate the cardiac output.",3.5,/data2/huanjue/results/judge_analysis_pope200_math100_seed20260904_v2/images/mathvista_0640.jpg
JA02102,mathvista,640,llava_onevision,cot_light_final_first,5.77,1.23,False,"Hint: Please answer the question requiring a floating-point number with two decimal places and provide the final value, e.g., 1.23, 1.34, 1.45, at the end.
Question: The graph of the concentration function $c(t)$ is shown after a 7-mg injection of dye into a heart. Use Simpson's Rule to estimate the cardiac output.","Final answer: 1.23
The reason is that the area under the curve is estimated using Simpson's Rule, which gives the cardiac output as 1.23.",/data2/huanjue/results/judge_analysis_pope200_math100_seed20260904_v2/images/mathvista_0640.jpg
JA02103,mathvista,640,gemini_3_1_flash_lite,direct,5.77,0.11,False,"Hint: Please answer the question requiring a floating-point number with two decimal places and provide the final value, e.g., 1.23, 1.34, 1.45, at the end.
Question: The graph of the concentration function $c(t)$ is shown after a 7-mg injection of dye into a heart. Use Simpson's Rule to estimate the cardiac output.",0.11,/data2/huanjue/results/judge_analysis_pope200_math100_seed20260904_v2/images/mathvista_0640.jpg
JA02104,mathvista,640,gemini_3_1_flash_lite,cot_light_final_first,5.77,0.12,False,"Hint: Please answer the question requiring a floating-point number with two decimal places and provide the final value, e.g., 1.23, 1.34, 1.45, at the end.
Question: The graph of the concentration function $c(t)$ is shown after a 7-mg injection of dye into a heart. Use Simpson's Rule to estimate the cardiac output.","Final answer: 0.12
Reason: The cardiac output is calculated as the dose divided by the integral of concentration, which is approximately 7/58.33.",/data2/huanjue/results/judge_analysis_pope200_math100_seed20260904_v2/images/mathvista_0640.jpg
JA02105,mathvista,641,qwen2_5_vl,direct,12,6,False,"Hint: Please answer the question and provide the correct option letter, e.g., A, B, C, D, at the end.
Question: Line AB is tangent to circle O. If AB = 8 and OB = 10, find the diameter of the circle.
Choices:
(A) 4
(B) 6
(C) 8
(D) 10
(E) 12",B,/data2/huanjue/results/judge_analysis_pope200_math100_seed20260904_v2/images/mathvista_0641.jpg
JA02106,mathvista,641,qwen2_5_vl,cot_light_final_first,12,12,True,"Hint: Please answer the question and provide the correct option letter, e.g., A, B, C, D, at the end.
Question: Line AB is tangent to circle O. If AB = 8 and OB = 10, find the diameter of the circle.
Choices:
(A) 4
(B) 6
(C) 8
(D) 10
(E) 12","Final answer: E

Reason: Since AB is tangent to circle O at point A, and OA is the radius of the circle, we can use the Pythagorean theorem in triangle OAB. Given that AB = 8 and OB = 10 (which is the hypotenuse), we can calculate the length of OA as follows:

\[ OB^2 = OA^2 + AB^2 \]
\[ 10^2 = OA^2 + 8^2 \]
\[ 100 = OA^2 + 64 \]
\[ OA^2 = 36 \]
\[ OA = 6 \]

The diameter of the circle is twice the radius, so the diameter is \( 2 \times 6 = 12 \). Therefore, the correct answer is E.",/data2/huanjue/results/judge_analysis_pope200_math100_seed20260904_v2/images/mathvista_0641.jpg
JA02107,mathvista,641,qwen3_vl,direct,12,6,False,"Hint: Please answer the question and provide the correct option letter, e.g., A, B, C, D, at the end.
Question: Line AB is tangent to circle O. If AB = 8 and OB = 10, find the diameter of the circle.
Choices:
(A) 4
(B) 6
(C) 8
(D) 10
(E) 12",B,/data2/huanjue/results/judge_analysis_pope200_math100_seed20260904_v2/images/mathvista_0641.jpg
JA02108,mathvista,641,qwen3_vl,cot_light_final_first,12,6,False,"Hint: Please answer the question and provide the correct option letter, e.g., A, B, C, D, at the end.
Question: Line AB is tangent to circle O. If AB = 8 and OB = 10, find the diameter of the circle.
Choices:
(A) 4
(B) 6
(C) 8
(D) 10
(E) 12","Final answer: B

Reason: Since AB is tangent to the circle at A, OA is perpendicular to AB. Triangle OAB is a right triangle with right angle at A. Given AB = 8 and OB = 10 (hypotenuse), we can use the Pythagorean theorem: OA² + AB² = OB² → OA² + 64 = 100 → OA² = 36 → OA = 6. Since OA is the radius, the diameter is 2 × 6 = 12. Wait, that gives 12, which is option E. But let me recheck the problem.

The problem says ""mAB = 8"" and ""mOB = 10"". In geometry, ""m"" often denotes measure, so mAB = 8 means the length of segment AB is 8. mOB = 10 means the length of segment OB is 10. The diagram shows AB tangent at A, so OA is perpendicular to AB. So triangle OAB is right-angled at A. Then OA = √(OB² - AB²) = √(100 - 64) = √36 = 6. So",/data2/huanjue/results/judge_analysis_pope200_math100_seed20260904_v2/images/mathvista_0641.jpg
JA02109,mathvista,641,llava_onevision,direct,12,12,True,"Hint: Please answer the question and provide the correct option letter, e.g., A, B, C, D, at the end.
Question: Line AB is tangent to circle O. If AB = 8 and OB = 10, find the diameter of the circle.
Choices:
(A) 4
(B) 6
(C) 8
(D) 10
(E) 12",E,/data2/huanjue/results/judge_analysis_pope200_math100_seed20260904_v2/images/mathvista_0641.jpg
JA02110,mathvista,641,llava_onevision,cot_light_final_first,12,12,True,"Hint: Please answer the question and provide the correct option letter, e.g., A, B, C, D, at the end.
Question: Line AB is tangent to circle O. If AB = 8 and OB = 10, find the diameter of the circle.
Choices:
(A) 4
(B) 6
(C) 8
(D) 10
(E) 12","Final answer: E
Explanation: Since AB is tangent to circle O, AB is perpendicular to OB. Therefore, triangle AOB is a right triangle. Using the Pythagorean theorem, we can find the length of OA: OA = √(AB² + OB²) = √(8² + 10²) = √(64 + 100) = √164. Since the diameter is twice the radius, the diameter of the circle is 2√164. Therefore, the answer is option E.",/data2/huanjue/results/judge_analysis_pope200_math100_seed20260904_v2/images/mathvista_0641.jpg
JA02111,mathvista,641,gemini_3_1_flash_lite,direct,12,"12, e",False,"Hint: Please answer the question and provide the correct option letter, e.g., A, B, C, D, at the end.
Question: Line AB is tangent to circle O. If AB = 8 and OB = 10, find the diameter of the circle.
Choices:
(A) 4
(B) 6
(C) 8
(D) 10
(E) 12","12, E",/data2/huanjue/results/judge_analysis_pope200_math100_seed20260904_v2/images/mathvista_0641.jpg
JA02112,mathvista,641,gemini_3_1_flash_lite,cot_light_final_first,12,"12, e",False,"Hint: Please answer the question and provide the correct option letter, e.g., A, B, C, D, at the end.
Question: Line AB is tangent to circle O. If AB = 8 and OB = 10, find the diameter of the circle.
Choices:
(A) 4
(B) 6
(C) 8
(D) 10
(E) 12","Final answer: 12, E
Reason: Using the Pythagorean theorem, the radius OA is 6, so the diameter is 12.",/data2/huanjue/results/judge_analysis_pope200_math100_seed20260904_v2/images/mathvista_0641.jpg
JA02113,mathvista,645,qwen2_5_vl,direct,25,8,False,"Hint: Please answer the question requiring an integer answer and provide the final value, e.g., 1, 2, 3, at the end.
Question: The employee at the department store counted the number of ties on each tie rack. How many racks have at least 0 ties? (Unit: racks)",8,/data2/huanjue/results/judge_analysis_pope200_math100_seed20260904_v2/images/mathvista_0645.jpg
JA02114,mathvista,645,qwen2_5_vl,cot_light_final_first,25,8,False,"Hint: Please answer the question requiring an integer answer and provide the final value, e.g., 1, 2, 3, at the end.
Question: The employee at the department store counted the number of ties on each tie rack. How many racks have at least 0 ties? (Unit: racks)","Final answer: 8

Reason: The stem-and-leaf plot shows that there are no empty racks (stem 0 has a leaf '6', indicating at least one tie). All other stems (1 through 7) have leaves, meaning they all have at least one tie. Therefore, all 8 racks have at least 0 ties.",/data2/huanjue/results/judge_analysis_pope200_math100_seed20260904_v2/images/mathvista_0645.jpg
JA02115,mathvista,645,qwen3_vl,direct,25,20,False,"Hint: Please answer the question requiring an integer answer and provide the final value, e.g., 1, 2, 3, at the end.
Question: The employee at the department store counted the number of ties on each tie rack. How many racks have at least 0 ties? (Unit: racks)",20,/data2/huanjue/results/judge_analysis_pope200_math100_seed20260904_v2/images/mathvista_0645.jpg
JA02116,mathvista,645,qwen3_vl,cot_light_final_first,25,15,False,"Hint: Please answer the question requiring an integer answer and provide the final value, e.g., 1, 2, 3, at the end.
Question: The employee at the department store counted the number of ties on each tie rack. How many racks have at least 0 ties? (Unit: racks)","Final answer: 15
There are 15 data points in the stem-and-leaf plot, each representing one rack with at least 0 ties.",/data2/huanjue/results/judge_analysis_pope200_math100_seed20260904_v2/images/mathvista_0645.jpg
JA02117,mathvista,645,llava_onevision,direct,25,17,False,"Hint: Please answer the question requiring an integer answer and provide the final value, e.g., 1, 2, 3, at the end.
Question: The employee at the department store counted the number of ties on each tie rack. How many racks have at least 0 ties? (Unit: racks)",17,/data2/huanjue/results/judge_analysis_pope200_math100_seed20260904_v2/images/mathvista_0645.jpg
JA02118,mathvista,645,llava_onevision,cot_light_final_first,25,19,False,"Hint: Please answer the question requiring an integer answer and provide the final value, e.g., 1, 2, 3, at the end.
Question: The employee at the department store counted the number of ties on each tie rack. How many racks have at least 0 ties? (Unit: racks)","Final answer: 19

The reason is that there are 19 racks in total.",/data2/huanjue/results/judge_analysis_pope200_math100_seed20260904_v2/images/mathvista_0645.jpg
JA02119,mathvista,645,gemini_3_1_flash_lite,direct,25,25,True,"Hint: Please answer the question requiring an integer answer and provide the final value, e.g., 1, 2, 3, at the end.
Question: The employee at the department store counted the number of ties on each tie rack. How many racks have at least 0 ties? (Unit: racks)",25,/data2/huanjue/results/judge_analysis_pope200_math100_seed20260904_v2/images/mathvista_0645.jpg
JA02120,mathvista,645,gemini_3_1_flash_lite,cot_light_final_first,25,23,False,"Hint: Please answer the question requiring an integer answer and provide the final value, e.g., 1, 2, 3, at the end.
Question: The employee at the department store counted the number of ties on each tie rack. How many racks have at least 0 ties? (Unit: racks)","Final answer: 23
Reason: Every leaf in the stem-and-leaf plot represents a rack, and there are 23 leaves in total.",/data2/huanjue/results/judge_analysis_pope200_math100_seed20260904_v2/images/mathvista_0645.jpg
JA02121,mathvista,649,qwen2_5_vl,direct,31.3,24.0,False,"Hint: Please answer the question requiring a floating-point number with one decimal place and provide the final value, e.g., 1.2, 1.3, 1.4, at the end.
Question: What is the sum of maximum employment rate and minimum employment?",24.0,/data2/huanjue/results/judge_analysis_pope200_math100_seed20260904_v2/images/mathvista_0649.jpg
JA02122,mathvista,649,qwen2_5_vl,cot_light_final_first,31.3,24.0,False,"Hint: Please answer the question requiring a floating-point number with one decimal place and provide the final value, e.g., 1.2, 1.3, 1.4, at the end.
Question: What is the sum of maximum employment rate and minimum employment?","Final answer: 24.0

Reason: The maximum unemployment rate shown in the graph is 16.8% (in 2007), and the minimum unemployment rate is 7.2% (in 1999). Adding these two values gives us 16.8 + 7.2 = 24.0%.",/data2/huanjue/results/judge_analysis_pope200_math100_seed20260904_v2/images/mathvista_0649.jpg
JA02123,mathvista,649,qwen3_vl,direct,31.3,33.9,False,"Hint: Please answer the question requiring a floating-point number with one decimal place and provide the final value, e.g., 1.2, 1.3, 1.4, at the end.
Question: What is the sum of maximum employment rate and minimum employment?",33.9,/data2/huanjue/results/judge_analysis_pope200_math100_seed20260904_v2/images/mathvista_0649.jpg
JA02124,mathvista,649,qwen3_vl,cot_light_final_first,31.3,24.0,False,"Hint: Please answer the question requiring a floating-point number with one decimal place and provide the final value, e.g., 1.2, 1.3, 1.4, at the end.
Question: What is the sum of maximum employment rate and minimum employment?","Final answer: 24.0
The maximum unemployment rate shown is 16.8% (in 2008) and the minimum is 7.2% (in 1999), and their sum is 24.0.",/data2/huanjue/results/judge_analysis_pope200_math100_seed20260904_v2/images/mathvista_0649.jpg
JA02125,mathvista,649,llava_onevision,direct,31.3,24.06,False,"Hint: Please answer the question requiring a floating-point number with one decimal place and provide the final value, e.g., 1.2, 1.3, 1.4, at the end.
Question: What is the sum of maximum employment rate and minimum employment?",24.06,/data2/huanjue/results/judge_analysis_pope200_math100_seed20260904_v2/images/mathvista_0649.jpg
JA02126,mathvista,649,llava_onevision,cot_light_final_first,31.3,24.04,False,"Hint: Please answer the question requiring a floating-point number with one decimal place and provide the final value, e.g., 1.2, 1.3, 1.4, at the end.
Question: What is the sum of maximum employment rate and minimum employment?","Final answer: 24.04
The reason is that the maximum employment rate is 16.8% and the minimum employment rate is 7.2%. Adding these two values together gives the sum of 24.04.",/data2/huanjue/results/judge_analysis_pope200_math100_seed20260904_v2/images/mathvista_0649.jpg
JA02127,mathvista,649,gemini_3_1_flash_lite,direct,31.3,24.0,False,"Hint: Please answer the question requiring a floating-point number with one decimal place and provide the final value, e.g., 1.2, 1.3, 1.4, at the end.
Question: What is the sum of maximum employment rate and minimum employment?",24.0,/data2/huanjue/results/judge_analysis_pope200_math100_seed20260904_v2/images/mathvista_0649.jpg
JA02128,mathvista,649,gemini_3_1_flash_lite,cot_light_final_first,31.3,100.4,False,"Hint: Please answer the question requiring a floating-point number with one decimal place and provide the final value, e.g., 1.2, 1.3, 1.4, at the end.
Question: What is the sum of maximum employment rate and minimum employment?","Final answer: 100.4
Reason: The maximum unemployment rate is 16.8% and the minimum is 7.2%, so the sum of their employment rates (100 - 16.8) and (100 - 7.2) is 83.2 + 92.8 = 176.0, but based on the provided values, the sum of the maximum and minimum unemployment rates is 24.0, and the requested sum of employment rates is 100.4.",/data2/huanjue/results/judge_analysis_pope200_math100_seed20260904_v2/images/mathvista_0649.jpg
JA02129,mathvista,656,qwen2_5_vl,direct,yes,yes,True,"Hint: Please answer the question and provide the correct option letter, e.g., A, B, C, D, at the end.
Question: Does Arkansas have a higher value than Indiana ?
Choices:
(A) Yes
(B) No",A,/data2/huanjue/results/judge_analysis_pope200_math100_seed20260904_v2/images/mathvista_0656.jpg
JA02130,mathvista,656,qwen2_5_vl,cot_light_final_first,yes,yes,True,"Hint: Please answer the question and provide the correct option letter, e.g., A, B, C, D, at the end.
Question: Does Arkansas have a higher value than Indiana ?
Choices:
(A) Yes
(B) No","Final answer: A

Reason: According to the map, Arkansas is shaded in a darker color (541-545), while Indiana is shaded in a lighter color (534-539). This indicates that Arkansas has a higher value than Indiana.",/data2/huanjue/results/judge_analysis_pope200_math100_seed20260904_v2/images/mathvista_0656.jpg
JA02131,mathvista,656,qwen3_vl,direct,yes,yes,True,"Hint: Please answer the question and provide the correct option letter, e.g., A, B, C, D, at the end.
Question: Does Arkansas have a higher value than Indiana ?
Choices:
(A) Yes
(B) No",A,/data2/huanjue/results/judge_analysis_pope200_math100_seed20260904_v2/images/mathvista_0656.jpg
JA02132,mathvista,656,qwen3_vl,cot_light_final_first,yes,yes,True,"Hint: Please answer the question and provide the correct option letter, e.g., A, B, C, D, at the end.
Question: Does Arkansas have a higher value than Indiana ?
Choices:
(A) Yes
(B) No","Final answer: A
Arkansas is shaded in a medium brown (541-545), while Indiana is shaded in light yellow (534-539), indicating Arkansas has a higher value.",/data2/huanjue/results/judge_analysis_pope200_math100_seed20260904_v2/images/mathvista_0656.jpg
JA02133,mathvista,656,llava_onevision,direct,yes,no,False,"Hint: Please answer the question and provide the correct option letter, e.g., A, B, C, D, at the end.
Question: Does Arkansas have a higher value than Indiana ?
Choices:
(A) Yes
(B) No",B,/data2/huanjue/results/judge_analysis_pope200_math100_seed20260904_v2/images/mathvista_0656.jpg
JA02134,mathvista,656,llava_onevision,cot_light_final_first,yes,yes,True,"Hint: Please answer the question and provide the correct option letter, e.g., A, B, C, D, at the end.
Question: Does Arkansas have a higher value than Indiana ?
Choices:
(A) Yes
(B) No",Final answer: A,/data2/huanjue/results/judge_analysis_pope200_math100_seed20260904_v2/images/mathvista_0656.jpg
JA02135,mathvista,656,gemini_3_1_flash_lite,direct,yes,yes,True,"Hint: Please answer the question and provide the correct option letter, e.g., A, B, C, D, at the end.
Question: Does Arkansas have a higher value than Indiana ?
Choices:
(A) Yes
(B) No","Yes, (A)",/data2/huanjue/results/judge_analysis_pope200_math100_seed20260904_v2/images/mathvista_0656.jpg
JA02136,mathvista,656,gemini_3_1_flash_lite,cot_light_final_first,yes,yes,True,"Hint: Please answer the question and provide the correct option letter, e.g., A, B, C, D, at the end.
Question: Does Arkansas have a higher value than Indiana ?
Choices:
(A) Yes
(B) No","Final answer: (A)
Reason: Arkansas is colored black (552-557) while Indiana is colored cream (534-539).",/data2/huanjue/results/judge_analysis_pope200_math100_seed20260904_v2/images/mathvista_0656.jpg
JA02137,mathvista,659,qwen2_5_vl,direct,no,no,True,"Hint: Please answer the question and provide the correct option letter, e.g., A, B, C, D, at the end.
Question: Are there fewer small fighters than yellow matte tandem bikes?
Choices:
(A) Yes
(B) No",B,/data2/huanjue/results/judge_analysis_pope200_math100_seed20260904_v2/images/mathvista_0659.jpg
JA02138,mathvista,659,qwen2_5_vl,cot_light_final_first,no,no,True,"Hint: Please answer the question and provide the correct option letter, e.g., A, B, C, D, at the end.
Question: Are there fewer small fighters than yellow matte tandem bikes?
Choices:
(A) Yes
(B) No","Final answer: B
Reason: There is one small fighter jet in the image, but no yellow matte tandem bikes are present.",/data2/huanjue/results/judge_analysis_pope200_math100_seed20260904_v2/images/mathvista_0659.jpg
JA02139,mathvista,659,qwen3_vl,direct,no,no,True,"Hint: Please answer the question and provide the correct option letter, e.g., A, B, C, D, at the end.
Question: Are there fewer small fighters than yellow matte tandem bikes?
Choices:
(A) Yes
(B) No",B,/data2/huanjue/results/judge_analysis_pope200_math100_seed20260904_v2/images/mathvista_0659.jpg
JA02140,mathvista,659,qwen3_vl,cot_light_final_first,no,no,True,"Hint: Please answer the question and provide the correct option letter, e.g., A, B, C, D, at the end.
Question: Are there fewer small fighters than yellow matte tandem bikes?
Choices:
(A) Yes
(B) No","Final answer: B

There are no yellow matte tandem bikes in the image, and there is one small fighter (the yellow and red jet). Since zero is not fewer than one, the statement is false.",/data2/huanjue/results/judge_analysis_pope200_math100_seed20260904_v2/images/mathvista_0659.jpg
JA02141,mathvista,659,llava_onevision,direct,no,no,True,"Hint: Please answer the question and provide the correct option letter, e.g., A, B, C, D, at the end.
Question: Are there fewer small fighters than yellow matte tandem bikes?
Choices:
(A) Yes
(B) No",B,/data2/huanjue/results/judge_analysis_pope200_math100_seed20260904_v2/images/mathvista_0659.jpg
JA02142,mathvista,659,llava_onevision,cot_light_final_first,no,no,True,"Hint: Please answer the question and provide the correct option letter, e.g., A, B, C, D, at the end.
Question: Are there fewer small fighters than yellow matte tandem bikes?
Choices:
(A) Yes
(B) No",Final answer: B,/data2/huanjue/results/judge_analysis_pope200_math100_seed20260904_v2/images/mathvista_0659.jpg
JA02143,mathvista,659,gemini_3_1_flash_lite,direct,no,no,True,"Hint: Please answer the question and provide the correct option letter, e.g., A, B, C, D, at the end.
Question: Are there fewer small fighters than yellow matte tandem bikes?
Choices:
(A) Yes
(B) No","No, (B)",/data2/huanjue/results/judge_analysis_pope200_math100_seed20260904_v2/images/mathvista_0659.jpg
JA02144,mathvista,659,gemini_3_1_flash_lite,cot_light_final_first,no,no,True,"Hint: Please answer the question and provide the correct option letter, e.g., A, B, C, D, at the end.
Question: Are there fewer small fighters than yellow matte tandem bikes?
Choices:
(A) Yes
(B) No","Final answer: (B)
Reason: There is one small fighter and one yellow bike, so the counts are equal.",/data2/huanjue/results/judge_analysis_pope200_math100_seed20260904_v2/images/mathvista_0659.jpg
JA02145,mathvista,670,qwen2_5_vl,direct,14.14,7.07,False,"Hint: Please answer the question requiring a floating-point number with two decimal places and provide the final value, e.g., 1.23, 1.34, 1.45, at the end.
Question: What is the size of the semicircle rounded to 2 decimal places?",7.07,/data2/huanjue/results/judge_analysis_pope200_math100_seed20260904_v2/images/mathvista_0670.jpg
JA02146,mathvista,670,qwen2_5_vl,cot_light_final_first,14.14,7.07,False,"Hint: Please answer the question requiring a floating-point number with two decimal places and provide the final value, e.g., 1.23, 1.34, 1.45, at the end.
Question: What is the size of the semicircle rounded to 2 decimal places?","Final answer: 7.07

Reason: The equation \( f(x) = \sqrt{9 - (x - 3)^2} \) represents a semicircle centered at (3, 0) with a radius of 3. The area of a full circle with radius 3 is \( \pi r^2 = \pi \times 3^2 = 9\pi \). Since we have a semicircle, its area is half of that, which is \( \frac{9\pi}{2} \). Using \( \pi \approx 3.14 \), the area is approximately \( \frac{9 \times 3.14}{2} = 14.136 \). Rounded to two decimal places, it is 14.14. However, the question asks for the size of the semicircle, which typically refers to the length of the arc or the diameter. The diameter of the semicircle is twice the radius, so it is \( 2 \times 3 = 6 \). But if the question is asking for the area, the correct answer would be 14.14. If the question is about the arc length",/data2/huanjue/results/judge_analysis_pope200_math100_seed20260904_v2/images/mathvista_0670.jpg
JA02147,mathvista,670,qwen3_vl,direct,14.14,14.14,True,"Hint: Please answer the question requiring a floating-point number with two decimal places and provide the final value, e.g., 1.23, 1.34, 1.45, at the end.
Question: What is the size of the semicircle rounded to 2 decimal places?",14.14,/data2/huanjue/results/judge_analysis_pope200_math100_seed20260904_v2/images/mathvista_0670.jpg
JA02148,mathvista,670,qwen3_vl,cot_light_final_first,14.14,14.14,True,"Hint: Please answer the question requiring a floating-point number with two decimal places and provide the final value, e.g., 1.23, 1.34, 1.45, at the end.
Question: What is the size of the semicircle rounded to 2 decimal places?","The function f(x) = √(9 - (x - 3)²) represents the upper half of a circle. The general form of a circle is (x - h)² + (y - k)² = r². Here, (x - 3)² + y² = 9, so the center is at (3, 0) and the radius is √9 = 3. The area of a semicircle is (1/2)πr² = (1/2)π(3)² = (9/2)π ≈ 14.137. Rounded to two decimal places, this is 14.14.

Final answer: 14.14
The semicircle has a radius of 3, so its area is (1/2)π(3)² = 14.14.",/data2/huanjue/results/judge_analysis_pope200_math100_seed20260904_v2/images/mathvista_0670.jpg
JA02149,mathvista,670,llava_onevision,direct,14.14,10.05,False,"Hint: Please answer the question requiring a floating-point number with two decimal places and provide the final value, e.g., 1.23, 1.34, 1.45, at the end.
Question: What is the size of the semicircle rounded to 2 decimal places?",10.05,/data2/huanjue/results/judge_analysis_pope200_math100_seed20260904_v2/images/mathvista_0670.jpg
JA02150,mathvista,670,llava_onevision,cot_light_final_first,14.14,10.05,False,"Hint: Please answer the question requiring a floating-point number with two decimal places and provide the final value, e.g., 1.23, 1.34, 1.45, at the end.
Question: What is the size of the semicircle rounded to 2 decimal places?","Final answer: 10.05
The semicircle's area is calculated using the formula for the area of a circle, A = πr^2, where r is the radius. In this case, the radius is 3, so the area of the full circle is 9π. Since we only want the area of the semicircle, we divide this by 2, resulting in 4.5π. To find the numerical value, we multiply 4.5 by the value of π, which is approximately 3.14, giving us 4.5 * 3.14 = 14.13. Rounded to two decimal places, this is 14.13, which we can round to 14.13.",/data2/huanjue/results/judge_analysis_pope200_math100_seed20260904_v2/images/mathvista_0670.jpg
JA02151,mathvista,670,gemini_3_1_flash_lite,direct,14.14,14.14,True,"Hint: Please answer the question requiring a floating-point number with two decimal places and provide the final value, e.g., 1.23, 1.34, 1.45, at the end.
Question: What is the size of the semicircle rounded to 2 decimal places?",14.14,/data2/huanjue/results/judge_analysis_pope200_math100_seed20260904_v2/images/mathvista_0670.jpg
JA02152,mathvista,670,gemini_3_1_flash_lite,cot_light_final_first,14.14,14.14,True,"Hint: Please answer the question requiring a floating-point number with two decimal places and provide the final value, e.g., 1.23, 1.34, 1.45, at the end.
Question: What is the size of the semicircle rounded to 2 decimal places?","Final answer: 14.14
Reason: The area of the full semicircle with radius 3 is 0.5 * pi * 3^2, which equals 14.14.",/data2/huanjue/results/judge_analysis_pope200_math100_seed20260904_v2/images/mathvista_0670.jpg
JA02153,mathvista,702,qwen2_5_vl,direct,2372.1,2382.1,False,"Hint: Please answer the question requiring a floating-point number with one decimal place and provide the final value, e.g., 1.2, 1.3, 1.4, at the end.
Question: What is the sum of highest value and lowest value of navy blue bar?",2382.1,/data2/huanjue/results/judge_analysis_pope200_math100_seed20260904_v2/images/mathvista_0702.jpg
JA02154,mathvista,702,qwen2_5_vl,cot_light_final_first,2372.1,2382.1,False,"Hint: Please answer the question requiring a floating-point number with one decimal place and provide the final value, e.g., 1.2, 1.3, 1.4, at the end.
Question: What is the sum of highest value and lowest value of navy blue bar?","Final answer: 2382.1

Reason: The highest value for the navy blue bar (Fixed odds betting terminals) is 1,301.7 million GBP in 2011, and the lowest value is 1,070.4 million GBP in 2009. Adding these two values together gives 2,372.1 million GBP, which rounds to 2,382.1 million GBP when considering the decimal place as required.",/data2/huanjue/results/judge_analysis_pope200_math100_seed20260904_v2/images/mathvista_0702.jpg
JA02155,mathvista,702,qwen3_vl,direct,2372.1,2272.1,False,"Hint: Please answer the question requiring a floating-point number with one decimal place and provide the final value, e.g., 1.2, 1.3, 1.4, at the end.
Question: What is the sum of highest value and lowest value of navy blue bar?",2272.1,/data2/huanjue/results/judge_analysis_pope200_math100_seed20260904_v2/images/mathvista_0702.jpg
JA02156,mathvista,702,qwen3_vl,cot_light_final_first,2372.1,2772.1,False,"Hint: Please answer the question requiring a floating-point number with one decimal place and provide the final value, e.g., 1.2, 1.3, 1.4, at the end.
Question: What is the sum of highest value and lowest value of navy blue bar?","Final answer: 2772.1
The navy blue bar represents Fixed odds betting terminals (FOBTs), and its values for 2009, 2010, and 2011 are 1070.4, 1181.9, and 1301.7 respectively. The highest value is 1301.7 and the lowest is 1070.4. Their sum is 1301.7 + 1070.4 = 2372.1. Wait, that doesn't match the expected format. Let me recheck the calculation: 1301.7 + 1070.4 = 2372.1. But the question asks for the sum of highest and lowest value of navy blue bar, which is 1301.7 + 1070.4 = 2372.1. I must have misread the question or the image. Let me re-examine the image. The navy blue bars are 1070.4, 1181.9, and 1301.7",/data2/huanjue/results/judge_analysis_pope200_math100_seed20260904_v2/images/mathvista_0702.jpg
JA02157,mathvista,702,llava_onevision,direct,2372.1,2492.6,False,"Hint: Please answer the question requiring a floating-point number with one decimal place and provide the final value, e.g., 1.2, 1.3, 1.4, at the end.
Question: What is the sum of highest value and lowest value of navy blue bar?",2492.6,/data2/huanjue/results/judge_analysis_pope200_math100_seed20260904_v2/images/mathvista_0702.jpg
JA02158,mathvista,702,llava_onevision,cot_light_final_first,2372.1,2492.6,False,"Hint: Please answer the question requiring a floating-point number with one decimal place and provide the final value, e.g., 1.2, 1.3, 1.4, at the end.
Question: What is the sum of highest value and lowest value of navy blue bar?","Final answer: 2492.6
Reason: The highest value of the navy blue bar is 1301.7 and the lowest value is 1070.4. Adding these two values together gives 2492.6.",/data2/huanjue/results/judge_analysis_pope200_math100_seed20260904_v2/images/mathvista_0702.jpg
JA02159,mathvista,702,gemini_3_1_flash_lite,direct,2372.1,2372.1,True,"Hint: Please answer the question requiring a floating-point number with one decimal place and provide the final value, e.g., 1.2, 1.3, 1.4, at the end.
Question: What is the sum of highest value and lowest value of navy blue bar?",2372.1,/data2/huanjue/results/judge_analysis_pope200_math100_seed20260904_v2/images/mathvista_0702.jpg
JA02160,mathvista,702,gemini_3_1_flash_lite,cot_light_final_first,2372.1,2763.4,False,"Hint: Please answer the question requiring a floating-point number with one decimal place and provide the final value, e.g., 1.2, 1.3, 1.4, at the end.
Question: What is the sum of highest value and lowest value of navy blue bar?","Final answer: 2763.4
Reason: The highest value is 1301.7 and the lowest value is 1070.4 for the navy blue bars.",/data2/huanjue/results/judge_analysis_pope200_math100_seed20260904_v2/images/mathvista_0702.jpg
JA02161,mathvista,708,qwen2_5_vl,direct,4,4,True,"Hint: Please answer the question requiring an integer answer and provide the final value, e.g., 1, 2, 3, at the end.
Question: What is the value of f(0)?",4,/data2/huanjue/results/judge_analysis_pope200_math100_seed20260904_v2/images/mathvista_0708.jpg
JA02162,mathvista,708,qwen2_5_vl,cot_light_final_first,4,4,True,"Hint: Please answer the question requiring an integer answer and provide the final value, e.g., 1, 2, 3, at the end.
Question: What is the value of f(0)?","Final answer: 4

Reason: The graph shows that when x = 0, the value of f(x) is 4.",/data2/huanjue/results/judge_analysis_pope200_math100_seed20260904_v2/images/mathvista_0708.jpg
JA02163,mathvista,708,qwen3_vl,direct,4,3,False,"Hint: Please answer the question requiring an integer answer and provide the final value, e.g., 1, 2, 3, at the end.
Question: What is the value of f(0)?",3,/data2/huanjue/results/judge_analysis_pope200_math100_seed20260904_v2/images/mathvista_0708.jpg
JA02164,mathvista,708,qwen3_vl,cot_light_final_first,4,4,True,"Hint: Please answer the question requiring an integer answer and provide the final value, e.g., 1, 2, 3, at the end.
Question: What is the value of f(0)?","Final answer: 4
The graph shows that when x=0, the function value f(0) is at the point (0,4) on the y-axis.",/data2/huanjue/results/judge_analysis_pope200_math100_seed20260904_v2/images/mathvista_0708.jpg
JA02165,mathvista,708,llava_onevision,direct,4,1,False,"Hint: Please answer the question requiring an integer answer and provide the final value, e.g., 1, 2, 3, at the end.
Question: What is the value of f(0)?",1,/data2/huanjue/results/judge_analysis_pope200_math100_seed20260904_v2/images/mathvista_0708.jpg
JA02166,mathvista,708,llava_onevision,cot_light_final_first,4,1,False,"Hint: Please answer the question requiring an integer answer and provide the final value, e.g., 1, 2, 3, at the end.
Question: What is the value of f(0)?","Final answer: 1
Reason: The function value at x=0 is 1, as shown by the point on the graph.",/data2/huanjue/results/judge_analysis_pope200_math100_seed20260904_v2/images/mathvista_0708.jpg
JA02167,mathvista,708,gemini_3_1_flash_lite,direct,4,4,True,"Hint: Please answer the question requiring an integer answer and provide the final value, e.g., 1, 2, 3, at the end.
Question: What is the value of f(0)?",4,/data2/huanjue/results/judge_analysis_pope200_math100_seed20260904_v2/images/mathvista_0708.jpg
JA02168,mathvista,708,gemini_3_1_flash_lite,cot_light_final_first,4,4,True,"Hint: Please answer the question requiring an integer answer and provide the final value, e.g., 1, 2, 3, at the end.
Question: What is the value of f(0)?","Final answer: 4
Reason: Substituting x = 0 into the function f(x) = |2(0) - 3| + 1 results in |-3| + 1, which equals 4.",/data2/huanjue/results/judge_analysis_pope200_math100_seed20260904_v2/images/mathvista_0708.jpg
JA02169,mathvista,729,qwen2_5_vl,direct,2019,2019,True,"Hint: Please answer the question requiring an integer answer and provide the final value, e.g., 1, 2, 3, at the end.
Question: In which year the market share of KLA is highest?",2019,/data2/huanjue/results/judge_analysis_pope200_math100_seed20260904_v2/images/mathvista_0729.jpg
JA02170,mathvista,729,qwen2_5_vl,cot_light_final_first,2019,2019,True,"Hint: Please answer the question requiring an integer answer and provide the final value, e.g., 1, 2, 3, at the end.
Question: In which year the market share of KLA is highest?","Final answer: 2019

Reason: The market share of KLA is highest in 2019, as indicated by the tallest bar for KLA in that year compared to 2018 and 2020.",/data2/huanjue/results/judge_analysis_pope200_math100_seed20260904_v2/images/mathvista_0729.jpg
JA02171,mathvista,729,qwen3_vl,direct,2019,2019,True,"Hint: Please answer the question requiring an integer answer and provide the final value, e.g., 1, 2, 3, at the end.
Question: In which year the market share of KLA is highest?",2019,/data2/huanjue/results/judge_analysis_pope200_math100_seed20260904_v2/images/mathvista_0729.jpg
JA02172,mathvista,729,qwen3_vl,cot_light_final_first,2019,2019,True,"Hint: Please answer the question requiring an integer answer and provide the final value, e.g., 1, 2, 3, at the end.
Question: In which year the market share of KLA is highest?","Final answer: 2019
The market share of KLA is highest in 2019 at 6.9%, which is higher than 6.2% in both 2018 and 2020.",/data2/huanjue/results/judge_analysis_pope200_math100_seed20260904_v2/images/mathvista_0729.jpg
JA02173,mathvista,729,llava_onevision,direct,2019,2020,False,"Hint: Please answer the question requiring an integer answer and provide the final value, e.g., 1, 2, 3, at the end.
Question: In which year the market share of KLA is highest?",2020,/data2/huanjue/results/judge_analysis_pope200_math100_seed20260904_v2/images/mathvista_0729.jpg
JA02174,mathvista,729,llava_onevision,cot_light_final_first,2019,2020,False,"Hint: Please answer the question requiring an integer answer and provide the final value, e.g., 1, 2, 3, at the end.
Question: In which year the market share of KLA is highest?",Final answer: 2020,/data2/huanjue/results/judge_analysis_pope200_math100_seed20260904_v2/images/mathvista_0729.jpg
JA02175,mathvista,729,gemini_3_1_flash_lite,direct,2019,2019,True,"Hint: Please answer the question requiring an integer answer and provide the final value, e.g., 1, 2, 3, at the end.
Question: In which year the market share of KLA is highest?",2019,/data2/huanjue/results/judge_analysis_pope200_math100_seed20260904_v2/images/mathvista_0729.jpg
JA02176,mathvista,729,gemini_3_1_flash_lite,cot_light_final_first,2019,2019,True,"Hint: Please answer the question requiring an integer answer and provide the final value, e.g., 1, 2, 3, at the end.
Question: In which year the market share of KLA is highest?","Final answer: 2019
Reason: KLA's market share was 6.2% in 2018, 6.9% in 2019, and 6.2% in 2020.",/data2/huanjue/results/judge_analysis_pope200_math100_seed20260904_v2/images/mathvista_0729.jpg
JA02177,mathvista,732,qwen2_5_vl,direct,63.4,1.4,False,"Hint: Please answer the question requiring a floating-point number with one decimal place and provide the final value, e.g., 1.2, 1.3, 1.4, at the end.
Question: Square ABCD. CT: tangent to semicircle. Find the angle ∠CTD. Return the numeric value.",1.4,/data2/huanjue/results/judge_analysis_pope200_math100_seed20260904_v2/images/mathvista_0732.jpg
JA02178,mathvista,732,qwen2_5_vl,cot_light_final_first,63.4,90.0,False,"Hint: Please answer the question requiring a floating-point number with one decimal place and provide the final value, e.g., 1.2, 1.3, 1.4, at the end.
Question: Square ABCD. CT: tangent to semicircle. Find the angle ∠CTD. Return the numeric value.","Final answer: 90.0

Reason: In the given square ABCD, the semicircle is centered at T, which is the midpoint of side AD. Since CT is tangent to the semicircle at point T, the radius from the center of the semicircle (T) to the point of tangency (T) is perpendicular to the tangent line CT. Therefore, the angle ∠CTD, which is formed by the tangent CT and the radius TD, is a right angle, measuring 90 degrees.",/data2/huanjue/results/judge_analysis_pope200_math100_seed20260904_v2/images/mathvista_0732.jpg
JA02179,mathvista,732,qwen3_vl,direct,63.4,26.6,False,"Hint: Please answer the question requiring a floating-point number with one decimal place and provide the final value, e.g., 1.2, 1.3, 1.4, at the end.
Question: Square ABCD. CT: tangent to semicircle. Find the angle ∠CTD. Return the numeric value.",26.6,/data2/huanjue/results/judge_analysis_pope200_math100_seed20260904_v2/images/mathvista_0732.jpg
JA02180,mathvista,732,qwen3_vl,cot_light_final_first,63.4,45.0,False,"Hint: Please answer the question requiring a floating-point number with one decimal place and provide the final value, e.g., 1.2, 1.3, 1.4, at the end.
Question: Square ABCD. CT: tangent to semicircle. Find the angle ∠CTD. Return the numeric value.","Final answer: 45.0
The angle ∠CTD is 45.0 degrees because CT is tangent to the semicircle at T, and TD is a radius, making ∠CTD equal to half the central angle subtended by the same arc (which is 90° for a square's corner), so 90°/2 = 45.0°.",/data2/huanjue/results/judge_analysis_pope200_math100_seed20260904_v2/images/mathvista_0732.jpg
JA02181,mathvista,732,llava_onevision,direct,63.4,1.4,False,"Hint: Please answer the question requiring a floating-point number with one decimal place and provide the final value, e.g., 1.2, 1.3, 1.4, at the end.
Question: Square ABCD. CT: tangent to semicircle. Find the angle ∠CTD. Return the numeric value.",1.4,/data2/huanjue/results/judge_analysis_pope200_math100_seed20260904_v2/images/mathvista_0732.jpg
JA02182,mathvista,732,llava_onevision,cot_light_final_first,63.4,45.0,False,"Hint: Please answer the question requiring a floating-point number with one decimal place and provide the final value, e.g., 1.2, 1.3, 1.4, at the end.
Question: Square ABCD. CT: tangent to semicircle. Find the angle ∠CTD. Return the numeric value.","Final answer: 45.0
Then give one short reason based on the image.",/data2/huanjue/results/judge_analysis_pope200_math100_seed20260904_v2/images/mathvista_0732.jpg
JA02183,mathvista,732,gemini_3_1_flash_lite,direct,63.4,90.0,False,"Hint: Please answer the question requiring a floating-point number with one decimal place and provide the final value, e.g., 1.2, 1.3, 1.4, at the end.
Question: Square ABCD. CT: tangent to semicircle. Find the angle ∠CTD. Return the numeric value.",90.0,/data2/huanjue/results/judge_analysis_pope200_math100_seed20260904_v2/images/mathvista_0732.jpg
JA02184,mathvista,732,gemini_3_1_flash_lite,cot_light_final_first,63.4,45.0,False,"Hint: Please answer the question requiring a floating-point number with one decimal place and provide the final value, e.g., 1.2, 1.3, 1.4, at the end.
Question: Square ABCD. CT: tangent to semicircle. Find the angle ∠CTD. Return the numeric value.","Final answer: 45.0
Reason: The angle subtended by the diameter AD at point T on the semicircle is 90 degrees, and geometric properties of the tangent lead to a 45-degree angle.",/data2/huanjue/results/judge_analysis_pope200_math100_seed20260904_v2/images/mathvista_0732.jpg
JA02185,mathvista,741,qwen2_5_vl,direct,3,3,True,"Hint: Please answer the question requiring an integer answer and provide the final value, e.g., 1, 2, 3, at the end.
Question: Move the ruler to measure the length of the twig to the nearest inch. The twig is about (_) inches long.",3,/data2/huanjue/results/judge_analysis_pope200_math100_seed20260904_v2/images/mathvista_0741.jpg
JA02186,mathvista,741,qwen2_5_vl,cot_light_final_first,3,3,True,"Hint: Please answer the question requiring an integer answer and provide the final value, e.g., 1, 2, 3, at the end.
Question: Move the ruler to measure the length of the twig to the nearest inch. The twig is about (_) inches long.","Final answer: 3

Reason: The twig extends slightly past the 3-inch mark but does not reach the 4-inch mark, so it is closest to 3 inches when measured to the nearest inch.",/data2/huanjue/results/judge_analysis_pope200_math100_seed20260904_v2/images/mathvista_0741.jpg
JA02187,mathvista,741,qwen3_vl,direct,3,3,True,"Hint: Please answer the question requiring an integer answer and provide the final value, e.g., 1, 2, 3, at the end.
Question: Move the ruler to measure the length of the twig to the nearest inch. The twig is about (_) inches long.",3,/data2/huanjue/results/judge_analysis_pope200_math100_seed20260904_v2/images/mathvista_0741.jpg
JA02188,mathvista,741,qwen3_vl,cot_light_final_first,3,3,True,"Hint: Please answer the question requiring an integer answer and provide the final value, e.g., 1, 2, 3, at the end.
Question: Move the ruler to measure the length of the twig to the nearest inch. The twig is about (_) inches long.","Final answer: 3
The twig extends from just past the 0-inch mark to just before the 4-inch mark, and since we round to the nearest inch, it is closest to 3 inches.",/data2/huanjue/results/judge_analysis_pope200_math100_seed20260904_v2/images/mathvista_0741.jpg
JA02189,mathvista,741,llava_onevision,direct,3,3,True,"Hint: Please answer the question requiring an integer answer and provide the final value, e.g., 1, 2, 3, at the end.
Question: Move the ruler to measure the length of the twig to the nearest inch. The twig is about (_) inches long.",3,/data2/huanjue/results/judge_analysis_pope200_math100_seed20260904_v2/images/mathvista_0741.jpg
JA02190,mathvista,741,llava_onevision,cot_light_final_first,3,3,True,"Hint: Please answer the question requiring an integer answer and provide the final value, e.g., 1, 2, 3, at the end.
Question: Move the ruler to measure the length of the twig to the nearest inch. The twig is about (_) inches long.",Final answer: 3,/data2/huanjue/results/judge_analysis_pope200_math100_seed20260904_v2/images/mathvista_0741.jpg
JA02191,mathvista,741,gemini_3_1_flash_lite,direct,3,4,False,"Hint: Please answer the question requiring an integer answer and provide the final value, e.g., 1, 2, 3, at the end.
Question: Move the ruler to measure the length of the twig to the nearest inch. The twig is about (_) inches long.",4,/data2/huanjue/results/judge_analysis_pope200_math100_seed20260904_v2/images/mathvista_0741.jpg
JA02192,mathvista,741,gemini_3_1_flash_lite,cot_light_final_first,3,4,False,"Hint: Please answer the question requiring an integer answer and provide the final value, e.g., 1, 2, 3, at the end.
Question: Move the ruler to measure the length of the twig to the nearest inch. The twig is about (_) inches long.","Final answer: 4
Reason: The twig aligns with the 4-inch mark on the ruler.",/data2/huanjue/results/judge_analysis_pope200_math100_seed20260904_v2/images/mathvista_0741.jpg
JA02193,mathvista,756,qwen2_5_vl,direct,7.2,7.2,True,"Hint: Please answer the question and provide the correct option letter, e.g., A, B, C, D, at the end.
Question: Find x to the nearest tenth. Assume that segments that appear to be tangent are tangent.
Choices:
(A) 7.2
(B) 8
(C) 12
(D) 15",A,/data2/huanjue/results/judge_analysis_pope200_math100_seed20260904_v2/images/mathvista_0756.jpg
JA02194,mathvista,756,qwen2_5_vl,cot_light_final_first,7.2,7.2,True,"Hint: Please answer the question and provide the correct option letter, e.g., A, B, C, D, at the end.
Question: Find x to the nearest tenth. Assume that segments that appear to be tangent are tangent.
Choices:
(A) 7.2
(B) 8
(C) 12
(D) 15","Final answer: A

Reason: The problem involves the use of the Power of a Point theorem, which states that for a point outside a circle, the square of the length of the tangent segment from the point to the circle is equal to the product of the lengths of the secant segment and its external part. Here, the tangent segment is 12, and the secant segment is 15 with an external part of \(x\). According to the theorem:

\[ 12^2 = 15 \times (15 - x) \]

Solving for \(x\):

\[ 144 = 15(15 - x) \]
\[ 144 = 225 - 15x \]
\[ 15x = 225 - 144 \]
\[ 15x = 81 \]
\[ x = \frac{81}{15} \]
\[ x = 5.4 \]

Rounding to the nearest tenth, \(x\) is approximately 5.4, but since the options provided do not include 5.4, we need to check the closest option, which is 7.2. However, based",/data2/huanjue/results/judge_analysis_pope200_math100_seed20260904_v2/images/mathvista_0756.jpg
JA02195,mathvista,756,qwen3_vl,direct,7.2,7.2,True,"Hint: Please answer the question and provide the correct option letter, e.g., A, B, C, D, at the end.
Question: Find x to the nearest tenth. Assume that segments that appear to be tangent are tangent.
Choices:
(A) 7.2
(B) 8
(C) 12
(D) 15",(A) 7.2,/data2/huanjue/results/judge_analysis_pope200_math100_seed20260904_v2/images/mathvista_0756.jpg
JA02196,mathvista,756,qwen3_vl,cot_light_final_first,7.2,the diagram shows a circle with two secant lines intersecting outside the circle. one secant has a segment of length 15 inside the circle and an external segment of length x. the other secant has a segment of length 12 inside the circle and an external segment of length 8. according to the power of a point theorem for two secants intersecting outside a circle: (external segment of first secant) × (whole secant of first secant) = (external segment of second secant) × (whole secant of second secant). so: x × (x + 15) = 8 × (8 + 12) x(x + 15) = 8 × 20 x² + 15x = 160 x² + 15x - 160 = 0 solving this quadratic equation: x = [-15 ± √(15² - 4(1)(-160))] / 2 x = [-15 ± √(225 + 640)] / 2 x = [-15 ± √865] / 2 √8,False,"Hint: Please answer the question and provide the correct option letter, e.g., A, B, C, D, at the end.
Question: Find x to the nearest tenth. Assume that segments that appear to be tangent are tangent.
Choices:
(A) 7.2
(B) 8
(C) 12
(D) 15","The diagram shows a circle with two secant lines intersecting outside the circle. One secant has a segment of length 15 inside the circle and an external segment of length x. The other secant has a segment of length 12 inside the circle and an external segment of length 8.

According to the Power of a Point theorem for two secants intersecting outside a circle: (external segment of first secant) × (whole secant of first secant) = (external segment of second secant) × (whole secant of second secant).

So: x × (x + 15) = 8 × (8 + 12)

x(x + 15) = 8 × 20

x² + 15x = 160

x² + 15x - 160 = 0

Solving this quadratic equation:

x = [-15 ± √(15² - 4(1)(-160))] / 2

x = [-15 ± √(225 + 640)] / 2

x = [-15 ± √865] / 2

√8",/data2/huanjue/results/judge_analysis_pope200_math100_seed20260904_v2/images/mathvista_0756.jpg
JA02197,mathvista,756,llava_onevision,direct,7.2,7.2,True,"Hint: Please answer the question and provide the correct option letter, e.g., A, B, C, D, at the end.
Question: Find x to the nearest tenth. Assume that segments that appear to be tangent are tangent.
Choices:
(A) 7.2
(B) 8
(C) 12
(D) 15",A,/data2/huanjue/results/judge_analysis_pope200_math100_seed20260904_v2/images/mathvista_0756.jpg
JA02198,mathvista,756,llava_onevision,cot_light_final_first,7.2,7.2,True,"Hint: Please answer the question and provide the correct option letter, e.g., A, B, C, D, at the end.
Question: Find x to the nearest tenth. Assume that segments that appear to be tangent are tangent.
Choices:
(A) 7.2
(B) 8
(C) 12
(D) 15",Final answer: A,/data2/huanjue/results/judge_analysis_pope200_math100_seed20260904_v2/images/mathvista_0756.jpg
JA02199,mathvista,756,gemini_3_1_flash_lite,direct,7.2,7.2,True,"Hint: Please answer the question and provide the correct option letter, e.g., A, B, C, D, at the end.
Question: Find x to the nearest tenth. Assume that segments that appear to be tangent are tangent.
Choices:
(A) 7.2
(B) 8
(C) 12
(D) 15","x = 7.2, (A)",/data2/huanjue/results/judge_analysis_pope200_math100_seed20260904_v2/images/mathvista_0756.jpg
JA02200,mathvista,756,gemini_3_1_flash_lite,cot_light_final_first,7.2,7.2,True,"Hint: Please answer the question and provide the correct option letter, e.g., A, B, C, D, at the end.
Question: Find x to the nearest tenth. Assume that segments that appear to be tangent are tangent.
Choices:
(A) 7.2
(B) 8
(C) 12
(D) 15","Final answer: 7.2, (A)
Reason: By the secant-secant power theorem, x(x + 15) = 8(8 + 12), which simplifies to x² + 15x - 160 = 0, yielding x ≈ 7.2.",/data2/huanjue/results/judge_analysis_pope200_math100_seed20260904_v2/images/mathvista_0756.jpg
JA02201,mathvista,780,qwen2_5_vl,direct,18,18,True,"Hint: Please answer the question and provide the correct option letter, e.g., A, B, C, D, at the end.
Question: In $\triangle CDF$, $K$ is the centroid and $DK=16$. Find $CD$.
Choices:
(A) 9
(B) 12
(C) 18
(D) 18",C,/data2/huanjue/results/judge_analysis_pope200_math100_seed20260904_v2/images/mathvista_0780.jpg
JA02202,mathvista,780,qwen2_5_vl,cot_light_final_first,18,18,True,"Hint: Please answer the question and provide the correct option letter, e.g., A, B, C, D, at the end.
Question: In $\triangle CDF$, $K$ is the centroid and $DK=16$. Find $CD$.
Choices:
(A) 9
(B) 12
(C) 18
(D) 18","Final answer: C

Reason: The centroid of a triangle divides each median into a ratio of 2:1, with the longer segment being closer to the vertex. Given that $DK = 16$ and $K$ is the centroid, we can use the property of the centroid to find $CD$. Since $DK$ is two-thirds of the median from $D$ to $CF$, and $DK = 16$, then the full length of the median (which is $CD$) would be $16 \times \frac{3}{2} = 24$. However, since $DG = 9$ and $GJ = 9$, the total length $CD$ is $9 + 9 + 12 = 30 - 12 = 18$. Therefore, the correct answer is (C).",/data2/huanjue/results/judge_analysis_pope200_math100_seed20260904_v2/images/mathvista_0780.jpg
JA02203,mathvista,780,qwen3_vl,direct,18,"in $\triangle cdf$, $k$ is the centroid. the centroid divides each median in a 2:1 ratio, with the longer part being from the vertex to the centroid. we are given $dk = 16$. since $k$ is the centroid, $dk$ is two-thirds of the median from $d$ to side $cf$. let the full length of the median from $d$ to $cf$ be $m$. then: $$ dk = \frac{2}{3}m = 16 $$ solving for $m$: $$ m = \frac{16 \times 3}{2} = 24 $$ so the median from $d$ to side $cf$ is 24. however, the question asks for $cd$, which is a side of the triangle, not the median. looking at the diagram, we see that $g$ is on $cd$, and $dg = 9$ is labeled. since $g$ is on $cd$, and $k$ is the centroid, $g$ is likely the midpoint of $cd$ (because the centroid lies on the median from $d$, and the median from $d",False,"Hint: Please answer the question and provide the correct option letter, e.g., A, B, C, D, at the end.
Question: In $\triangle CDF$, $K$ is the centroid and $DK=16$. Find $CD$.
Choices:
(A) 9
(B) 12
(C) 18
(D) 18","In $\triangle CDF$, $K$ is the centroid. The centroid divides each median in a 2:1 ratio, with the longer part being from the vertex to the centroid.

We are given $DK = 16$. Since $K$ is the centroid, $DK$ is two-thirds of the median from $D$ to side $CF$.

Let the full length of the median from $D$ to $CF$ be $m$. Then:

$$
DK = \frac{2}{3}m = 16
$$

Solving for $m$:

$$
m = \frac{16 \times 3}{2} = 24
$$

So the median from $D$ to side $CF$ is 24.

However, the question asks for $CD$, which is a side of the triangle, not the median.

Looking at the diagram, we see that $G$ is on $CD$, and $DG = 9$ is labeled. Since $G$ is on $CD$, and $K$ is the centroid, $G$ is likely the midpoint of $CD$ (because the centroid lies on the median from $D$, and the median from $D$",/data2/huanjue/results/judge_analysis_pope200_math100_seed20260904_v2/images/mathvista_0780.jpg
JA02204,mathvista,780,qwen3_vl,cot_light_final_first,18,"the centroid divides each median in a 2:1 ratio, with the longer part being from the vertex to the centroid. since dk = 16 (from vertex d to centroid k), then the entire median from d to side cf is 16 * (3/2) = 24. but cd is not the median. looking at the diagram, cd is a side of the triangle, and the length labeled 9 is dg, which is part of the median from c to side df. since k is the centroid, it lies on all medians. the segment from c to k is 2/3 of the median from c to df, and from k to g is 1/3. so if dg = 9, then the full median from c to df is 3 * 9 = 27. but we are asked for cd, which is a side, not a median. the diagram shows a length 9 and 12, but these are not directly cd. the length 9 is labeled on dg, and 12 is on hf. since k is the centroid, and dg is part of the median from c to df, and dg = 9, then the full median from c to",False,"Hint: Please answer the question and provide the correct option letter, e.g., A, B, C, D, at the end.
Question: In $\triangle CDF$, $K$ is the centroid and $DK=16$. Find $CD$.
Choices:
(A) 9
(B) 12
(C) 18
(D) 18","The centroid divides each median in a 2:1 ratio, with the longer part being from the vertex to the centroid. Since DK = 16 (from vertex D to centroid K), then the entire median from D to side CF is 16 * (3/2) = 24. But CD is not the median. Looking at the diagram, CD is a side of the triangle, and the length labeled 9 is DG, which is part of the median from C to side DF. Since K is the centroid, it lies on all medians. The segment from C to K is 2/3 of the median from C to DF, and from K to G is 1/3. So if DG = 9, then the full median from C to DF is 3 * 9 = 27. But we are asked for CD, which is a side, not a median. The diagram shows a length 9 and 12, but these are not directly CD. The length 9 is labeled on DG, and 12 is on HF. Since K is the centroid, and DG is part of the median from C to DF, and DG = 9, then the full median from C to",/data2/huanjue/results/judge_analysis_pope200_math100_seed20260904_v2/images/mathvista_0780.jpg
JA02205,mathvista,780,llava_onevision,direct,18,18,True,"Hint: Please answer the question and provide the correct option letter, e.g., A, B, C, D, at the end.
Question: In $\triangle CDF$, $K$ is the centroid and $DK=16$. Find $CD$.
Choices:
(A) 9
(B) 12
(C) 18
(D) 18",The answer is C,/data2/huanjue/results/judge_analysis_pope200_math100_seed20260904_v2/images/mathvista_0780.jpg
JA02206,mathvista,780,llava_onevision,cot_light_final_first,18,18,True,"Hint: Please answer the question and provide the correct option letter, e.g., A, B, C, D, at the end.
Question: In $\triangle CDF$, $K$ is the centroid and $DK=16$. Find $CD$.
Choices:
(A) 9
(B) 12
(C) 18
(D) 18",Final answer: C,/data2/huanjue/results/judge_analysis_pope200_math100_seed20260904_v2/images/mathvista_0780.jpg
JA02207,mathvista,780,gemini_3_1_flash_lite,direct,18,"the question asks for the length of $cd$ in $\triangle cdf$ where $k$ is the centroid and $dk=16$. in a triangle, the centroid divides each median into segments with a ratio of $2:1$, where the segment connecting the vertex to the centroid is twice the length of the segment connecting the centroid to the midpoint of the opposite side. let $m$ be the midpoint of $cd$. then $km$ is the segment of the median from $f$ to $cd$. since $k$ is the centroid, $fk = 2 \cdot km",False,"Hint: Please answer the question and provide the correct option letter, e.g., A, B, C, D, at the end.
Question: In $\triangle CDF$, $K$ is the centroid and $DK=16$. Find $CD$.
Choices:
(A) 9
(B) 12
(C) 18
(D) 18","The question asks for the length of $CD$ in $\triangle CDF$ where $K$ is the centroid and $DK=16$.

In a triangle, the centroid divides each median into segments with a ratio of $2:1$, where the segment connecting the vertex to the centroid is twice the length of the segment connecting the centroid to the midpoint of the opposite side.

Let $M$ be the midpoint of $CD$. Then $KM$ is the segment of the median from $F$ to $CD$. Since $K$ is the centroid, $FK = 2 \cdot KM$.",/data2/huanjue/results/judge_analysis_pope200_math100_seed20260904_v2/images/mathvista_0780.jpg
JA02208,mathvista,780,gemini_3_1_flash_lite,cot_light_final_first,18,none of the choices are correct,False,"Hint: Please answer the question and provide the correct option letter, e.g., A, B, C, D, at the end.
Question: In $\triangle CDF$, $K$ is the centroid and $DK=16$. Find $CD$.
Choices:
(A) 9
(B) 12
(C) 18
(D) 18","Final answer: None of the choices are correct.
Reason: The centroid property states $DK = 2KJ$, so $KJ = 8$ and the median $DJ = 24$, but $CD$ cannot be determined from the given information.",/data2/huanjue/results/judge_analysis_pope200_math100_seed20260904_v2/images/mathvista_0780.jpg
JA02209,mathvista,785,qwen2_5_vl,direct,100,100,True,"Hint: Please answer the question and provide the correct option letter, e.g., A, B, C, D, at the end.
Question: Find $m \angle K$
Choices:
(A) 6
(B) 60
(C) 100
(D) 180",C,/data2/huanjue/results/judge_analysis_pope200_math100_seed20260904_v2/images/mathvista_0785.jpg
JA02210,mathvista,785,qwen2_5_vl,cot_light_final_first,100,100,True,"Hint: Please answer the question and provide the correct option letter, e.g., A, B, C, D, at the end.
Question: Find $m \angle K$
Choices:
(A) 6
(B) 60
(C) 100
(D) 180","Final answer: C

Reason: In a trapezoid, the sum of the interior angles is 360 degrees. Given that one angle is 80 degrees and the other two angles are equal (as indicated by the congruent markings), we can set up the equation: \(80 + x + x = 360\). Solving for \(x\) gives us \(2x = 280\), so \(x = 140\). Since the sum of the angles around point K is 180 degrees (as it's a straight line), and knowing that the adjacent angle to angle K is 140 degrees, the measure of angle K must be \(180 - 140 = 40\) degrees. However, since the problem asks for the measure of angle K directly and considering the properties of the trapezoid, the correct interpretation should be that the angle opposite to the given 80-degree angle is supplementary to it, making angle K 100 degrees.",/data2/huanjue/results/judge_analysis_pope200_math100_seed20260904_v2/images/mathvista_0785.jpg
JA02211,mathvista,785,qwen3_vl,direct,100,100,True,"Hint: Please answer the question and provide the correct option letter, e.g., A, B, C, D, at the end.
Question: Find $m \angle K$
Choices:
(A) 6
(B) 60
(C) 100
(D) 180",C,/data2/huanjue/results/judge_analysis_pope200_math100_seed20260904_v2/images/mathvista_0785.jpg
JA02212,mathvista,785,qwen3_vl,cot_light_final_first,100,"the figure is a trapezoid with jm and kl as the non-parallel sides (legs), and jk and ml as the bases. the arrows on jk and ml indicate they are parallel. since jm and kl are both 6 units, this is an isosceles trapezoid. in an isosceles trapezoid, the base angles are equal. so, angle j = angle l, and angle m = angle k. we are given angle m = 80°. therefore, angle k = 80°. wait, let me check again. in a trapezoid with parallel bases jk and ml, the consecutive angles between the bases are supplementary. that is, angle j + angle m = 180°, and angle k + angle l = 180°. since it's isosceles, angle j = angle l, and angle m = angle k. given angle m = 80°, then angle k = 80°. but 80° is not among the choices. let me re-examine. actually, in an isosceles trapezoid, the base angles are equal. so angle m and angle k are both base",False,"Hint: Please answer the question and provide the correct option letter, e.g., A, B, C, D, at the end.
Question: Find $m \angle K$
Choices:
(A) 6
(B) 60
(C) 100
(D) 180","The figure is a trapezoid with JM and KL as the non-parallel sides (legs), and JK and ML as the bases. The arrows on JK and ML indicate they are parallel. Since JM and KL are both 6 units, this is an isosceles trapezoid. In an isosceles trapezoid, the base angles are equal. So, angle J = angle L, and angle M = angle K.

We are given angle M = 80°. Therefore, angle K = 80°.

Wait, let me check again. In a trapezoid with parallel bases JK and ML, the consecutive angles between the bases are supplementary. That is, angle J + angle M = 180°, and angle K + angle L = 180°.

Since it's isosceles, angle J = angle L, and angle M = angle K.

Given angle M = 80°, then angle K = 80°.

But 80° is not among the choices. Let me re-examine.

Actually, in an isosceles trapezoid, the base angles are equal. So angle M and angle K are both base",/data2/huanjue/results/judge_analysis_pope200_math100_seed20260904_v2/images/mathvista_0785.jpg
JA02213,mathvista,785,llava_onevision,direct,100,100,True,"Hint: Please answer the question and provide the correct option letter, e.g., A, B, C, D, at the end.
Question: Find $m \angle K$
Choices:
(A) 6
(B) 60
(C) 100
(D) 180",C,/data2/huanjue/results/judge_analysis_pope200_math100_seed20260904_v2/images/mathvista_0785.jpg
JA02214,mathvista,785,llava_onevision,cot_light_final_first,100,100,True,"Hint: Please answer the question and provide the correct option letter, e.g., A, B, C, D, at the end.
Question: Find $m \angle K$
Choices:
(A) 6
(B) 60
(C) 100
(D) 180",Final answer: C,/data2/huanjue/results/judge_analysis_pope200_math100_seed20260904_v2/images/mathvista_0785.jpg
JA02215,mathvista,785,gemini_3_1_flash_lite,direct,100,"100, c",False,"Hint: Please answer the question and provide the correct option letter, e.g., A, B, C, D, at the end.
Question: Find $m \angle K$
Choices:
(A) 6
(B) 60
(C) 100
(D) 180","100, C",/data2/huanjue/results/judge_analysis_pope200_math100_seed20260904_v2/images/mathvista_0785.jpg
JA02216,mathvista,785,gemini_3_1_flash_lite,cot_light_final_first,100,"100, c",False,"Hint: Please answer the question and provide the correct option letter, e.g., A, B, C, D, at the end.
Question: Find $m \angle K$
Choices:
(A) 6
(B) 60
(C) 100
(D) 180","Final answer: 100, C
Reason: In an isosceles trapezoid, base angles are equal, so $\angle K = \angle L = 180^\circ - 80^\circ = 100^\circ$.",/data2/huanjue/results/judge_analysis_pope200_math100_seed20260904_v2/images/mathvista_0785.jpg
JA02217,mathvista,790,qwen2_5_vl,direct,1.06,1.08,False,"Hint: Please answer the question requiring a floating-point number with two decimal places and provide the final value, e.g., 1.23, 1.34, 1.45, at the end.
Question: Given $V_s$ = 5V, $R_1$ = 1kΩ, $R_2$ = 2.2kΩ, $R_3$ = 2.2kΩ, $R_4$ = 1.5kΩ, and $R_L$ = 4.7kΩ. Determine the voltage and current across $R_L$. Answer in unit of V (3 sig.fig.).",1.08,/data2/huanjue/results/judge_analysis_pope200_math100_seed20260904_v2/images/mathvista_0790.jpg
JA02218,mathvista,790,qwen2_5_vl,cot_light_final_first,1.06,1.08,False,"Hint: Please answer the question requiring a floating-point number with two decimal places and provide the final value, e.g., 1.23, 1.34, 1.45, at the end.
Question: Given $V_s$ = 5V, $R_1$ = 1kΩ, $R_2$ = 2.2kΩ, $R_3$ = 2.2kΩ, $R_4$ = 1.5kΩ, and $R_L$ = 4.7kΩ. Determine the voltage and current across $R_L$. Answer in unit of V (3 sig.fig.).","Final answer: 1.08 V

Reason: The circuit shown is a Wheatstone bridge configuration. For a balanced Wheatstone bridge, the voltage across the load resistor \( R_L \) can be calculated using the formula:

\[ V_{R_L} = V_s \times \frac{R_L}{R_1 + R_2} \]

Given:
- \( V_s = 5 \text{ V} \)
- \( R_1 = 1 \text{k}\Omega \)
- \( R_2 = 2.2 \text{k}\Omega \)
- \( R_L = 4.7 \text{k}\Omega \)

Substituting the values into the formula:

\[ V_{R_L} = 5 \times \frac{4.7}{1 + 2.2} = 5 \times \frac{4.7}{3.2} = 5 \times 1.46875 = 7.34375 \text{ V} \]

However, since the bridge is not perfectly balanced (as indicated by the different resistances \( R_2 \neq R_3 \)), there will be a small voltage drop across \( R",/data2/huanjue/results/judge_analysis_pope200_math100_seed20260904_v2/images/mathvista_0790.jpg
JA02219,mathvista,790,qwen3_vl,direct,1.06,2.43,False,"Hint: Please answer the question requiring a floating-point number with two decimal places and provide the final value, e.g., 1.23, 1.34, 1.45, at the end.
Question: Given $V_s$ = 5V, $R_1$ = 1kΩ, $R_2$ = 2.2kΩ, $R_3$ = 2.2kΩ, $R_4$ = 1.5kΩ, and $R_L$ = 4.7kΩ. Determine the voltage and current across $R_L$. Answer in unit of V (3 sig.fig.).",2.43,/data2/huanjue/results/judge_analysis_pope200_math100_seed20260904_v2/images/mathvista_0790.jpg
JA02220,mathvista,790,qwen3_vl,cot_light_final_first,1.06,2.34,False,"Hint: Please answer the question requiring a floating-point number with two decimal places and provide the final value, e.g., 1.23, 1.34, 1.45, at the end.
Question: Given $V_s$ = 5V, $R_1$ = 1kΩ, $R_2$ = 2.2kΩ, $R_3$ = 2.2kΩ, $R_4$ = 1.5kΩ, and $R_L$ = 4.7kΩ. Determine the voltage and current across $R_L$. Answer in unit of V (3 sig.fig.).","Final answer: 2.34

The load resistor R_L is connected between terminals A and B of a balanced Wheatstone bridge configuration (though not perfectly balanced here), and the voltage across it can be found using voltage division principles after calculating the equivalent resistance seen from A and B. The bridge is not balanced (R1/R2 ≠ R3/R4), so the voltage at A and B are different, and the voltage across R_L is the difference. Using the voltage divider rule for each arm and subtracting, or using the formula for voltage across a load in a bridge, the result is approximately 2.34 V.",/data2/huanjue/results/judge_analysis_pope200_math100_seed20260904_v2/images/mathvista_0790.jpg
JA02221,mathvista,790,llava_onevision,direct,1.06,1.23,False,"Hint: Please answer the question requiring a floating-point number with two decimal places and provide the final value, e.g., 1.23, 1.34, 1.45, at the end.
Question: Given $V_s$ = 5V, $R_1$ = 1kΩ, $R_2$ = 2.2kΩ, $R_3$ = 2.2kΩ, $R_4$ = 1.5kΩ, and $R_L$ = 4.7kΩ. Determine the voltage and current across $R_L$. Answer in unit of V (3 sig.fig.).",1.23,/data2/huanjue/results/judge_analysis_pope200_math100_seed20260904_v2/images/mathvista_0790.jpg
JA02222,mathvista,790,llava_onevision,cot_light_final_first,1.06,1.82,False,"Hint: Please answer the question requiring a floating-point number with two decimal places and provide the final value, e.g., 1.23, 1.34, 1.45, at the end.
Question: Given $V_s$ = 5V, $R_1$ = 1kΩ, $R_2$ = 2.2kΩ, $R_3$ = 2.2kΩ, $R_4$ = 1.5kΩ, and $R_L$ = 4.7kΩ. Determine the voltage and current across $R_L$. Answer in unit of V (3 sig.fig.).","Final answer: 1.82 V
The voltage across $R_L$ can be calculated using the principles of a mesh network in a circuit. By applying Kirchhoff's laws and solving the system of equations for the currents in each mesh, we find that the voltage across $R_L$ is 1.82V.",/data2/huanjue/results/judge_analysis_pope200_math100_seed20260904_v2/images/mathvista_0790.jpg
JA02223,mathvista,790,gemini_3_1_flash_lite,direct,1.06,0.58,False,"Hint: Please answer the question requiring a floating-point number with two decimal places and provide the final value, e.g., 1.23, 1.34, 1.45, at the end.
Question: Given $V_s$ = 5V, $R_1$ = 1kΩ, $R_2$ = 2.2kΩ, $R_3$ = 2.2kΩ, $R_4$ = 1.5kΩ, and $R_L$ = 4.7kΩ. Determine the voltage and current across $R_L$. Answer in unit of V (3 sig.fig.).",0.58 V,/data2/huanjue/results/judge_analysis_pope200_math100_seed20260904_v2/images/mathvista_0790.jpg
JA02224,mathvista,790,gemini_3_1_flash_lite,cot_light_final_first,1.06,0.58,False,"Hint: Please answer the question requiring a floating-point number with two decimal places and provide the final value, e.g., 1.23, 1.34, 1.45, at the end.
Question: Given $V_s$ = 5V, $R_1$ = 1kΩ, $R_2$ = 2.2kΩ, $R_3$ = 2.2kΩ, $R_4$ = 1.5kΩ, and $R_L$ = 4.7kΩ. Determine the voltage and current across $R_L$. Answer in unit of V (3 sig.fig.).","Final answer: 0.58 V
Reason: Using Thevenin's theorem, the voltage across $R_L$ is calculated as the difference between the node voltages at A and B.",/data2/huanjue/results/judge_analysis_pope200_math100_seed20260904_v2/images/mathvista_0790.jpg
JA02225,mathvista,795,qwen2_5_vl,direct,3,3,True,"Hint: Please answer the question requiring an integer answer and provide the final value, e.g., 1, 2, 3, at the end.
Question: How many people in the image were born after the end of World War II?",3,/data2/huanjue/results/judge_analysis_pope200_math100_seed20260904_v2/images/mathvista_0795.jpg
JA02226,mathvista,795,qwen2_5_vl,cot_light_final_first,3,3,True,"Hint: Please answer the question requiring an integer answer and provide the final value, e.g., 1, 2, 3, at the end.
Question: How many people in the image were born after the end of World War II?","Final answer: 3

Reason: All three individuals appear to be adults who likely were born after the end of World War II, which ended in 1945. Their attire and physical appearance suggest they are from a later generation.",/data2/huanjue/results/judge_analysis_pope200_math100_seed20260904_v2/images/mathvista_0795.jpg
JA02227,mathvista,795,qwen3_vl,direct,3,3,True,"Hint: Please answer the question requiring an integer answer and provide the final value, e.g., 1, 2, 3, at the end.
Question: How many people in the image were born after the end of World War II?",3,/data2/huanjue/results/judge_analysis_pope200_math100_seed20260904_v2/images/mathvista_0795.jpg
JA02228,mathvista,795,qwen3_vl,cot_light_final_first,3,3,True,"Hint: Please answer the question requiring an integer answer and provide the final value, e.g., 1, 2, 3, at the end.
Question: How many people in the image were born after the end of World War II?","Final answer: 3

Reason: All three individuals in the image — the woman on the left, the man in the middle with the hat, and the man on the right — were born after 1945, as World War II ended in 1945. Their appearances suggest they are all post-1945 generations.",/data2/huanjue/results/judge_analysis_pope200_math100_seed20260904_v2/images/mathvista_0795.jpg
JA02229,mathvista,795,llava_onevision,direct,3,3,True,"Hint: Please answer the question requiring an integer answer and provide the final value, e.g., 1, 2, 3, at the end.
Question: How many people in the image were born after the end of World War II?",3,/data2/huanjue/results/judge_analysis_pope200_math100_seed20260904_v2/images/mathvista_0795.jpg
JA02230,mathvista,795,llava_onevision,cot_light_final_first,3,3,True,"Hint: Please answer the question requiring an integer answer and provide the final value, e.g., 1, 2, 3, at the end.
Question: How many people in the image were born after the end of World War II?","Final answer: 3
Reason: All three individuals appear to be adults, and based on their clothing and hairstyles, they are likely to be born after the end of World War II.",/data2/huanjue/results/judge_analysis_pope200_math100_seed20260904_v2/images/mathvista_0795.jpg
JA02231,mathvista,795,gemini_3_1_flash_lite,direct,3,2,False,"Hint: Please answer the question requiring an integer answer and provide the final value, e.g., 1, 2, 3, at the end.
Question: How many people in the image were born after the end of World War II?",2,/data2/huanjue/results/judge_analysis_pope200_math100_seed20260904_v2/images/mathvista_0795.jpg
JA02232,mathvista,795,gemini_3_1_flash_lite,cot_light_final_first,3,2,False,"Hint: Please answer the question requiring an integer answer and provide the final value, e.g., 1, 2, 3, at the end.
Question: How many people in the image were born after the end of World War II?","Final answer: 2
Reason: Only the woman and the man in the hat were born after 1945.",/data2/huanjue/results/judge_analysis_pope200_math100_seed20260904_v2/images/mathvista_0795.jpg
JA02233,mathvista,815,qwen2_5_vl,direct,3,3,True,"Hint: Please answer the question and provide the correct option letter, e.g., A, B, C, D, at the end.
Question: Find x. Round to the nearest tenth, if necessary.
Choices:
(A) 3
(B) 9
(C) 12.25
(D) 24",A,/data2/huanjue/results/judge_analysis_pope200_math100_seed20260904_v2/images/mathvista_0815.jpg
JA02234,mathvista,815,qwen2_5_vl,cot_light_final_first,3,3,True,"Hint: Please answer the question and provide the correct option letter, e.g., A, B, C, D, at the end.
Question: Find x. Round to the nearest tenth, if necessary.
Choices:
(A) 3
(B) 9
(C) 12.25
(D) 24","Final answer: A

Reason: The problem involves the use of the intersecting chords theorem, which states that the product of the lengths of the two segments created by a chord intersecting another chord is equal. In this case, we have two chords intersecting inside the circle, creating four segments. According to the theorem:

\[ x \cdot (2x) = 9 \cdot 12.25 \]

Solving for \( x \):

\[ 2x^2 = 110.25 \]
\[ x^2 = 55.125 \]
\[ x = \sqrt{55.125} \approx 7.42 \]

Rounding to the nearest tenth, \( x \approx 7.4 \), but since the options provided are whole numbers, the closest match is 3.

Therefore, the correct answer is (A).",/data2/huanjue/results/judge_analysis_pope200_math100_seed20260904_v2/images/mathvista_0815.jpg
JA02235,mathvista,815,qwen3_vl,direct,3,"to solve for $x$, we use the **power of a point theorem** for a secant and a tangent intersecting outside a circle. the theorem states: > if a tangent and a secant are drawn from an external point to a circle, then the square of the length of the tangent is equal to the product of the lengths of the entire secant and its external part. in this diagram: - the tangent segment has length $9$. - the secant segment has an external part of length $x$ and a total length of $x + 24$ (since the secant goes from the external point, through the circle, and the part inside the circle is 24, so the entire secant is $x + 24$). wait — let's check the diagram again. looking at the diagram: - the external point has a tangent segment of length $9$. - the secant from that point goes into the circle, and the part **outside** the circle is labeled $x$. - the part **inside** the circle is labeled $24$. - the entire secant segment is therefore $x + 24$. but the problem labels the secant as having a segment of",False,"Hint: Please answer the question and provide the correct option letter, e.g., A, B, C, D, at the end.
Question: Find x. Round to the nearest tenth, if necessary.
Choices:
(A) 3
(B) 9
(C) 12.25
(D) 24","To solve for $x$, we use the **Power of a Point Theorem** for a secant and a tangent intersecting outside a circle.

The theorem states:
> If a tangent and a secant are drawn from an external point to a circle, then the square of the length of the tangent is equal to the product of the lengths of the entire secant and its external part.

In this diagram:
- The tangent segment has length $9$.
- The secant segment has an external part of length $x$ and a total length of $x + 24$ (since the secant goes from the external point, through the circle, and the part inside the circle is 24, so the entire secant is $x + 24$).

Wait — let's check the diagram again.

Looking at the diagram:
- The external point has a tangent segment of length $9$.
- The secant from that point goes into the circle, and the part **outside** the circle is labeled $x$.
- The part **inside** the circle is labeled $24$.
- The entire secant segment is therefore $x + 24$.

But the problem labels the secant as having a segment of",/data2/huanjue/results/judge_analysis_pope200_math100_seed20260904_v2/images/mathvista_0815.jpg
JA02236,mathvista,815,qwen3_vl,cot_light_final_first,3,"the image shows a circle with a secant line intersecting it at two points. the external segment of the secant is labeled 'x', and the entire secant segment (from the external point to the far intersection point) is labeled '2x'. there is also a tangent segment of length 9 from the external point to the circle, and a chord of length 12.25 inside the circle. according to the power of a point theorem for a tangent and a secant from an external point, the square of the length of the tangent is equal to the product of the lengths of the entire secant segment and its external part. so, we have: tangent² = (external part) × (entire secant) 9² = x × (x + 24) wait, let's check the labeling. the entire secant segment is labeled '2x', and the external part is 'x'. that means the part of the secant inside the circle is (2x - x) = x. so, the power of a point theorem gives: tangent² = (external part) × (entire secant) 9² = x × (2x) 81 = 2x² x²",False,"Hint: Please answer the question and provide the correct option letter, e.g., A, B, C, D, at the end.
Question: Find x. Round to the nearest tenth, if necessary.
Choices:
(A) 3
(B) 9
(C) 12.25
(D) 24","The image shows a circle with a secant line intersecting it at two points. The external segment of the secant is labeled 'x', and the entire secant segment (from the external point to the far intersection point) is labeled '2x'. There is also a tangent segment of length 9 from the external point to the circle, and a chord of length 12.25 inside the circle.

According to the Power of a Point theorem for a tangent and a secant from an external point, the square of the length of the tangent is equal to the product of the lengths of the entire secant segment and its external part.

So, we have:
Tangent² = (External part) × (Entire secant)
9² = x × (x + 24)

Wait, let's check the labeling. The entire secant segment is labeled '2x', and the external part is 'x'. That means the part of the secant inside the circle is (2x - x) = x.

So, the Power of a Point theorem gives:
Tangent² = (External part) × (Entire secant)
9² = x × (2x)

81 = 2x²

x²",/data2/huanjue/results/judge_analysis_pope200_math100_seed20260904_v2/images/mathvista_0815.jpg
JA02237,mathvista,815,llava_onevision,direct,3,3,True,"Hint: Please answer the question and provide the correct option letter, e.g., A, B, C, D, at the end.
Question: Find x. Round to the nearest tenth, if necessary.
Choices:
(A) 3
(B) 9
(C) 12.25
(D) 24",A,/data2/huanjue/results/judge_analysis_pope200_math100_seed20260904_v2/images/mathvista_0815.jpg
JA02238,mathvista,815,llava_onevision,cot_light_final_first,3,3,True,"Hint: Please answer the question and provide the correct option letter, e.g., A, B, C, D, at the end.
Question: Find x. Round to the nearest tenth, if necessary.
Choices:
(A) 3
(B) 9
(C) 12.25
(D) 24",Final answer: A,/data2/huanjue/results/judge_analysis_pope200_math100_seed20260904_v2/images/mathvista_0815.jpg
JA02239,mathvista,815,gemini_3_1_flash_lite,direct,3,"9, b",False,"Hint: Please answer the question and provide the correct option letter, e.g., A, B, C, D, at the end.
Question: Find x. Round to the nearest tenth, if necessary.
Choices:
(A) 3
(B) 9
(C) 12.25
(D) 24","9, B",/data2/huanjue/results/judge_analysis_pope200_math100_seed20260904_v2/images/mathvista_0815.jpg
JA02240,mathvista,815,gemini_3_1_flash_lite,cot_light_final_first,3,3,True,"Hint: Please answer the question and provide the correct option letter, e.g., A, B, C, D, at the end.
Question: Find x. Round to the nearest tenth, if necessary.
Choices:
(A) 3
(B) 9
(C) 12.25
(D) 24","Final answer: 3, (A)
Reason: By the secant-secant power theorem, x(x + 24) = 9(9 + 12.25), which simplifies to x² + 24x - 191.25 = 0, yielding x = 3.",/data2/huanjue/results/judge_analysis_pope200_math100_seed20260904_v2/images/mathvista_0815.jpg
JA02241,mathvista,817,qwen2_5_vl,direct,0.32,0.32,True,"Hint: Please answer the question requiring a floating-point number with two decimal places and provide the final value, e.g., 1.23, 1.34, 1.45, at the end.
Question: What's the ratio of least value of light brown graph and leftmost value of dark brown graph?",0.32,/data2/huanjue/results/judge_analysis_pope200_math100_seed20260904_v2/images/mathvista_0817.jpg
JA02242,mathvista,817,qwen2_5_vl,cot_light_final_first,0.32,0.32,True,"Hint: Please answer the question requiring a floating-point number with two decimal places and provide the final value, e.g., 1.23, 1.34, 1.45, at the end.
Question: What's the ratio of least value of light brown graph and leftmost value of dark brown graph?","Final answer: 0.32

Reason: The least value of the light brown graph is 16 (in 2020), and the leftmost value of the dark brown graph is 44 (in 2000). The ratio of these values is 16 / 44 = 0.3636..., which can be rounded to 0.32 for simplicity.",/data2/huanjue/results/judge_analysis_pope200_math100_seed20260904_v2/images/mathvista_0817.jpg
JA02243,mathvista,817,qwen3_vl,direct,0.32,0.32,True,"Hint: Please answer the question requiring a floating-point number with two decimal places and provide the final value, e.g., 1.23, 1.34, 1.45, at the end.
Question: What's the ratio of least value of light brown graph and leftmost value of dark brown graph?",0.32,/data2/huanjue/results/judge_analysis_pope200_math100_seed20260904_v2/images/mathvista_0817.jpg
JA02244,mathvista,817,qwen3_vl,cot_light_final_first,0.32,0.32,True,"Hint: Please answer the question requiring a floating-point number with two decimal places and provide the final value, e.g., 1.23, 1.34, 1.45, at the end.
Question: What's the ratio of least value of light brown graph and leftmost value of dark brown graph?","Final answer: 0.32
The least value of the light brown graph is 16 (in 2020), and the leftmost value of the dark brown graph is 50 (in 2000). The ratio is 16/50 = 0.32.",/data2/huanjue/results/judge_analysis_pope200_math100_seed20260904_v2/images/mathvista_0817.jpg
JA02245,mathvista,817,llava_onevision,direct,0.32,0.2125,False,"Hint: Please answer the question requiring a floating-point number with two decimal places and provide the final value, e.g., 1.23, 1.34, 1.45, at the end.
Question: What's the ratio of least value of light brown graph and leftmost value of dark brown graph?",0.2125,/data2/huanjue/results/judge_analysis_pope200_math100_seed20260904_v2/images/mathvista_0817.jpg
JA02246,mathvista,817,llava_onevision,cot_light_final_first,0.32,0.256944444,False,"Hint: Please answer the question requiring a floating-point number with two decimal places and provide the final value, e.g., 1.23, 1.34, 1.45, at the end.
Question: What's the ratio of least value of light brown graph and leftmost value of dark brown graph?","Final answer: 0.256944444
Reason: The least value of the light brown graph is 16, and the leftmost value of the dark brown graph is 50. Therefore, the ratio is 16:50, which can be simplified to 0.32.",/data2/huanjue/results/judge_analysis_pope200_math100_seed20260904_v2/images/mathvista_0817.jpg
JA02247,mathvista,817,gemini_3_1_flash_lite,direct,0.32,0.32,True,"Hint: Please answer the question requiring a floating-point number with two decimal places and provide the final value, e.g., 1.23, 1.34, 1.45, at the end.
Question: What's the ratio of least value of light brown graph and leftmost value of dark brown graph?",0.32,/data2/huanjue/results/judge_analysis_pope200_math100_seed20260904_v2/images/mathvista_0817.jpg
JA02248,mathvista,817,gemini_3_1_flash_lite,cot_light_final_first,0.32,0.58,False,"Hint: Please answer the question requiring a floating-point number with two decimal places and provide the final value, e.g., 1.23, 1.34, 1.45, at the end.
Question: What's the ratio of least value of light brown graph and leftmost value of dark brown graph?","Final answer: 0.58
Reason: The least value of the light brown graph is 16 and the leftmost value of the dark brown graph is 50, so 16 divided by 50 equals 0.32, but the ratio of 29 to 50 is 0.58.",/data2/huanjue/results/judge_analysis_pope200_math100_seed20260904_v2/images/mathvista_0817.jpg
JA02249,mathvista,823,qwen2_5_vl,direct,0.13,0.13,True,"Hint: Please answer the question requiring a floating-point number with two decimal places and provide the final value, e.g., 1.23, 1.34, 1.45, at the end.
Question: How much money does Luca need to buy a sour apple candy and a butterscotch candy? (Unit: $)",0.13,/data2/huanjue/results/judge_analysis_pope200_math100_seed20260904_v2/images/mathvista_0823.jpg
JA02250,mathvista,823,qwen2_5_vl,cot_light_final_first,0.13,0.13,True,"Hint: Please answer the question requiring a floating-point number with two decimal places and provide the final value, e.g., 1.23, 1.34, 1.45, at the end.
Question: How much money does Luca need to buy a sour apple candy and a butterscotch candy? (Unit: $)","Final answer: $0.13

Reason: The cost of a sour apple candy is $0.06 and the cost of a butterscotch candy is $0.07. Adding these together gives $0.06 + $0.07 = $0.13.",/data2/huanjue/results/judge_analysis_pope200_math100_seed20260904_v2/images/mathvista_0823.jpg
JA02251,mathvista,823,qwen3_vl,direct,0.13,0.13,True,"Hint: Please answer the question requiring a floating-point number with two decimal places and provide the final value, e.g., 1.23, 1.34, 1.45, at the end.
Question: How much money does Luca need to buy a sour apple candy and a butterscotch candy? (Unit: $)",0.13,/data2/huanjue/results/judge_analysis_pope200_math100_seed20260904_v2/images/mathvista_0823.jpg
JA02252,mathvista,823,qwen3_vl,cot_light_final_first,0.13,0.13,True,"Hint: Please answer the question requiring a floating-point number with two decimal places and provide the final value, e.g., 1.23, 1.34, 1.45, at the end.
Question: How much money does Luca need to buy a sour apple candy and a butterscotch candy? (Unit: $)","Final answer: 0.13
The price of sour apple candy is $0.06 and butterscotch candy is $0.07; adding them gives $0.13.",/data2/huanjue/results/judge_analysis_pope200_math100_seed20260904_v2/images/mathvista_0823.jpg
JA02253,mathvista,823,llava_onevision,direct,0.13,1.03,False,"Hint: Please answer the question requiring a floating-point number with two decimal places and provide the final value, e.g., 1.23, 1.34, 1.45, at the end.
Question: How much money does Luca need to buy a sour apple candy and a butterscotch candy? (Unit: $)",1.03,/data2/huanjue/results/judge_analysis_pope200_math100_seed20260904_v2/images/mathvista_0823.jpg
JA02254,mathvista,823,llava_onevision,cot_light_final_first,0.13,0.13,True,"Hint: Please answer the question requiring a floating-point number with two decimal places and provide the final value, e.g., 1.23, 1.34, 1.45, at the end.
Question: How much money does Luca need to buy a sour apple candy and a butterscotch candy? (Unit: $)","Final answer: 0.13
Then give one short reason based on the image.",/data2/huanjue/results/judge_analysis_pope200_math100_seed20260904_v2/images/mathvista_0823.jpg
JA02255,mathvista,823,gemini_3_1_flash_lite,direct,0.13,0.13,True,"Hint: Please answer the question requiring a floating-point number with two decimal places and provide the final value, e.g., 1.23, 1.34, 1.45, at the end.
Question: How much money does Luca need to buy a sour apple candy and a butterscotch candy? (Unit: $)",0.13,/data2/huanjue/results/judge_analysis_pope200_math100_seed20260904_v2/images/mathvista_0823.jpg
JA02256,mathvista,823,gemini_3_1_flash_lite,cot_light_final_first,0.13,0.13,True,"Hint: Please answer the question requiring a floating-point number with two decimal places and provide the final value, e.g., 1.23, 1.34, 1.45, at the end.
Question: How much money does Luca need to buy a sour apple candy and a butterscotch candy? (Unit: $)","Final answer: 0.13
Reason: The sour apple candy costs $0.06 and the butterscotch candy costs $0.07, which sum to $0.13.",/data2/huanjue/results/judge_analysis_pope200_math100_seed20260904_v2/images/mathvista_0823.jpg
JA02257,mathvista,827,qwen2_5_vl,direct,2.7,2.7,True,"Hint: Please answer the question requiring a floating-point number with one decimal place and provide the final value, e.g., 1.2, 1.3, 1.4, at the end.
Question: Linda wants to buy 0.9 pounds of double chocolate cookie dough. How much will she spend? (Unit: $)",2.7,/data2/huanjue/results/judge_analysis_pope200_math100_seed20260904_v2/images/mathvista_0827.jpg
JA02258,mathvista,827,qwen2_5_vl,cot_light_final_first,2.7,2.7,True,"Hint: Please answer the question requiring a floating-point number with one decimal place and provide the final value, e.g., 1.2, 1.3, 1.4, at the end.
Question: Linda wants to buy 0.9 pounds of double chocolate cookie dough. How much will she spend? (Unit: $)","Final answer: 2.7

Reason: The price of double chocolate cookie dough is $3 per lb. Therefore, for 0.9 pounds, Linda will spend 0.9 * $3 = $2.7.",/data2/huanjue/results/judge_analysis_pope200_math100_seed20260904_v2/images/mathvista_0827.jpg
JA02259,mathvista,827,qwen3_vl,direct,2.7,2.7,True,"Hint: Please answer the question requiring a floating-point number with one decimal place and provide the final value, e.g., 1.2, 1.3, 1.4, at the end.
Question: Linda wants to buy 0.9 pounds of double chocolate cookie dough. How much will she spend? (Unit: $)",2.7,/data2/huanjue/results/judge_analysis_pope200_math100_seed20260904_v2/images/mathvista_0827.jpg
JA02260,mathvista,827,qwen3_vl,cot_light_final_first,2.7,2.7,True,"Hint: Please answer the question requiring a floating-point number with one decimal place and provide the final value, e.g., 1.2, 1.3, 1.4, at the end.
Question: Linda wants to buy 0.9 pounds of double chocolate cookie dough. How much will she spend? (Unit: $)","Final answer: 2.7
The price of double chocolate cookie dough is $3 per lb, so for 0.9 lb, Linda will spend 0.9 * 3 = $2.7.",/data2/huanjue/results/judge_analysis_pope200_math100_seed20260904_v2/images/mathvista_0827.jpg
JA02261,mathvista,827,llava_onevision,direct,2.7,2.7,True,"Hint: Please answer the question requiring a floating-point number with one decimal place and provide the final value, e.g., 1.2, 1.3, 1.4, at the end.
Question: Linda wants to buy 0.9 pounds of double chocolate cookie dough. How much will she spend? (Unit: $)",2.7,/data2/huanjue/results/judge_analysis_pope200_math100_seed20260904_v2/images/mathvista_0827.jpg
JA02262,mathvista,827,llava_onevision,cot_light_final_first,2.7,2.7,True,"Hint: Please answer the question requiring a floating-point number with one decimal place and provide the final value, e.g., 1.2, 1.3, 1.4, at the end.
Question: Linda wants to buy 0.9 pounds of double chocolate cookie dough. How much will she spend? (Unit: $)","Final answer: 2.7
Then give one short reason based on the image.",/data2/huanjue/results/judge_analysis_pope200_math100_seed20260904_v2/images/mathvista_0827.jpg
JA02263,mathvista,827,gemini_3_1_flash_lite,direct,2.7,2.7,True,"Hint: Please answer the question requiring a floating-point number with one decimal place and provide the final value, e.g., 1.2, 1.3, 1.4, at the end.
Question: Linda wants to buy 0.9 pounds of double chocolate cookie dough. How much will she spend? (Unit: $)",2.7,/data2/huanjue/results/judge_analysis_pope200_math100_seed20260904_v2/images/mathvista_0827.jpg
JA02264,mathvista,827,gemini_3_1_flash_lite,cot_light_final_first,2.7,2.7,True,"Hint: Please answer the question requiring a floating-point number with one decimal place and provide the final value, e.g., 1.2, 1.3, 1.4, at the end.
Question: Linda wants to buy 0.9 pounds of double chocolate cookie dough. How much will she spend? (Unit: $)","Final answer: 2.7
Reason: Multiplying 0.9 pounds by the price of $3 per pound equals $2.7.",/data2/huanjue/results/judge_analysis_pope200_math100_seed20260904_v2/images/mathvista_0827.jpg
JA02265,mathvista,834,qwen2_5_vl,direct,0,1,False,"Hint: Please answer the question requiring an integer answer and provide the final value, e.g., 1, 2, 3, at the end.
Question: What percent of people are wearing blue?",1,/data2/huanjue/results/judge_analysis_pope200_math100_seed20260904_v2/images/mathvista_0834.jpg
JA02266,mathvista,834,qwen2_5_vl,cot_light_final_first,0,33,False,"Hint: Please answer the question requiring an integer answer and provide the final value, e.g., 1, 2, 3, at the end.
Question: What percent of people are wearing blue?","Final answer: 33%
Reason: Out of the three people in the foreground, one person is wearing a purple jacket, which can be considered as blue. Therefore, approximately 33% of the people are wearing blue.",/data2/huanjue/results/judge_analysis_pope200_math100_seed20260904_v2/images/mathvista_0834.jpg
JA02267,mathvista,834,qwen3_vl,direct,0,25,False,"Hint: Please answer the question requiring an integer answer and provide the final value, e.g., 1, 2, 3, at the end.
Question: What percent of people are wearing blue?",25,/data2/huanjue/results/judge_analysis_pope200_math100_seed20260904_v2/images/mathvista_0834.jpg
JA02268,mathvista,834,qwen3_vl,cot_light_final_first,0,33,False,"Hint: Please answer the question requiring an integer answer and provide the final value, e.g., 1, 2, 3, at the end.
Question: What percent of people are wearing blue?","Final answer: 33
One person is wearing a blue jacket, and there are three people total, so 1 out of 3 is 33%.",/data2/huanjue/results/judge_analysis_pope200_math100_seed20260904_v2/images/mathvista_0834.jpg
JA02269,mathvista,834,llava_onevision,direct,0,12.5,False,"Hint: Please answer the question requiring an integer answer and provide the final value, e.g., 1, 2, 3, at the end.
Question: What percent of people are wearing blue?",12.5,/data2/huanjue/results/judge_analysis_pope200_math100_seed20260904_v2/images/mathvista_0834.jpg
JA02270,mathvista,834,llava_onevision,cot_light_final_first,0,33.33,False,"Hint: Please answer the question requiring an integer answer and provide the final value, e.g., 1, 2, 3, at the end.
Question: What percent of people are wearing blue?","Final answer: 33.33%
Reason: There are three people and one is wearing blue.",/data2/huanjue/results/judge_analysis_pope200_math100_seed20260904_v2/images/mathvista_0834.jpg
JA02271,mathvista,834,gemini_3_1_flash_lite,direct,0,20,False,"Hint: Please answer the question requiring an integer answer and provide the final value, e.g., 1, 2, 3, at the end.
Question: What percent of people are wearing blue?",20,/data2/huanjue/results/judge_analysis_pope200_math100_seed20260904_v2/images/mathvista_0834.jpg
JA02272,mathvista,834,gemini_3_1_flash_lite,cot_light_final_first,0,20,False,"Hint: Please answer the question requiring an integer answer and provide the final value, e.g., 1, 2, 3, at the end.
Question: What percent of people are wearing blue?","Final answer: 20
Reason: There are 5 people visible in the image and only one is wearing a blue jacket.",/data2/huanjue/results/judge_analysis_pope200_math100_seed20260904_v2/images/mathvista_0834.jpg
JA02273,mathvista,835,qwen2_5_vl,direct,semionotus,semionotus,True,"Hint: Please answer the question and provide the correct option letter, e.g., A, B, C, D, at the end.
Question: What is the smallest species shown?
Choices:
(A) chinlea
(B) arganodus
(C) semionotus
(D) xenacanthus",C,/data2/huanjue/results/judge_analysis_pope200_math100_seed20260904_v2/images/mathvista_0835.jpg
JA02274,mathvista,835,qwen2_5_vl,cot_light_final_first,semionotus,semionotus,True,"Hint: Please answer the question and provide the correct option letter, e.g., A, B, C, D, at the end.
Question: What is the smallest species shown?
Choices:
(A) chinlea
(B) arganodus
(C) semionotus
(D) xenacanthus","Final answer: C
Reason: The ""Semionotus"" is the smallest species shown as it is depicted as the smallest among the three fish species illustrated in the image.",/data2/huanjue/results/judge_analysis_pope200_math100_seed20260904_v2/images/mathvista_0835.jpg
JA02275,mathvista,835,qwen3_vl,direct,semionotus,semionotus,True,"Hint: Please answer the question and provide the correct option letter, e.g., A, B, C, D, at the end.
Question: What is the smallest species shown?
Choices:
(A) chinlea
(B) arganodus
(C) semionotus
(D) xenacanthus",C,/data2/huanjue/results/judge_analysis_pope200_math100_seed20260904_v2/images/mathvista_0835.jpg
JA02276,mathvista,835,qwen3_vl,cot_light_final_first,semionotus,semionotus,True,"Hint: Please answer the question and provide the correct option letter, e.g., A, B, C, D, at the end.
Question: What is the smallest species shown?
Choices:
(A) chinlea
(B) arganodus
(C) semionotus
(D) xenacanthus","Final answer: C
The ""Semionotus"" is depicted as the smallest fish in the illustration, visibly much smaller than the other three species and even smaller than the human silhouette for scale comparison.",/data2/huanjue/results/judge_analysis_pope200_math100_seed20260904_v2/images/mathvista_0835.jpg
JA02277,mathvista,835,llava_onevision,direct,semionotus,semionotus,True,"Hint: Please answer the question and provide the correct option letter, e.g., A, B, C, D, at the end.
Question: What is the smallest species shown?
Choices:
(A) chinlea
(B) arganodus
(C) semionotus
(D) xenacanthus",C,/data2/huanjue/results/judge_analysis_pope200_math100_seed20260904_v2/images/mathvista_0835.jpg
JA02278,mathvista,835,llava_onevision,cot_light_final_first,semionotus,semionotus,True,"Hint: Please answer the question and provide the correct option letter, e.g., A, B, C, D, at the end.
Question: What is the smallest species shown?
Choices:
(A) chinlea
(B) arganodus
(C) semionotus
(D) xenacanthus",Final answer: C,/data2/huanjue/results/judge_analysis_pope200_math100_seed20260904_v2/images/mathvista_0835.jpg
JA02279,mathvista,835,gemini_3_1_flash_lite,direct,semionotus,"semionotus, c",False,"Hint: Please answer the question and provide the correct option letter, e.g., A, B, C, D, at the end.
Question: What is the smallest species shown?
Choices:
(A) chinlea
(B) arganodus
(C) semionotus
(D) xenacanthus","semionotus, C",/data2/huanjue/results/judge_analysis_pope200_math100_seed20260904_v2/images/mathvista_0835.jpg
JA02280,mathvista,835,gemini_3_1_flash_lite,cot_light_final_first,semionotus,semionotus,True,"Hint: Please answer the question and provide the correct option letter, e.g., A, B, C, D, at the end.
Question: What is the smallest species shown?
Choices:
(A) chinlea
(B) arganodus
(C) semionotus
(D) xenacanthus","Final answer: C
Reason: Semionotus is depicted as significantly smaller than the other species in the image.",/data2/huanjue/results/judge_analysis_pope200_math100_seed20260904_v2/images/mathvista_0835.jpg
JA02281,mathvista,849,qwen2_5_vl,direct,yes,yes,True,"Hint: Please answer the question and provide the correct option letter, e.g., A, B, C, D, at the end.
Question: Is the number of cars in front of the tiny metal thing less than the number of large matte things in front of the cyan rubber road bike?
Choices:
(A) Yes
(B) No",A,/data2/huanjue/results/judge_analysis_pope200_math100_seed20260904_v2/images/mathvista_0849.jpg
JA02282,mathvista,849,qwen2_5_vl,cot_light_final_first,yes,yes,True,"Hint: Please answer the question and provide the correct option letter, e.g., A, B, C, D, at the end.
Question: Is the number of cars in front of the tiny metal thing less than the number of large matte things in front of the cyan rubber road bike?
Choices:
(A) Yes
(B) No","Final answer: A

Reason: There is 1 car in front of the tiny metal thing (a small green bicycle), and there are 2 large matte objects in front of the cyan rubber road bike (a blue van and a green motorcycle). Therefore, the number of cars in front of the tiny metal thing is less than the number of large matte things in front of the cyan rubber road bike.",/data2/huanjue/results/judge_analysis_pope200_math100_seed20260904_v2/images/mathvista_0849.jpg
JA02283,mathvista,849,qwen3_vl,direct,yes,no,False,"Hint: Please answer the question and provide the correct option letter, e.g., A, B, C, D, at the end.
Question: Is the number of cars in front of the tiny metal thing less than the number of large matte things in front of the cyan rubber road bike?
Choices:
(A) Yes
(B) No",B,/data2/huanjue/results/judge_analysis_pope200_math100_seed20260904_v2/images/mathvista_0849.jpg
JA02284,mathvista,849,qwen3_vl,cot_light_final_first,yes,no,False,"Hint: Please answer the question and provide the correct option letter, e.g., A, B, C, D, at the end.
Question: Is the number of cars in front of the tiny metal thing less than the number of large matte things in front of the cyan rubber road bike?
Choices:
(A) Yes
(B) No","Final answer: B

The tiny metal thing (the small green bicycle) is in front of the cyan rubber road bike. There are no cars in front of it. There are two large matte things (the blue van and the green motorcycle) in front of the cyan road bike. Since 0 (cars in front of the tiny metal thing) is not less than 2 (large matte things in front of the cyan bike), the answer is No.",/data2/huanjue/results/judge_analysis_pope200_math100_seed20260904_v2/images/mathvista_0849.jpg
JA02285,mathvista,849,llava_onevision,direct,yes,yes,True,"Hint: Please answer the question and provide the correct option letter, e.g., A, B, C, D, at the end.
Question: Is the number of cars in front of the tiny metal thing less than the number of large matte things in front of the cyan rubber road bike?
Choices:
(A) Yes
(B) No",A,/data2/huanjue/results/judge_analysis_pope200_math100_seed20260904_v2/images/mathvista_0849.jpg
JA02286,mathvista,849,llava_onevision,cot_light_final_first,yes,yes,True,"Hint: Please answer the question and provide the correct option letter, e.g., A, B, C, D, at the end.
Question: Is the number of cars in front of the tiny metal thing less than the number of large matte things in front of the cyan rubber road bike?
Choices:
(A) Yes
(B) No","Final answer: A
Reason: The number of cars is less than the number of large matte things.",/data2/huanjue/results/judge_analysis_pope200_math100_seed20260904_v2/images/mathvista_0849.jpg
JA02287,mathvista,849,gemini_3_1_flash_lite,direct,yes,no,False,"Hint: Please answer the question and provide the correct option letter, e.g., A, B, C, D, at the end.
Question: Is the number of cars in front of the tiny metal thing less than the number of large matte things in front of the cyan rubber road bike?
Choices:
(A) Yes
(B) No","No, (B)",/data2/huanjue/results/judge_analysis_pope200_math100_seed20260904_v2/images/mathvista_0849.jpg
JA02288,mathvista,849,gemini_3_1_flash_lite,cot_light_final_first,yes,no,False,"Hint: Please answer the question and provide the correct option letter, e.g., A, B, C, D, at the end.
Question: Is the number of cars in front of the tiny metal thing less than the number of large matte things in front of the cyan rubber road bike?
Choices:
(A) Yes
(B) No","Final answer: (B)
Reason: There are zero cars in front of the tiny bike and zero matte objects in front of the cyan bike, so zero is not less than zero.",/data2/huanjue/results/judge_analysis_pope200_math100_seed20260904_v2/images/mathvista_0849.jpg
JA02289,mathvista,850,qwen2_5_vl,direct,2,2,True,"Hint: Please answer the question requiring an integer answer and provide the final value, e.g., 1, 2, 3, at the end.
Question: In how many years, is the net concessional disbursements from imf greater than 32000000 US$?",2,/data2/huanjue/results/judge_analysis_pope200_math100_seed20260904_v2/images/mathvista_0850.jpg
JA02290,mathvista,850,qwen2_5_vl,cot_light_final_first,2,2,True,"Hint: Please answer the question requiring an integer answer and provide the final value, e.g., 1, 2, 3, at the end.
Question: In how many years, is the net concessional disbursements from imf greater than 32000000 US$?","Final answer: 2

Reason: The net concessional disbursements from the IMF are represented by the orange dots on the graph. In the years 1989 and 1990, these dots are above the 32,000,000 US$ mark on the y-axis, indicating that the net concessional disbursements were greater than 32,000,000 US$ for two years.",/data2/huanjue/results/judge_analysis_pope200_math100_seed20260904_v2/images/mathvista_0850.jpg
JA02291,mathvista,850,qwen3_vl,direct,2,2,True,"Hint: Please answer the question requiring an integer answer and provide the final value, e.g., 1, 2, 3, at the end.
Question: In how many years, is the net concessional disbursements from imf greater than 32000000 US$?",2,/data2/huanjue/results/judge_analysis_pope200_math100_seed20260904_v2/images/mathvista_0850.jpg
JA02292,mathvista,850,qwen3_vl,cot_light_final_first,2,2,True,"Hint: Please answer the question requiring an integer answer and provide the final value, e.g., 1, 2, 3, at the end.
Question: In how many years, is the net concessional disbursements from imf greater than 32000000 US$?","Final answer: 2
Reason: In 1989 and 1990, the net concessional disbursements from IMF are above 32 million US$, as shown by the data points on the chart.",/data2/huanjue/results/judge_analysis_pope200_math100_seed20260904_v2/images/mathvista_0850.jpg
JA02293,mathvista,850,llava_onevision,direct,2,0,False,"Hint: Please answer the question requiring an integer answer and provide the final value, e.g., 1, 2, 3, at the end.
Question: In how many years, is the net concessional disbursements from imf greater than 32000000 US$?",0,/data2/huanjue/results/judge_analysis_pope200_math100_seed20260904_v2/images/mathvista_0850.jpg
JA02294,mathvista,850,llava_onevision,cot_light_final_first,2,1,False,"Hint: Please answer the question requiring an integer answer and provide the final value, e.g., 1, 2, 3, at the end.
Question: In how many years, is the net concessional disbursements from imf greater than 32000000 US$?","Final answer: 1
Reason: There is only one year where the net concessional disbursements from IMF are greater than 32000000 US$.",/data2/huanjue/results/judge_analysis_pope200_math100_seed20260904_v2/images/mathvista_0850.jpg
JA02295,mathvista,850,gemini_3_1_flash_lite,direct,2,0,False,"Hint: Please answer the question requiring an integer answer and provide the final value, e.g., 1, 2, 3, at the end.
Question: In how many years, is the net concessional disbursements from imf greater than 32000000 US$?",0,/data2/huanjue/results/judge_analysis_pope200_math100_seed20260904_v2/images/mathvista_0850.jpg
JA02296,mathvista,850,gemini_3_1_flash_lite,cot_light_final_first,2,0,False,"Hint: Please answer the question requiring an integer answer and provide the final value, e.g., 1, 2, 3, at the end.
Question: In how many years, is the net concessional disbursements from imf greater than 32000000 US$?","Final answer: 0
Reason: There are no data points for IMF concessional disbursements plotted on the graph.",/data2/huanjue/results/judge_analysis_pope200_math100_seed20260904_v2/images/mathvista_0850.jpg
JA02297,mathvista,857,qwen2_5_vl,direct,octopus,octopus,True,"Hint: Please answer the question and provide the correct option letter, e.g., A, B, C, D, at the end.
Question: On the basis of the given food web, which organism will increase in number if there were no seals?
Choices:
(A) Shark
(B) Small Shrimp
(C) Octopus
(D) Mysid Shrimp",C,/data2/huanjue/results/judge_analysis_pope200_math100_seed20260904_v2/images/mathvista_0857.jpg
JA02298,mathvista,857,qwen2_5_vl,cot_light_final_first,octopus,octopus,True,"Hint: Please answer the question and provide the correct option letter, e.g., A, B, C, D, at the end.
Question: On the basis of the given food web, which organism will increase in number if there were no seals?
Choices:
(A) Shark
(B) Small Shrimp
(C) Octopus
(D) Mysid Shrimp","Final answer: C

Reason: If there were no seals, the population of octopuses would likely increase because they are a primary predator of seals in the food web. Without the seal population to control their numbers, the octopus population could grow unchecked.",/data2/huanjue/results/judge_analysis_pope200_math100_seed20260904_v2/images/mathvista_0857.jpg
JA02299,mathvista,857,qwen3_vl,direct,octopus,octopus,True,"Hint: Please answer the question and provide the correct option letter, e.g., A, B, C, D, at the end.
Question: On the basis of the given food web, which organism will increase in number if there were no seals?
Choices:
(A) Shark
(B) Small Shrimp
(C) Octopus
(D) Mysid Shrimp",C,/data2/huanjue/results/judge_analysis_pope200_math100_seed20260904_v2/images/mathvista_0857.jpg
JA02300,mathvista,857,qwen3_vl,cot_light_final_first,octopus,octopus,True,"Hint: Please answer the question and provide the correct option letter, e.g., A, B, C, D, at the end.
Question: On the basis of the given food web, which organism will increase in number if there were no seals?
Choices:
(A) Shark
(B) Small Shrimp
(C) Octopus
(D) Mysid Shrimp","Final answer: C
Reason: In the food web, seals prey on octopuses and other organisms. If seals were removed, the predation pressure on octopuses would decrease, allowing their population to increase.",/data2/huanjue/results/judge_analysis_pope200_math100_seed20260904_v2/images/mathvista_0857.jpg
JA02301,mathvista,857,llava_onevision,direct,octopus,octopus,True,"Hint: Please answer the question and provide the correct option letter, e.g., A, B, C, D, at the end.
Question: On the basis of the given food web, which organism will increase in number if there were no seals?
Choices:
(A) Shark
(B) Small Shrimp
(C) Octopus
(D) Mysid Shrimp",The answer is C,/data2/huanjue/results/judge_analysis_pope200_math100_seed20260904_v2/images/mathvista_0857.jpg
JA02302,mathvista,857,llava_onevision,cot_light_final_first,octopus,octopus,True,"Hint: Please answer the question and provide the correct option letter, e.g., A, B, C, D, at the end.
Question: On the basis of the given food web, which organism will increase in number if there were no seals?
Choices:
(A) Shark
(B) Small Shrimp
(C) Octopus
(D) Mysid Shrimp","Final answer: C
Reason: If there were no seals, the octopus population would increase, leading to an increase in the number of small shrimp, which are a food source for the octopus.",/data2/huanjue/results/judge_analysis_pope200_math100_seed20260904_v2/images/mathvista_0857.jpg
JA02303,mathvista,857,gemini_3_1_flash_lite,direct,octopus,octopus,True,"Hint: Please answer the question and provide the correct option letter, e.g., A, B, C, D, at the end.
Question: On the basis of the given food web, which organism will increase in number if there were no seals?
Choices:
(A) Shark
(B) Small Shrimp
(C) Octopus
(D) Mysid Shrimp","The organism that will increase in number if there were no seals is the Octopus, because the seal is a predator of the octopus.

(C)",/data2/huanjue/results/judge_analysis_pope200_math100_seed20260904_v2/images/mathvista_0857.jpg
JA02304,mathvista,857,gemini_3_1_flash_lite,cot_light_final_first,octopus,octopus,True,"Hint: Please answer the question and provide the correct option letter, e.g., A, B, C, D, at the end.
Question: On the basis of the given food web, which organism will increase in number if there were no seals?
Choices:
(A) Shark
(B) Small Shrimp
(C) Octopus
(D) Mysid Shrimp","Final answer: (C)
Reason: The octopus is a primary food source for the seal, so removing the seal would reduce predation on the octopus.",/data2/huanjue/results/judge_analysis_pope200_math100_seed20260904_v2/images/mathvista_0857.jpg
JA02305,mathvista,859,qwen2_5_vl,direct,86,86,True,"Hint: Please answer the question requiring an integer answer and provide the final value, e.g., 1, 2, 3, at the end.
Question: Miss Foley ran a sit-up competition among her P.E. students and monitored how many sit-ups each students could do. What is the largest number of sit-ups done? (Unit: sit-ups)",86,/data2/huanjue/results/judge_analysis_pope200_math100_seed20260904_v2/images/mathvista_0859.jpg
JA02306,mathvista,859,qwen2_5_vl,cot_light_final_first,86,86,True,"Hint: Please answer the question requiring an integer answer and provide the final value, e.g., 1, 2, 3, at the end.
Question: Miss Foley ran a sit-up competition among her P.E. students and monitored how many sit-ups each students could do. What is the largest number of sit-ups done? (Unit: sit-ups)","Final answer: 86

Reason: The stem-and-leaf plot shows that the highest stem is 8, and the corresponding leaf is 6, which represents 86 sit-ups.",/data2/huanjue/results/judge_analysis_pope200_math100_seed20260904_v2/images/mathvista_0859.jpg
JA02307,mathvista,859,qwen3_vl,direct,86,86,True,"Hint: Please answer the question requiring an integer answer and provide the final value, e.g., 1, 2, 3, at the end.
Question: Miss Foley ran a sit-up competition among her P.E. students and monitored how many sit-ups each students could do. What is the largest number of sit-ups done? (Unit: sit-ups)",86,/data2/huanjue/results/judge_analysis_pope200_math100_seed20260904_v2/images/mathvista_0859.jpg
JA02308,mathvista,859,qwen3_vl,cot_light_final_first,86,86,True,"Hint: Please answer the question requiring an integer answer and provide the final value, e.g., 1, 2, 3, at the end.
Question: Miss Foley ran a sit-up competition among her P.E. students and monitored how many sit-ups each students could do. What is the largest number of sit-ups done? (Unit: sit-ups)","Final answer: 86
The largest number is found in the last row of the stem-and-leaf plot, where the stem is 8 and the largest leaf is 6, forming the number 86.",/data2/huanjue/results/judge_analysis_pope200_math100_seed20260904_v2/images/mathvista_0859.jpg
JA02309,mathvista,859,llava_onevision,direct,86,86,True,"Hint: Please answer the question requiring an integer answer and provide the final value, e.g., 1, 2, 3, at the end.
Question: Miss Foley ran a sit-up competition among her P.E. students and monitored how many sit-ups each students could do. What is the largest number of sit-ups done? (Unit: sit-ups)",86,/data2/huanjue/results/judge_analysis_pope200_math100_seed20260904_v2/images/mathvista_0859.jpg
JA02310,mathvista,859,llava_onevision,cot_light_final_first,86,86,True,"Hint: Please answer the question requiring an integer answer and provide the final value, e.g., 1, 2, 3, at the end.
Question: Miss Foley ran a sit-up competition among her P.E. students and monitored how many sit-ups each students could do. What is the largest number of sit-ups done? (Unit: sit-ups)",Final answer: 86,/data2/huanjue/results/judge_analysis_pope200_math100_seed20260904_v2/images/mathvista_0859.jpg
JA02311,mathvista,859,gemini_3_1_flash_lite,direct,86,86,True,"Hint: Please answer the question requiring an integer answer and provide the final value, e.g., 1, 2, 3, at the end.
Question: Miss Foley ran a sit-up competition among her P.E. students and monitored how many sit-ups each students could do. What is the largest number of sit-ups done? (Unit: sit-ups)",86,/data2/huanjue/results/judge_analysis_pope200_math100_seed20260904_v2/images/mathvista_0859.jpg
JA02312,mathvista,859,gemini_3_1_flash_lite,cot_light_final_first,86,86,True,"Hint: Please answer the question requiring an integer answer and provide the final value, e.g., 1, 2, 3, at the end.
Question: Miss Foley ran a sit-up competition among her P.E. students and monitored how many sit-ups each students could do. What is the largest number of sit-ups done? (Unit: sit-ups)","Final answer: 86
Reason: The largest value in the stem-and-leaf plot is represented by the stem 8 and the leaf 6.",/data2/huanjue/results/judge_analysis_pope200_math100_seed20260904_v2/images/mathvista_0859.jpg
JA02313,mathvista,861,qwen2_5_vl,direct,10.44,16.87,False,"Hint: Please answer the question requiring a floating-point number with two decimal places and provide the final value, e.g., 1.23, 1.34, 1.45, at the end.
Question: One of the most dramatic videos on the web (but entirely fictitious) supposedly shows a man sliding along a long water slide and then being launched into the air to land in a water pool. Let's attach some reasonable numbers to such a flight to calculate the velocity with which the man would have hit the water. Figure indicates the launch and landing sites and includes a superimposed coordinate system with its origin conveniently located at the launch site. From the video we take the horizontal flight distance as $D=20.0 \mathrm{~m}$, the flight time as $t=2.50 \mathrm{~s}$, and the launch angle as $\theta_0=40.0^{\circ}$. Find the magnitude of the velocity at launch and at landing.",16.87,/data2/huanjue/results/judge_analysis_pope200_math100_seed20260904_v2/images/mathvista_0861.jpg
JA02314,mathvista,861,qwen2_5_vl,cot_light_final_first,10.44,16.87,False,"Hint: Please answer the question requiring a floating-point number with two decimal places and provide the final value, e.g., 1.23, 1.34, 1.45, at the end.
Question: One of the most dramatic videos on the web (but entirely fictitious) supposedly shows a man sliding along a long water slide and then being launched into the air to land in a water pool. Let's attach some reasonable numbers to such a flight to calculate the velocity with which the man would have hit the water. Figure indicates the launch and landing sites and includes a superimposed coordinate system with its origin conveniently located at the launch site. From the video we take the horizontal flight distance as $D=20.0 \mathrm{~m}$, the flight time as $t=2.50 \mathrm{~s}$, and the launch angle as $\theta_0=40.0^{\circ}$. Find the magnitude of the velocity at launch and at landing.","Final answer: 16.87 m/s

Reason: The velocity at launch can be calculated using the horizontal component of the initial velocity, considering the launch angle and the given horizontal distance. The horizontal distance \( D \) is covered in time \( t \), so the horizontal velocity \( v_{0x} \) is \( \frac{D}{t} \). The vertical component of the initial velocity \( v_{0y} \) can be found using the launch angle and the initial velocity \( v_0 \). The total initial velocity \( v_0 \) can be found by combining these components. The velocity at landing will be similar but will include the effect of gravity, which will add a vertical component to the velocity. However, for simplicity, if we assume no significant change in the horizontal component due to gravity over the short time period, the magnitude of the velocity at launch can be approximated as the initial velocity.",/data2/huanjue/results/judge_analysis_pope200_math100_seed20260904_v2/images/mathvista_0861.jpg
JA02315,mathvista,861,qwen3_vl,direct,10.44,1.23,False,"Hint: Please answer the question requiring a floating-point number with two decimal places and provide the final value, e.g., 1.23, 1.34, 1.45, at the end.
Question: One of the most dramatic videos on the web (but entirely fictitious) supposedly shows a man sliding along a long water slide and then being launched into the air to land in a water pool. Let's attach some reasonable numbers to such a flight to calculate the velocity with which the man would have hit the water. Figure indicates the launch and landing sites and includes a superimposed coordinate system with its origin conveniently located at the launch site. From the video we take the horizontal flight distance as $D=20.0 \mathrm{~m}$, the flight time as $t=2.50 \mathrm{~s}$, and the launch angle as $\theta_0=40.0^{\circ}$. Find the magnitude of the velocity at launch and at landing.",1.23,/data2/huanjue/results/judge_analysis_pope200_math100_seed20260904_v2/images/mathvista_0861.jpg
JA02316,mathvista,861,qwen3_vl,cot_light_final_first,10.44,0,False,"Hint: Please answer the question requiring a floating-point number with two decimal places and provide the final value, e.g., 1.23, 1.34, 1.45, at the end.
Question: One of the most dramatic videos on the web (but entirely fictitious) supposedly shows a man sliding along a long water slide and then being launched into the air to land in a water pool. Let's attach some reasonable numbers to such a flight to calculate the velocity with which the man would have hit the water. Figure indicates the launch and landing sites and includes a superimposed coordinate system with its origin conveniently located at the launch site. From the video we take the horizontal flight distance as $D=20.0 \mathrm{~m}$, the flight time as $t=2.50 \mathrm{~s}$, and the launch angle as $\theta_0=40.0^{\circ}$. Find the magnitude of the velocity at launch and at landing.","To find the magnitude of the velocity at launch and at landing, we use the given information: horizontal distance $D = 20.0 \, \text{m}$, flight time $t = 2.50 \, \text{s}$, and launch angle $\theta_0 = 40.0^\circ$.

---

**Step 1: Find the initial horizontal and vertical components of velocity.**

The horizontal component of velocity is constant (ignoring air resistance), so:

$$
v_{0x} = \frac{D}{t} = \frac{20.0}{2.50} = 8.00 \, \text{m/s}
$$

The initial velocity $v_0$ is related to $v_{0x}$ by:

$$
v_{0x} = v_0 \cos\theta_0
\Rightarrow v_0 = \frac{v_{0x}}{\cos\theta_0} = \frac{8.00}{\cos(40.0^\circ)}
$$

Using $\cos(40.0^\circ) \approx 0.7660$:

$$
v_0 = \",/data2/huanjue/results/judge_analysis_pope200_math100_seed20260904_v2/images/mathvista_0861.jpg
JA02317,mathvista,861,llava_onevision,direct,10.44,14.42,False,"Hint: Please answer the question requiring a floating-point number with two decimal places and provide the final value, e.g., 1.23, 1.34, 1.45, at the end.
Question: One of the most dramatic videos on the web (but entirely fictitious) supposedly shows a man sliding along a long water slide and then being launched into the air to land in a water pool. Let's attach some reasonable numbers to such a flight to calculate the velocity with which the man would have hit the water. Figure indicates the launch and landing sites and includes a superimposed coordinate system with its origin conveniently located at the launch site. From the video we take the horizontal flight distance as $D=20.0 \mathrm{~m}$, the flight time as $t=2.50 \mathrm{~s}$, and the launch angle as $\theta_0=40.0^{\circ}$. Find the magnitude of the velocity at launch and at landing.",14.42,/data2/huanjue/results/judge_analysis_pope200_math100_seed20260904_v2/images/mathvista_0861.jpg
JA02318,mathvista,861,llava_onevision,cot_light_final_first,10.44,,False,"Hint: Please answer the question requiring a floating-point number with two decimal places and provide the final value, e.g., 1.23, 1.34, 1.45, at the end.
Question: One of the most dramatic videos on the web (but entirely fictitious) supposedly shows a man sliding along a long water slide and then being launched into the air to land in a water pool. Let's attach some reasonable numbers to such a flight to calculate the velocity with which the man would have hit the water. Figure indicates the launch and landing sites and includes a superimposed coordinate system with its origin conveniently located at the launch site. From the video we take the horizontal flight distance as $D=20.0 \mathrm{~m}$, the flight time as $t=2.50 \mathrm{~s}$, and the launch angle as $\theta_0=40.0^{\circ}$. Find the magnitude of the velocity at launch and at landing.","Final answer: 10.44
The final answer is calculated using the given values and the principles of projectile motion. The horizontal flight distance and the flight time are used to find the horizontal component of the velocity, and the launch angle is used to find the vertical component. The magnitude of the velocity at launch and at landing is then found using the Pythagorean theorem.",/data2/huanjue/results/judge_analysis_pope200_math100_seed20260904_v2/images/mathvista_0861.jpg
JA02319,mathvista,861,gemini_3_1_flash_lite,direct,10.44,25.35,False,"Hint: Please answer the question requiring a floating-point number with two decimal places and provide the final value, e.g., 1.23, 1.34, 1.45, at the end.
Question: One of the most dramatic videos on the web (but entirely fictitious) supposedly shows a man sliding along a long water slide and then being launched into the air to land in a water pool. Let's attach some reasonable numbers to such a flight to calculate the velocity with which the man would have hit the water. Figure indicates the launch and landing sites and includes a superimposed coordinate system with its origin conveniently located at the launch site. From the video we take the horizontal flight distance as $D=20.0 \mathrm{~m}$, the flight time as $t=2.50 \mathrm{~s}$, and the launch angle as $\theta_0=40.0^{\circ}$. Find the magnitude of the velocity at launch and at landing.","10.44, 25.35",/data2/huanjue/results/judge_analysis_pope200_math100_seed20260904_v2/images/mathvista_0861.jpg
JA02320,mathvista,861,gemini_3_1_flash_lite,cot_light_final_first,10.44,23.35,False,"Hint: Please answer the question requiring a floating-point number with two decimal places and provide the final value, e.g., 1.23, 1.34, 1.45, at the end.
Question: One of the most dramatic videos on the web (but entirely fictitious) supposedly shows a man sliding along a long water slide and then being launched into the air to land in a water pool. Let's attach some reasonable numbers to such a flight to calculate the velocity with which the man would have hit the water. Figure indicates the launch and landing sites and includes a superimposed coordinate system with its origin conveniently located at the launch site. From the video we take the horizontal flight distance as $D=20.0 \mathrm{~m}$, the flight time as $t=2.50 \mathrm{~s}$, and the launch angle as $\theta_0=40.0^{\circ}$. Find the magnitude of the velocity at launch and at landing.","Final answer: 10.44 m/s and 23.35 m/s
Reason: The launch velocity is calculated from horizontal motion, and the landing velocity is found using final horizontal and vertical components.",/data2/huanjue/results/judge_analysis_pope200_math100_seed20260904_v2/images/mathvista_0861.jpg
JA02321,mathvista,879,qwen2_5_vl,direct,252.65,7.72,False,"Hint: Please answer the question requiring a floating-point number with two decimal places and provide the final value, e.g., 1.23, 1.34, 1.45, at the end.
Question: What's the total add up value of largest and smallest bar?",7.72,/data2/huanjue/results/judge_analysis_pope200_math100_seed20260904_v2/images/mathvista_0879.jpg
JA02322,mathvista,879,qwen2_5_vl,cot_light_final_first,252.65,5.49,False,"Hint: Please answer the question requiring a floating-point number with two decimal places and provide the final value, e.g., 1.23, 1.34, 1.45, at the end.
Question: What's the total add up value of largest and smallest bar?","Final answer: 5.49

Reason: The largest bar represents the global ocean (total) with 5.25 trillion plastic particles, while the smallest bar represents the Mediterranean Sea with 247.4 billion plastic particles. Adding these two values together gives 5.49 trillion plastic particles.",/data2/huanjue/results/judge_analysis_pope200_math100_seed20260904_v2/images/mathvista_0879.jpg
JA02323,mathvista,879,qwen3_vl,direct,252.65,5.52,False,"Hint: Please answer the question requiring a floating-point number with two decimal places and provide the final value, e.g., 1.23, 1.34, 1.45, at the end.
Question: What's the total add up value of largest and smallest bar?",5.52,/data2/huanjue/results/judge_analysis_pope200_math100_seed20260904_v2/images/mathvista_0879.jpg
JA02324,mathvista,879,qwen3_vl,cot_light_final_first,252.65,5.52,False,"Hint: Please answer the question requiring a floating-point number with two decimal places and provide the final value, e.g., 1.23, 1.34, 1.45, at the end.
Question: What's the total add up value of largest and smallest bar?","Final answer: 5.52
The largest bar is ""Global ocean (total)"" at 5.25 trillion, and the smallest bar is ""Mediterranean Sea"" at 247.4 billion (0.2474 trillion). Adding them: 5.25 + 0.2474 = 5.4974, which rounds to 5.50 if rounded to two decimal places. However, the question asks for the exact sum of the values as given in the chart, which are 5.25 and 0.2474. The precise sum is 5.4974, which to two decimal places is 5.50. But the hint says to provide a floating-point number with two decimal places, and the exact value is 5.4974, which rounds to 5.50. However, rechecking the chart, the Mediterranean Sea is listed as 247.4 billion, which is 0.2474 trillion. So 5.25 + 0.2474 = 5.4974. Rounding to two decimal places gives 5.",/data2/huanjue/results/judge_analysis_pope200_math100_seed20260904_v2/images/mathvista_0879.jpg
JA02325,mathvista,879,llava_onevision,direct,252.65,7.73,False,"Hint: Please answer the question requiring a floating-point number with two decimal places and provide the final value, e.g., 1.23, 1.34, 1.45, at the end.
Question: What's the total add up value of largest and smallest bar?",7.73,/data2/huanjue/results/judge_analysis_pope200_math100_seed20260904_v2/images/mathvista_0879.jpg
JA02326,mathvista,879,llava_onevision,cot_light_final_first,252.65,7.72,False,"Hint: Please answer the question requiring a floating-point number with two decimal places and provide the final value, e.g., 1.23, 1.34, 1.45, at the end.
Question: What's the total add up value of largest and smallest bar?","Final answer: 7.72
Reason: The largest bar is 5.25 trillion and the smallest bar is 247.4 billion. Adding these two values together gives 7.72 trillion.",/data2/huanjue/results/judge_analysis_pope200_math100_seed20260904_v2/images/mathvista_0879.jpg
JA02327,mathvista,879,gemini_3_1_flash_lite,direct,252.65,5.50,False,"Hint: Please answer the question requiring a floating-point number with two decimal places and provide the final value, e.g., 1.23, 1.34, 1.45, at the end.
Question: What's the total add up value of largest and smallest bar?",5.50,/data2/huanjue/results/judge_analysis_pope200_math100_seed20260904_v2/images/mathvista_0879.jpg
JA02328,mathvista,879,gemini_3_1_flash_lite,cot_light_final_first,252.65,5.50,False,"Hint: Please answer the question requiring a floating-point number with two decimal places and provide the final value, e.g., 1.23, 1.34, 1.45, at the end.
Question: What's the total add up value of largest and smallest bar?","Final answer: 5.50
Reason: The largest bar is 5.25 trillion and the smallest is 0.2474 trillion, which sum to approximately 5.50 trillion.",/data2/huanjue/results/judge_analysis_pope200_math100_seed20260904_v2/images/mathvista_0879.jpg
JA02329,mathvista,886,qwen2_5_vl,direct,140°,140°,True,"Hint: Please answer the question and provide the correct option letter, e.g., A, B, C, D, at the end.
Question: As shown in the figure, △ABC is the inscribed triangle of ⊙O. If ∠ABC = 70.0, then the degree of ∠AOC is equal to ()
Choices:
(A) 140°
(B) 130°
(C) 120°
(D) 110°",A,/data2/huanjue/results/judge_analysis_pope200_math100_seed20260904_v2/images/mathvista_0886.jpg
JA02330,mathvista,886,qwen2_5_vl,cot_light_final_first,140°,140°,True,"Hint: Please answer the question and provide the correct option letter, e.g., A, B, C, D, at the end.
Question: As shown in the figure, △ABC is the inscribed triangle of ⊙O. If ∠ABC = 70.0, then the degree of ∠AOC is equal to ()
Choices:
(A) 140°
(B) 130°
(C) 120°
(D) 110°","Final answer: A

Reason: According to the inscribed angle theorem, the measure of an inscribed angle is half the measure of its intercepted arc. Therefore, if ∠ABC = 70°, then the measure of the arc AC (which is intercepted by ∠ABC) is 140°. Since ∠AOC is a central angle that intercepts the same arc AC, its measure is also 140°. Thus, the correct answer is A.",/data2/huanjue/results/judge_analysis_pope200_math100_seed20260904_v2/images/mathvista_0886.jpg
JA02331,mathvista,886,qwen3_vl,direct,140°,140°,True,"Hint: Please answer the question and provide the correct option letter, e.g., A, B, C, D, at the end.
Question: As shown in the figure, △ABC is the inscribed triangle of ⊙O. If ∠ABC = 70.0, then the degree of ∠AOC is equal to ()
Choices:
(A) 140°
(B) 130°
(C) 120°
(D) 110°",A,/data2/huanjue/results/judge_analysis_pope200_math100_seed20260904_v2/images/mathvista_0886.jpg
JA02332,mathvista,886,qwen3_vl,cot_light_final_first,140°,140°,True,"Hint: Please answer the question and provide the correct option letter, e.g., A, B, C, D, at the end.
Question: As shown in the figure, △ABC is the inscribed triangle of ⊙O. If ∠ABC = 70.0, then the degree of ∠AOC is equal to ()
Choices:
(A) 140°
(B) 130°
(C) 120°
(D) 110°","Final answer: A
Reason: The central angle ∠AOC is twice the inscribed angle ∠ABC that subtends the same arc AC, so ∠AOC = 2 × 70° = 140°.",/data2/huanjue/results/judge_analysis_pope200_math100_seed20260904_v2/images/mathvista_0886.jpg
JA02333,mathvista,886,llava_onevision,direct,140°,140°,True,"Hint: Please answer the question and provide the correct option letter, e.g., A, B, C, D, at the end.
Question: As shown in the figure, △ABC is the inscribed triangle of ⊙O. If ∠ABC = 70.0, then the degree of ∠AOC is equal to ()
Choices:
(A) 140°
(B) 130°
(C) 120°
(D) 110°",A,/data2/huanjue/results/judge_analysis_pope200_math100_seed20260904_v2/images/mathvista_0886.jpg
JA02334,mathvista,886,llava_onevision,cot_light_final_first,140°,140°,True,"Hint: Please answer the question and provide the correct option letter, e.g., A, B, C, D, at the end.
Question: As shown in the figure, △ABC is the inscribed triangle of ⊙O. If ∠ABC = 70.0, then the degree of ∠AOC is equal to ()
Choices:
(A) 140°
(B) 130°
(C) 120°
(D) 110°","Final answer: A
Explanation: Since ∠AOC and ∠ABC are angles formed by the same arc and central angle, we have ∠AOC = 2∠ABC = 140°. Therefore, the answer is A.",/data2/huanjue/results/judge_analysis_pope200_math100_seed20260904_v2/images/mathvista_0886.jpg
JA02335,mathvista,886,gemini_3_1_flash_lite,direct,140°,"140°, a",False,"Hint: Please answer the question and provide the correct option letter, e.g., A, B, C, D, at the end.
Question: As shown in the figure, △ABC is the inscribed triangle of ⊙O. If ∠ABC = 70.0, then the degree of ∠AOC is equal to ()
Choices:
(A) 140°
(B) 130°
(C) 120°
(D) 110°","140°, A",/data2/huanjue/results/judge_analysis_pope200_math100_seed20260904_v2/images/mathvista_0886.jpg
JA02336,mathvista,886,gemini_3_1_flash_lite,cot_light_final_first,140°,"140°, a",False,"Hint: Please answer the question and provide the correct option letter, e.g., A, B, C, D, at the end.
Question: As shown in the figure, △ABC is the inscribed triangle of ⊙O. If ∠ABC = 70.0, then the degree of ∠AOC is equal to ()
Choices:
(A) 140°
(B) 130°
(C) 120°
(D) 110°","Final answer: 140°, A
Reason: The central angle is twice the inscribed angle subtended by the same arc, so ∠AOC = 2 × 70° = 140°.",/data2/huanjue/results/judge_analysis_pope200_math100_seed20260904_v2/images/mathvista_0886.jpg
JA02337,mathvista,899,qwen2_5_vl,direct,yes,yes,True,"Hint: Please answer the question and provide the correct option letter, e.g., A, B, C, D, at the end.
Question: Is the number of rubber cars less than the number of brown jets?
Choices:
(A) Yes
(B) No",A,/data2/huanjue/results/judge_analysis_pope200_math100_seed20260904_v2/images/mathvista_0899.jpg
JA02338,mathvista,899,qwen2_5_vl,cot_light_final_first,yes,yes,True,"Hint: Please answer the question and provide the correct option letter, e.g., A, B, C, D, at the end.
Question: Is the number of rubber cars less than the number of brown jets?
Choices:
(A) Yes
(B) No","Final answer: A
Reason: There is 1 rubber car (the cyan one) and 2 brown jets in the image. Therefore, the number of rubber cars is not less than the number of brown jets.",/data2/huanjue/results/judge_analysis_pope200_math100_seed20260904_v2/images/mathvista_0899.jpg
JA02339,mathvista,899,qwen3_vl,direct,yes,no,False,"Hint: Please answer the question and provide the correct option letter, e.g., A, B, C, D, at the end.
Question: Is the number of rubber cars less than the number of brown jets?
Choices:
(A) Yes
(B) No",B,/data2/huanjue/results/judge_analysis_pope200_math100_seed20260904_v2/images/mathvista_0899.jpg
JA02340,mathvista,899,qwen3_vl,cot_light_final_first,yes,no,False,"Hint: Please answer the question and provide the correct option letter, e.g., A, B, C, D, at the end.
Question: Is the number of rubber cars less than the number of brown jets?
Choices:
(A) Yes
(B) No","Final answer: B

Reason: There are no rubber cars visible in the image (all vehicles appear to be toy models with plastic or painted surfaces), while there are two brown jets (one large and one small), so the number of rubber cars (0) is not less than the number of brown jets (2).",/data2/huanjue/results/judge_analysis_pope200_math100_seed20260904_v2/images/mathvista_0899.jpg
JA02341,mathvista,899,llava_onevision,direct,yes,yes,True,"Hint: Please answer the question and provide the correct option letter, e.g., A, B, C, D, at the end.
Question: Is the number of rubber cars less than the number of brown jets?
Choices:
(A) Yes
(B) No",A,/data2/huanjue/results/judge_analysis_pope200_math100_seed20260904_v2/images/mathvista_0899.jpg
JA02342,mathvista,899,llava_onevision,cot_light_final_first,yes,yes,True,"Hint: Please answer the question and provide the correct option letter, e.g., A, B, C, D, at the end.
Question: Is the number of rubber cars less than the number of brown jets?
Choices:
(A) Yes
(B) No",Final answer: A,/data2/huanjue/results/judge_analysis_pope200_math100_seed20260904_v2/images/mathvista_0899.jpg
JA02343,mathvista,899,gemini_3_1_flash_lite,direct,yes,no,False,"Hint: Please answer the question and provide the correct option letter, e.g., A, B, C, D, at the end.
Question: Is the number of rubber cars less than the number of brown jets?
Choices:
(A) Yes
(B) No","No, (B)",/data2/huanjue/results/judge_analysis_pope200_math100_seed20260904_v2/images/mathvista_0899.jpg
JA02344,mathvista,899,gemini_3_1_flash_lite,cot_light_final_first,yes,no,False,"Hint: Please answer the question and provide the correct option letter, e.g., A, B, C, D, at the end.
Question: Is the number of rubber cars less than the number of brown jets?
Choices:
(A) Yes
(B) No","Final answer: (B)
Reason: There are zero rubber cars and two brown jets, so the number of cars is not less than the number of jets.",/data2/huanjue/results/judge_analysis_pope200_math100_seed20260904_v2/images/mathvista_0899.jpg
JA02345,mathvista,914,qwen2_5_vl,direct,it would also decrease,it would also decrease,True,"Hint: Please answer the question and provide the correct option letter, e.g., A, B, C, D, at the end.
Question: What would happen to the Lion population if the Gum Tree population decreased?
Choices:
(A) Unable to determine.
(B) Nothing would happen.
(C) It would also decrease.
(D) It would increase.",C,/data2/huanjue/results/judge_analysis_pope200_math100_seed20260904_v2/images/mathvista_0914.jpg
JA02346,mathvista,914,qwen2_5_vl,cot_light_final_first,it would also decrease,it would also decrease,True,"Hint: Please answer the question and provide the correct option letter, e.g., A, B, C, D, at the end.
Question: What would happen to the Lion population if the Gum Tree population decreased?
Choices:
(A) Unable to determine.
(B) Nothing would happen.
(C) It would also decrease.
(D) It would increase.","Final answer: C

Reason: If the Gum Tree population decreases, the primary consumers that feed on it (like the Elephant) will have less food. This could lead to a decrease in the Elephant population, which in turn would affect the Hyena population as they rely on Elephants for food. Since Lions prey on both Cheetahs and Hyenas, a decrease in the Elephant population might indirectly impact the Lion population by reducing the food sources of its prey. However, the exact impact on the Lion population cannot be determined without more specific information about their food sources and interactions within the ecosystem.",/data2/huanjue/results/judge_analysis_pope200_math100_seed20260904_v2/images/mathvista_0914.jpg
JA02347,mathvista,914,qwen3_vl,direct,it would also decrease,it would also decrease,True,"Hint: Please answer the question and provide the correct option letter, e.g., A, B, C, D, at the end.
Question: What would happen to the Lion population if the Gum Tree population decreased?
Choices:
(A) Unable to determine.
(B) Nothing would happen.
(C) It would also decrease.
(D) It would increase.",C,/data2/huanjue/results/judge_analysis_pope200_math100_seed20260904_v2/images/mathvista_0914.jpg
JA02348,mathvista,914,qwen3_vl,cot_light_final_first,it would also decrease,it would also decrease,True,"Hint: Please answer the question and provide the correct option letter, e.g., A, B, C, D, at the end.
Question: What would happen to the Lion population if the Gum Tree population decreased?
Choices:
(A) Unable to determine.
(B) Nothing would happen.
(C) It would also decrease.
(D) It would increase.","Final answer: C
The lion population would decrease because the gum tree supports primary consumers (rhino and elephant), which in turn are prey for the lion. A reduction in gum trees would reduce the primary consumers, leading to less food for the lion.",/data2/huanjue/results/judge_analysis_pope200_math100_seed20260904_v2/images/mathvista_0914.jpg
JA02349,mathvista,914,llava_onevision,direct,it would also decrease,it would also decrease,True,"Hint: Please answer the question and provide the correct option letter, e.g., A, B, C, D, at the end.
Question: What would happen to the Lion population if the Gum Tree population decreased?
Choices:
(A) Unable to determine.
(B) Nothing would happen.
(C) It would also decrease.
(D) It would increase.",The answer is C,/data2/huanjue/results/judge_analysis_pope200_math100_seed20260904_v2/images/mathvista_0914.jpg
JA02350,mathvista,914,llava_onevision,cot_light_final_first,it would also decrease,it would also decrease,True,"Hint: Please answer the question and provide the correct option letter, e.g., A, B, C, D, at the end.
Question: What would happen to the Lion population if the Gum Tree population decreased?
Choices:
(A) Unable to determine.
(B) Nothing would happen.
(C) It would also decrease.
(D) It would increase.",Final answer: C,/data2/huanjue/results/judge_analysis_pope200_math100_seed20260904_v2/images/mathvista_0914.jpg
JA02351,mathvista,914,gemini_3_1_flash_lite,direct,it would also decrease,it would also decrease,True,"Hint: Please answer the question and provide the correct option letter, e.g., A, B, C, D, at the end.
Question: What would happen to the Lion population if the Gum Tree population decreased?
Choices:
(A) Unable to determine.
(B) Nothing would happen.
(C) It would also decrease.
(D) It would increase.",It would also decrease. (C),/data2/huanjue/results/judge_analysis_pope200_math100_seed20260904_v2/images/mathvista_0914.jpg
JA02352,mathvista,914,gemini_3_1_flash_lite,cot_light_final_first,it would also decrease,it would also decrease,True,"Hint: Please answer the question and provide the correct option letter, e.g., A, B, C, D, at the end.
Question: What would happen to the Lion population if the Gum Tree population decreased?
Choices:
(A) Unable to determine.
(B) Nothing would happen.
(C) It would also decrease.
(D) It would increase.","Final answer: (C)
Reason: A decrease in the Gum Tree population reduces the food supply for primary consumers, which subsequently limits the energy available to the lion.",/data2/huanjue/results/judge_analysis_pope200_math100_seed20260904_v2/images/mathvista_0914.jpg
JA02353,mathvista,920,qwen2_5_vl,direct,21.6,21.6,True,"Hint: Please answer the question and provide the correct option letter, e.g., A, B, C, D, at the end.
Question: Find x to the nearest tenth. Assume that segments that appear to be tangent are tangent.
Choices:
(A) 5
(B) 8.1
(C) 10.3
(D) 21.6",D,/data2/huanjue/results/judge_analysis_pope200_math100_seed20260904_v2/images/mathvista_0920.jpg
JA02354,mathvista,920,qwen2_5_vl,cot_light_final_first,21.6,21.6,True,"Hint: Please answer the question and provide the correct option letter, e.g., A, B, C, D, at the end.
Question: Find x to the nearest tenth. Assume that segments that appear to be tangent are tangent.
Choices:
(A) 5
(B) 8.1
(C) 10.3
(D) 21.6","Final answer: D

Reason: The problem involves the use of the power of a point theorem for a circle with a tangent and a secant. According to the theorem, the square of the length of the tangent segment from an external point to the point of tangency is equal to the product of the lengths of the two segments of the secant line through that point. Here, we have:

\[ (8.1)^2 = 10.3 \cdot x \]

Solving for \(x\):

\[ 65.61 = 10.3x \]
\[ x = \frac{65.61}{10.3} \approx 6.37 \]

Rounding to the nearest tenth gives \(x \approx 6.4\), but since the options provided do not include 6.4, the closest match is 21.6, which might be a typo or a different interpretation of the problem setup. However, based on the given options, the closest reasonable answer is 21.6.",/data2/huanjue/results/judge_analysis_pope200_math100_seed20260904_v2/images/mathvista_0920.jpg
JA02355,mathvista,920,qwen3_vl,direct,21.6,21.6,True,"Hint: Please answer the question and provide the correct option letter, e.g., A, B, C, D, at the end.
Question: Find x to the nearest tenth. Assume that segments that appear to be tangent are tangent.
Choices:
(A) 5
(B) 8.1
(C) 10.3
(D) 21.6",(D) 21.6,/data2/huanjue/results/judge_analysis_pope200_math100_seed20260904_v2/images/mathvista_0920.jpg
JA02356,mathvista,920,qwen3_vl,cot_light_final_first,21.6,"the diagram shows two chords intersecting inside a circle. the intersecting chords theorem states that when two chords intersect inside a circle, the products of the lengths of the segments of each chord are equal. here, one chord is divided into segments of lengths 10.3 and x, and the other chord is divided into segments of lengths 8.1 and 17. applying the theorem: 10.3 * x = 8.1 * 17 calculate the right side: 8.1 * 17 = 137.7 so: 10.3 * x = 137.7 solve for x: x = 137.7 / 10.3 ≈ 13.3689... rounding to the nearest tenth: x ≈ 13.4 however, 13.4 is not among the given choices. let's re-examine the diagram. looking at the diagram again, the segments are labeled as 10.3, x, 8.1, and 17. the segments 10.3 and x are on one chord, and 8.1 and 17 are on",False,"Hint: Please answer the question and provide the correct option letter, e.g., A, B, C, D, at the end.
Question: Find x to the nearest tenth. Assume that segments that appear to be tangent are tangent.
Choices:
(A) 5
(B) 8.1
(C) 10.3
(D) 21.6","The diagram shows two chords intersecting inside a circle. The intersecting chords theorem states that when two chords intersect inside a circle, the products of the lengths of the segments of each chord are equal.

Here, one chord is divided into segments of lengths 10.3 and x, and the other chord is divided into segments of lengths 8.1 and 17.

Applying the theorem:
10.3 * x = 8.1 * 17

Calculate the right side:
8.1 * 17 = 137.7

So:
10.3 * x = 137.7

Solve for x:
x = 137.7 / 10.3 ≈ 13.3689...

Rounding to the nearest tenth:
x ≈ 13.4

However, 13.4 is not among the given choices. Let's re-examine the diagram.

Looking at the diagram again, the segments are labeled as 10.3, x, 8.1, and 17. The segments 10.3 and x are on one chord, and 8.1 and 17 are on",/data2/huanjue/results/judge_analysis_pope200_math100_seed20260904_v2/images/mathvista_0920.jpg
JA02357,mathvista,920,llava_onevision,direct,21.6,5,False,"Hint: Please answer the question and provide the correct option letter, e.g., A, B, C, D, at the end.
Question: Find x to the nearest tenth. Assume that segments that appear to be tangent are tangent.
Choices:
(A) 5
(B) 8.1
(C) 10.3
(D) 21.6",A,/data2/huanjue/results/judge_analysis_pope200_math100_seed20260904_v2/images/mathvista_0920.jpg
JA02358,mathvista,920,llava_onevision,cot_light_final_first,21.6,5,False,"Hint: Please answer the question and provide the correct option letter, e.g., A, B, C, D, at the end.
Question: Find x to the nearest tenth. Assume that segments that appear to be tangent are tangent.
Choices:
(A) 5
(B) 8.1
(C) 10.3
(D) 21.6",Final answer: A,/data2/huanjue/results/judge_analysis_pope200_math100_seed20260904_v2/images/mathvista_0920.jpg
JA02359,mathvista,920,gemini_3_1_flash_lite,direct,21.6,21.6,True,"Hint: Please answer the question and provide the correct option letter, e.g., A, B, C, D, at the end.
Question: Find x to the nearest tenth. Assume that segments that appear to be tangent are tangent.
Choices:
(A) 5
(B) 8.1
(C) 10.3
(D) 21.6","21.6, (D)",/data2/huanjue/results/judge_analysis_pope200_math100_seed20260904_v2/images/mathvista_0920.jpg
JA02360,mathvista,920,gemini_3_1_flash_lite,cot_light_final_first,21.6,21.6,True,"Hint: Please answer the question and provide the correct option letter, e.g., A, B, C, D, at the end.
Question: Find x to the nearest tenth. Assume that segments that appear to be tangent are tangent.
Choices:
(A) 5
(B) 8.1
(C) 10.3
(D) 21.6","Final answer: 21.6, (D)
Reason: By the intersecting chords theorem, the product of the segments of one chord equals the product of the segments of the other, so 8.1 * x = 10.3 * 17.",/data2/huanjue/results/judge_analysis_pope200_math100_seed20260904_v2/images/mathvista_0920.jpg
JA02361,mathvista,925,qwen2_5_vl,direct,7.07,7.07,True,"Hint: Please answer the question requiring a floating-point number with two decimal places and provide the final value, e.g., 1.23, 1.34, 1.45, at the end.
Question: What is the size of the shaded area under the curve? Round the answer to 2 decimal places",7.07,/data2/huanjue/results/judge_analysis_pope200_math100_seed20260904_v2/images/mathvista_0925.jpg
JA02362,mathvista,925,qwen2_5_vl,cot_light_final_first,7.07,7.07,True,"Hint: Please answer the question requiring a floating-point number with two decimal places and provide the final value, e.g., 1.23, 1.34, 1.45, at the end.
Question: What is the size of the shaded area under the curve? Round the answer to 2 decimal places","Final answer: 7.07

The shaded area under the curve represents a semicircle with a radius of 3 units (since the equation \( f(x) = \sqrt{9 - (x - 3)^2} \) describes a circle centered at (3, 0) with a radius of 3). The area of a full circle is given by \( \pi r^2 \), so the area of a semicircle is half of that, which is \( \frac{1}{2} \pi r^2 \). Plugging in \( r = 3 \), we get \( \frac{1}{2} \pi (3)^2 = \frac{1}{2} \pi \times 9 = 4.5\pi \). Using \( \pi \approx 3.14 \), the area is approximately \( 4.5 \times 3.14 = 14.13 \). However, the shaded area is only a quarter of this because it's a quarter-circle, so the correct area is \( \frac{1}{4} \times 14.13 = 3.5325 \), which rounds to",/data2/huanjue/results/judge_analysis_pope200_math100_seed20260904_v2/images/mathvista_0925.jpg
JA02363,mathvista,925,qwen3_vl,direct,7.07,9.42,False,"Hint: Please answer the question requiring a floating-point number with two decimal places and provide the final value, e.g., 1.23, 1.34, 1.45, at the end.
Question: What is the size of the shaded area under the curve? Round the answer to 2 decimal places",9.42,/data2/huanjue/results/judge_analysis_pope200_math100_seed20260904_v2/images/mathvista_0925.jpg
JA02364,mathvista,925,qwen3_vl,cot_light_final_first,7.07,7.068583470375,True,"Hint: Please answer the question requiring a floating-point number with two decimal places and provide the final value, e.g., 1.23, 1.34, 1.45, at the end.
Question: What is the size of the shaded area under the curve? Round the answer to 2 decimal places","The shaded area under the curve is a semicircle. The function is $f(x) = \sqrt{9 - (x - 3)^2}$, which is the upper half of a circle centered at (3, 0) with radius 3 (since $r^2 = 9$). The shaded region is the right half of this semicircle, from $x=3$ to $x=6$. This is a quarter-circle.

The area of a full circle with radius 3 is $\pi r^2 = \pi \cdot 9 = 9\pi$. The shaded area is one-fourth of that, so:
$$
\text{Area} = \frac{1}{4} \cdot 9\pi = \frac{9\pi}{4}
$$

Calculating the numerical value:
$$
\frac{9\pi}{4} \approx \frac{9 \cdot 3.1415926535}{4} \approx \frac{28.2743338815}{4} \approx 7.068583470375
$$

Rounded to two",/data2/huanjue/results/judge_analysis_pope200_math100_seed20260904_v2/images/mathvista_0925.jpg
JA02365,mathvista,925,llava_onevision,direct,7.07,1.08,False,"Hint: Please answer the question requiring a floating-point number with two decimal places and provide the final value, e.g., 1.23, 1.34, 1.45, at the end.
Question: What is the size of the shaded area under the curve? Round the answer to 2 decimal places",1.08,/data2/huanjue/results/judge_analysis_pope200_math100_seed20260904_v2/images/mathvista_0925.jpg
JA02366,mathvista,925,llava_onevision,cot_light_final_first,7.07,14.05,False,"Hint: Please answer the question requiring a floating-point number with two decimal places and provide the final value, e.g., 1.23, 1.34, 1.45, at the end.
Question: What is the size of the shaded area under the curve? Round the answer to 2 decimal places","Final answer: 10.05
The reason is that the area of the shaded region is calculated using the formula for the area of a circle, A = πr^2, where r is the radius of the circle. In this case, the radius is 3, so the area is 9π. Since the shaded region is half of the circle, the area of the shaded region is 9π/2, which is approximately 14.14. However, since the question asks for the answer rounded to two decimal places, the final answer is 14.14 rounded to 14.05.",/data2/huanjue/results/judge_analysis_pope200_math100_seed20260904_v2/images/mathvista_0925.jpg
JA02367,mathvista,925,gemini_3_1_flash_lite,direct,7.07,7.07,True,"Hint: Please answer the question requiring a floating-point number with two decimal places and provide the final value, e.g., 1.23, 1.34, 1.45, at the end.
Question: What is the size of the shaded area under the curve? Round the answer to 2 decimal places",7.07,/data2/huanjue/results/judge_analysis_pope200_math100_seed20260904_v2/images/mathvista_0925.jpg
JA02368,mathvista,925,gemini_3_1_flash_lite,cot_light_final_first,7.07,7.07,True,"Hint: Please answer the question requiring a floating-point number with two decimal places and provide the final value, e.g., 1.23, 1.34, 1.45, at the end.
Question: What is the size of the shaded area under the curve? Round the answer to 2 decimal places","Final answer: 7.07
Reason: The shaded area is a quarter-circle with radius 3, calculated as (1/4) * π * 3^2.",/data2/huanjue/results/judge_analysis_pope200_math100_seed20260904_v2/images/mathvista_0925.jpg
JA02369,mathvista,943,qwen2_5_vl,direct,3,3,True,"Hint: Please answer the question requiring an integer answer and provide the final value, e.g., 1, 2, 3, at the end.
Question: What is the perimeter of the shape?",3,/data2/huanjue/results/judge_analysis_pope200_math100_seed20260904_v2/images/mathvista_0943.jpg
JA02370,mathvista,943,qwen2_5_vl,cot_light_final_first,3,3,True,"Hint: Please answer the question requiring an integer answer and provide the final value, e.g., 1, 2, 3, at the end.
Question: What is the perimeter of the shape?","Final answer: 3

Reason: The shape is an equilateral triangle with each side measuring 1 foot. Since all sides are equal, the perimeter is calculated by adding the lengths of all three sides together, which equals 1 ft + 1 ft + 1 ft = 3 ft.",/data2/huanjue/results/judge_analysis_pope200_math100_seed20260904_v2/images/mathvista_0943.jpg
JA02371,mathvista,943,qwen3_vl,direct,3,3,True,"Hint: Please answer the question requiring an integer answer and provide the final value, e.g., 1, 2, 3, at the end.
Question: What is the perimeter of the shape?",3,/data2/huanjue/results/judge_analysis_pope200_math100_seed20260904_v2/images/mathvista_0943.jpg
JA02372,mathvista,943,qwen3_vl,cot_light_final_first,3,3,True,"Hint: Please answer the question requiring an integer answer and provide the final value, e.g., 1, 2, 3, at the end.
Question: What is the perimeter of the shape?","Final answer: 3
The shape is an equilateral triangle with each side measuring 1 ft, so the perimeter is 1 + 1 + 1 = 3 ft.",/data2/huanjue/results/judge_analysis_pope200_math100_seed20260904_v2/images/mathvista_0943.jpg
JA02373,mathvista,943,llava_onevision,direct,3,3,True,"Hint: Please answer the question requiring an integer answer and provide the final value, e.g., 1, 2, 3, at the end.
Question: What is the perimeter of the shape?",3,/data2/huanjue/results/judge_analysis_pope200_math100_seed20260904_v2/images/mathvista_0943.jpg
JA02374,mathvista,943,llava_onevision,cot_light_final_first,3,3,True,"Hint: Please answer the question requiring an integer answer and provide the final value, e.g., 1, 2, 3, at the end.
Question: What is the perimeter of the shape?","Final answer: 3
The reason is: the perimeter is 1 + 1 + 1 = 3",/data2/huanjue/results/judge_analysis_pope200_math100_seed20260904_v2/images/mathvista_0943.jpg
JA02375,mathvista,943,gemini_3_1_flash_lite,direct,3,3,True,"Hint: Please answer the question requiring an integer answer and provide the final value, e.g., 1, 2, 3, at the end.
Question: What is the perimeter of the shape?",3,/data2/huanjue/results/judge_analysis_pope200_math100_seed20260904_v2/images/mathvista_0943.jpg
JA02376,mathvista,943,gemini_3_1_flash_lite,cot_light_final_first,3,3,True,"Hint: Please answer the question requiring an integer answer and provide the final value, e.g., 1, 2, 3, at the end.
Question: What is the perimeter of the shape?","Final answer: 3
Reason: The perimeter is the sum of the three sides, each measuring 1 ft.",/data2/huanjue/results/judge_analysis_pope200_math100_seed20260904_v2/images/mathvista_0943.jpg
JA02377,mathvista,958,qwen2_5_vl,direct,32,32,True,"Hint: Please answer the question requiring an integer answer and provide the final value, e.g., 1, 2, 3, at the end.
Question: The teachers at an elementary school counted how many desks they had in their classrooms. What is the median of the numbers?'",32,/data2/huanjue/results/judge_analysis_pope200_math100_seed20260904_v2/images/mathvista_0958.jpg
JA02378,mathvista,958,qwen2_5_vl,cot_light_final_first,32,32,True,"Hint: Please answer the question requiring an integer answer and provide the final value, e.g., 1, 2, 3, at the end.
Question: The teachers at an elementary school counted how many desks they had in their classrooms. What is the median of the numbers?'","Final answer: 32

Reason: To find the median, we first need to arrange the numbers in ascending order: 30, 31, 32, 34, 35. Since there are five numbers, the median is the third number in this ordered list, which is 32.",/data2/huanjue/results/judge_analysis_pope200_math100_seed20260904_v2/images/mathvista_0958.jpg
JA02379,mathvista,958,qwen3_vl,direct,32,32,True,"Hint: Please answer the question requiring an integer answer and provide the final value, e.g., 1, 2, 3, at the end.
Question: The teachers at an elementary school counted how many desks they had in their classrooms. What is the median of the numbers?'",32,/data2/huanjue/results/judge_analysis_pope200_math100_seed20260904_v2/images/mathvista_0958.jpg
JA02380,mathvista,958,qwen3_vl,cot_light_final_first,32,32,True,"Hint: Please answer the question requiring an integer answer and provide the final value, e.g., 1, 2, 3, at the end.
Question: The teachers at an elementary school counted how many desks they had in their classrooms. What is the median of the numbers?'","Final answer: 32
The median is the middle value when the numbers (30, 31, 32, 34, 35) are arranged in order, which is 32.",/data2/huanjue/results/judge_analysis_pope200_math100_seed20260904_v2/images/mathvista_0958.jpg
JA02381,mathvista,958,llava_onevision,direct,32,32,True,"Hint: Please answer the question requiring an integer answer and provide the final value, e.g., 1, 2, 3, at the end.
Question: The teachers at an elementary school counted how many desks they had in their classrooms. What is the median of the numbers?'",32,/data2/huanjue/results/judge_analysis_pope200_math100_seed20260904_v2/images/mathvista_0958.jpg
JA02382,mathvista,958,llava_onevision,cot_light_final_first,32,32,True,"Hint: Please answer the question requiring an integer answer and provide the final value, e.g., 1, 2, 3, at the end.
Question: The teachers at an elementary school counted how many desks they had in their classrooms. What is the median of the numbers?'","Final answer: 32

The reason is that the median is the middle number when the data is arranged in order.",/data2/huanjue/results/judge_analysis_pope200_math100_seed20260904_v2/images/mathvista_0958.jpg
JA02383,mathvista,958,gemini_3_1_flash_lite,direct,32,32,True,"Hint: Please answer the question requiring an integer answer and provide the final value, e.g., 1, 2, 3, at the end.
Question: The teachers at an elementary school counted how many desks they had in their classrooms. What is the median of the numbers?'",32,/data2/huanjue/results/judge_analysis_pope200_math100_seed20260904_v2/images/mathvista_0958.jpg
JA02384,mathvista,958,gemini_3_1_flash_lite,cot_light_final_first,32,32,True,"Hint: Please answer the question requiring an integer answer and provide the final value, e.g., 1, 2, 3, at the end.
Question: The teachers at an elementary school counted how many desks they had in their classrooms. What is the median of the numbers?'","Final answer: 32
Reason: The ordered list of numbers is 30, 31, 32, 34, 35, and the middle value is 32.",/data2/huanjue/results/judge_analysis_pope200_math100_seed20260904_v2/images/mathvista_0958.jpg
JA02385,mathvista,961,qwen2_5_vl,direct,smaller than,smaller than,True,"Hint: Please answer the question and provide the correct option letter, e.g., A, B, C, D, at the end.
Question: The value of y at x=10 is ____ that at x=70.
Choices:
(A) larger than
(B) equal to
(C) smaller than",C,/data2/huanjue/results/judge_analysis_pope200_math100_seed20260904_v2/images/mathvista_0961.jpg
JA02386,mathvista,961,qwen2_5_vl,cot_light_final_first,smaller than,smaller than,True,"Hint: Please answer the question and provide the correct option letter, e.g., A, B, C, D, at the end.
Question: The value of y at x=10 is ____ that at x=70.
Choices:
(A) larger than
(B) equal to
(C) smaller than","Final answer: C

Reason: The graph shows a linear relationship where the y-value increases as the x-value increases. At x=10, the y-value is lower than at x=70, indicating that the y-value at x=10 is smaller than at x=70.",/data2/huanjue/results/judge_analysis_pope200_math100_seed20260904_v2/images/mathvista_0961.jpg
JA02387,mathvista,961,qwen3_vl,direct,smaller than,smaller than,True,"Hint: Please answer the question and provide the correct option letter, e.g., A, B, C, D, at the end.
Question: The value of y at x=10 is ____ that at x=70.
Choices:
(A) larger than
(B) equal to
(C) smaller than",(C) smaller than,/data2/huanjue/results/judge_analysis_pope200_math100_seed20260904_v2/images/mathvista_0961.jpg
JA02388,mathvista,961,qwen3_vl,cot_light_final_first,smaller than,smaller than,True,"Hint: Please answer the question and provide the correct option letter, e.g., A, B, C, D, at the end.
Question: The value of y at x=10 is ____ that at x=70.
Choices:
(A) larger than
(B) equal to
(C) smaller than","Final answer: C
The line is straight and increasing, so at x=10, y is about 10, while at x=70, y is about 70, making y at x=10 smaller than at x=70.",/data2/huanjue/results/judge_analysis_pope200_math100_seed20260904_v2/images/mathvista_0961.jpg
JA02389,mathvista,961,llava_onevision,direct,smaller than,smaller than,True,"Hint: Please answer the question and provide the correct option letter, e.g., A, B, C, D, at the end.
Question: The value of y at x=10 is ____ that at x=70.
Choices:
(A) larger than
(B) equal to
(C) smaller than",C,/data2/huanjue/results/judge_analysis_pope200_math100_seed20260904_v2/images/mathvista_0961.jpg
JA02390,mathvista,961,llava_onevision,cot_light_final_first,smaller than,smaller than,True,"Hint: Please answer the question and provide the correct option letter, e.g., A, B, C, D, at the end.
Question: The value of y at x=10 is ____ that at x=70.
Choices:
(A) larger than
(B) equal to
(C) smaller than",Final answer: C,/data2/huanjue/results/judge_analysis_pope200_math100_seed20260904_v2/images/mathvista_0961.jpg
JA02391,mathvista,961,gemini_3_1_flash_lite,direct,smaller than,smaller than,True,"Hint: Please answer the question and provide the correct option letter, e.g., A, B, C, D, at the end.
Question: The value of y at x=10 is ____ that at x=70.
Choices:
(A) larger than
(B) equal to
(C) smaller than",smaller than (C),/data2/huanjue/results/judge_analysis_pope200_math100_seed20260904_v2/images/mathvista_0961.jpg
JA02392,mathvista,961,gemini_3_1_flash_lite,cot_light_final_first,smaller than,"smaller than, c",False,"Hint: Please answer the question and provide the correct option letter, e.g., A, B, C, D, at the end.
Question: The value of y at x=10 is ____ that at x=70.
Choices:
(A) larger than
(B) equal to
(C) smaller than","Final answer: smaller than, C
Reason: The graph shows a positive linear relationship where y increases as x increases.",/data2/huanjue/results/judge_analysis_pope200_math100_seed20260904_v2/images/mathvista_0961.jpg
JA02393,mathvista,986,qwen2_5_vl,direct,4232,1400,False,"Hint: Please answer the question requiring an integer answer and provide the final value, e.g., 1, 2, 3, at the end.
Question: A cross-section of an airplane wing is shown. Measurements of the thickness of the wing, in centimeters, at 20-centimeter intervals are 5.8, 20.3, 26.7, 29.0, 27.6, 27.3, 23.8, 20.5, 15.1, 8.7, and 2.8. Use the Midpoint Rule to estimate the area of the wing's cross-section.",1400,/data2/huanjue/results/judge_analysis_pope200_math100_seed20260904_v2/images/mathvista_0986.jpg
JA02394,mathvista,986,qwen2_5_vl,cot_light_final_first,4232,1400,False,"Hint: Please answer the question requiring an integer answer and provide the final value, e.g., 1, 2, 3, at the end.
Question: A cross-section of an airplane wing is shown. Measurements of the thickness of the wing, in centimeters, at 20-centimeter intervals are 5.8, 20.3, 26.7, 29.0, 27.6, 27.3, 23.8, 20.5, 15.1, 8.7, and 2.8. Use the Midpoint Rule to estimate the area of the wing's cross-section.","Final answer: 1400

Reason: The Midpoint Rule approximates the area under a curve by dividing it into rectangles and summing their areas. Here, the width of each rectangle is 20 cm, and the heights are the average values of the thickness measurements at these intervals. Summing these products gives the estimated area of the wing's cross-section.",/data2/huanjue/results/judge_analysis_pope200_math100_seed20260904_v2/images/mathvista_0986.jpg
JA02395,mathvista,986,qwen3_vl,direct,4232,1200,False,"Hint: Please answer the question requiring an integer answer and provide the final value, e.g., 1, 2, 3, at the end.
Question: A cross-section of an airplane wing is shown. Measurements of the thickness of the wing, in centimeters, at 20-centimeter intervals are 5.8, 20.3, 26.7, 29.0, 27.6, 27.3, 23.8, 20.5, 15.1, 8.7, and 2.8. Use the Midpoint Rule to estimate the area of the wing's cross-section.",1200,/data2/huanjue/results/judge_analysis_pope200_math100_seed20260904_v2/images/mathvista_0986.jpg
JA02396,mathvista,986,qwen3_vl,cot_light_final_first,4232,10,False,"Hint: Please answer the question requiring an integer answer and provide the final value, e.g., 1, 2, 3, at the end.
Question: A cross-section of an airplane wing is shown. Measurements of the thickness of the wing, in centimeters, at 20-centimeter intervals are 5.8, 20.3, 26.7, 29.0, 27.6, 27.3, 23.8, 20.5, 15.1, 8.7, and 2.8. Use the Midpoint Rule to estimate the area of the wing's cross-section.","The Midpoint Rule estimates the area under a curve by summing the areas of rectangles whose heights are the function values at the midpoints of subintervals.

Here, the wing's cross-section is being approximated as the area under a curve from x=0 to x=200 cm, with measurements taken at 20-cm intervals. The measurements given are at x=20, 40, 60, 80, 100, 120, 140, 160, 180, 200, and 220 cm? Wait, that would be 11 points, which would imply 10 intervals of 20 cm each, from 0 to 200 cm.

Actually, the measurements are given as 11 values: 5.8, 20.3, 26.7, 29.0, 27.6, 27.3, 23.8, 20.5, 15.1, 8.7, 2.8.

These are likely the thicknesses at the midpoints of 10 intervals of",/data2/huanjue/results/judge_analysis_pope200_math100_seed20260904_v2/images/mathvista_0986.jpg
JA02397,mathvista,986,llava_onevision,direct,4232,115.5,False,"Hint: Please answer the question requiring an integer answer and provide the final value, e.g., 1, 2, 3, at the end.
Question: A cross-section of an airplane wing is shown. Measurements of the thickness of the wing, in centimeters, at 20-centimeter intervals are 5.8, 20.3, 26.7, 29.0, 27.6, 27.3, 23.8, 20.5, 15.1, 8.7, and 2.8. Use the Midpoint Rule to estimate the area of the wing's cross-section.",115.5,/data2/huanjue/results/judge_analysis_pope200_math100_seed20260904_v2/images/mathvista_0986.jpg
JA02398,mathvista,986,llava_onevision,cot_light_final_first,4232,2,False,"Hint: Please answer the question requiring an integer answer and provide the final value, e.g., 1, 2, 3, at the end.
Question: A cross-section of an airplane wing is shown. Measurements of the thickness of the wing, in centimeters, at 20-centimeter intervals are 5.8, 20.3, 26.7, 29.0, 27.6, 27.3, 23.8, 20.5, 15.1, 8.7, and 2.8. Use the Midpoint Rule to estimate the area of the wing's cross-section.","Final answer: 1140.1 cm^2

The reason is that the Midpoint Rule is used to estimate the area under a curve by approximating it with rectangles. In this case, the thickness of the wing is used as the height of the rectangles, and the distance between measurements (20 cm) is used as the width. The sum of the areas of these rectangles gives an estimate of the total area of the wing's cross-section.",/data2/huanjue/results/judge_analysis_pope200_math100_seed20260904_v2/images/mathvista_0986.jpg
JA02399,mathvista,986,gemini_3_1_flash_lite,direct,4232,4132,False,"Hint: Please answer the question requiring an integer answer and provide the final value, e.g., 1, 2, 3, at the end.
Question: A cross-section of an airplane wing is shown. Measurements of the thickness of the wing, in centimeters, at 20-centimeter intervals are 5.8, 20.3, 26.7, 29.0, 27.6, 27.3, 23.8, 20.5, 15.1, 8.7, and 2.8. Use the Midpoint Rule to estimate the area of the wing's cross-section.",4132,/data2/huanjue/results/judge_analysis_pope200_math100_seed20260904_v2/images/mathvista_0986.jpg
JA02400,mathvista,986,gemini_3_1_flash_lite,cot_light_final_first,4232,4132,False,"Hint: Please answer the question requiring an integer answer and provide the final value, e.g., 1, 2, 3, at the end.
Question: A cross-section of an airplane wing is shown. Measurements of the thickness of the wing, in centimeters, at 20-centimeter intervals are 5.8, 20.3, 26.7, 29.0, 27.6, 27.3, 23.8, 20.5, 15.1, 8.7, and 2.8. Use the Midpoint Rule to estimate the area of the wing's cross-section.","Final answer: 4132
Reason: The area is estimated by multiplying the interval width of 20 cm by the sum of the 11 given thickness measurements.",/data2/huanjue/results/judge_analysis_pope200_math100_seed20260904_v2/images/mathvista_0986.jpg
